order_id,date,category,region,channel,payment_method,quantity,unit_price,customer_age,rating,total_amount
6024,2024-01-01,Vêtements,Sfax,En ligne,Espèces,1,49.34,34,3.8,49.34
6356,2024-01-01,Beauté,Sfax,En ligne,Carte bancaire,6,50.46,38,4.0,302.76
6553,2024-01-01,Sport,Bizerte,En ligne,Carte bancaire,7,118.27,46,3.3,827.89
1029,2024-01-01,Alimentation,Sousse,En ligne,Espèces,1,23.19,46,3.4,23.19
2071,2024-01-01,Électronique,Sousse,Magasin,Espèces,7,391.93,46,3.8,2743.51
992,2024-01-01,Jouets,Tunis,Magasin,Paiement mobile,1,38.24,67,4.9,38.24
6031,2024-01-01,Électronique,Tunis,Magasin,Virement,4,283.3,26,3.5,1133.2
3276,2024-01-01,Alimentation,Sousse,Magasin,Carte bancaire,7,15.29,55,4.6,107.03
3072,2024-01-01,Meubles,Sousse,Magasin,Paiement mobile,2,322.98,31,3.1,645.96
1988,2024-01-01,Vêtements,Sousse,En ligne,Paiement mobile,2,48.27,37,4.4,96.54
4192,2024-01-01,Électronique,Sfax,En ligne,Carte bancaire,3,544.54,62,4.9,1633.62
6605,2024-01-01,Beauté,Tunis,En ligne,Carte bancaire,2,48.19,51,3.9,96.38
6853,2024-01-01,Vêtements,Nabeul,Magasin,Virement,1,88.8,37,2.3,88.8
849,2024-01-01,Électronique,Sousse,En ligne,Carte bancaire,3,396.93,53,2.8,1190.79
7654,2024-01-01,Électronique,Sfax,En ligne,Espèces,7,569.08,57,5.0,3983.56
6184,2024-01-01,Vêtements,Nabeul,En ligne,Carte bancaire,6,73.51,38,4.1,441.06
5185,2024-01-01,Électronique,Sfax,Magasin,Carte bancaire,1,380.25,29,3.6,380.25
756,2024-01-01,Vêtements,Sousse,En ligne,Paiement mobile,2,79.57,67,5.0,159.14
649,2024-01-01,Électronique,Sousse,En ligne,Virement,7,465.29,36,5.0,3257.03
6667,2024-01-01,Sport,Sfax,En ligne,Paiement mobile,3,88.24,26,4.6,264.72
7394,2024-01-01,Meubles,Nabeul,En ligne,Virement,1,186.0,69,3.4,186.0
1165,2024-01-01,Jouets,Tunis,Magasin,Carte bancaire,7,38.44,42,4.5,269.08
678,2024-01-01,Vêtements,Kairouan,Magasin,Espèces,5,62.45,30,4.0,312.25
3581,2024-01-01,Électronique,Kairouan,En ligne,Carte bancaire,2,345.85,33,4.4,691.7
447,2024-01-01,Alimentation,Sousse,En ligne,Espèces,3,28.54,27,5.0,85.62
2011,2024-01-01,Électronique,Nabeul,Magasin,Carte bancaire,3,502.66,51,3.8,1507.98
2911,2024-01-02,Électronique,Tunis,En ligne,Espèces,4,602.09,58,3.2,2408.36
64,2024-01-02,Vêtements,Nabeul,Magasin,Carte bancaire,5,89.94,59,4.0,449.7
5357,2024-01-02,Sport,Tunis,Magasin,Carte bancaire,7,98.4,28,4.8,688.8
264,2024-01-02,Meubles,Sfax,En ligne,Espèces,1,460.24,31,5.0,460.24
5155,2024-01-02,Jouets,Gabès,Magasin,Carte bancaire,4,22.33,26,3.0,89.32
4324,2024-01-02,Meubles,Sousse,En ligne,Carte bancaire,2,234.33,19,4.1,468.66
3153,2024-01-02,Alimentation,Nabeul,En ligne,Carte bancaire,3,15.48,65,3.4,46.44
7835,2024-01-02,Beauté,Sfax,En ligne,Espèces,7,53.43,20,3.4,374.01
1824,2024-01-02,Électronique,Nabeul,En ligne,Virement,2,572.58,19,3.4,1145.16
7014,2024-01-02,Alimentation,Sfax,Magasin,Carte bancaire,6,25.47,48,4.4,152.82
207,2024-01-02,Vêtements,Tunis,En ligne,Virement,6,90.82,46,4.1,544.92
4250,2024-01-02,Vêtements,Tunis,Magasin,Paiement mobile,3,56.21,18,3.7,168.63
6794,2024-01-02,Alimentation,Sousse,En ligne,Carte bancaire,2,27.48,35,2.2,54.96
1949,2024-01-02,Sport,Tunis,En ligne,Paiement mobile,5,51.54,61,4.4,257.7
2174,2024-01-02,Alimentation,Tunis,En ligne,Espèces,6,15.64,23,3.6,93.84
4759,2024-01-02,Vêtements,Tunis,Magasin,Carte bancaire,1,62.65,47,3.8,62.65
7134,2024-01-02,Meubles,Sousse,En ligne,Carte bancaire,5,211.08,62,4.6,1055.4
3331,2024-01-02,Jouets,Nabeul,Magasin,Carte bancaire,4,32.58,58,4.0,130.32
1290,2024-01-02,Vêtements,Sousse,En ligne,Carte bancaire,6,89.03,47,2.5,534.18
1519,2024-01-03,Vêtements,Sfax,En ligne,Espèces,2,84.3,20,2.9,168.6
6846,2024-01-03,Vêtements,Gabès,En ligne,Paiement mobile,1,93.06,30,4.5,93.06
7688,2024-01-03,Jouets,Kairouan,En ligne,Espèces,7,33.09,63,5.0,231.63
4132,2024-01-03,Meubles,Sfax,En ligne,Espèces,4,435.84,63,3.7,1743.36
3931,2024-01-03,Électronique,Tunis,En ligne,Carte bancaire,1,660.51,41,2.5,660.51
5525,2024-01-03,Vêtements,Nabeul,En ligne,Carte bancaire,7,63.99,30,2.5,447.93
4846,2024-01-03,Vêtements,Sousse,Magasin,Carte bancaire,6,48.01,47,2.9,288.06
896,2024-01-03,Vêtements,Nabeul,Magasin,Carte bancaire,7,90.73,31,4.0,635.11
7870,2024-01-03,Jouets,Sousse,En ligne,Carte bancaire,2,42.86,18,3.8,85.72
2732,2024-01-03,Jouets,Gabès,Magasin,Paiement mobile,7,29.58,50,4.2,207.06
3770,2024-01-03,Électronique,Nabeul,Magasin,Virement,3,412.87,19,3.2,1238.61
2125,2024-01-03,Beauté,Bizerte,En ligne,Espèces,3,44.49,31,4.0,133.47
2658,2024-01-03,Sport,Sousse,En ligne,Paiement mobile,5,73.04,67,4.2,365.2
4490,2024-01-03,Électronique,Tunis,Magasin,Carte bancaire,6,549.57,33,3.8,3297.42
2322,2024-01-03,Alimentation,Tunis,En ligne,Paiement mobile,5,18.46,43,3.0,92.3
2678,2024-01-03,Électronique,Nabeul,En ligne,Carte bancaire,5,686.78,40,3.9,3433.9
6570,2024-01-03,Vêtements,Bizerte,En ligne,Virement,2,59.95,29,3.9,119.9
1578,2024-01-03,Vêtements,Sousse,En ligne,Virement,1,59.34,68,3.7,59.34
4206,2024-01-03,Vêtements,Sousse,Magasin,Carte bancaire,6,74.28,51,3.5,445.68
4688,2024-01-03,Alimentation,Sousse,En ligne,Paiement mobile,4,18.87,49,3.5,75.48
1865,2024-01-03,Vêtements,Sfax,En ligne,Carte bancaire,7,95.48,43,3.6,668.36
497,2024-01-04,Électronique,Sousse,En ligne,Espèces,5,381.4,20,5.0,1907.0
6027,2024-01-04,Vêtements,Sfax,Magasin,Carte bancaire,6,86.13,56,5.0,516.78
3867,2024-01-04,Beauté,Sousse,En ligne,Virement,1,25.92,35,2.7,25.92
326,2024-01-04,Alimentation,Gabès,Magasin,Carte bancaire,7,19.94,19,3.2,139.58
5497,2024-01-04,Jouets,Sfax,Magasin,Espèces,5,45.46,18,3.5,227.3
3078,2024-01-04,Alimentation,Tunis,En ligne,Espèces,4,18.41,51,4.7,73.64
4105,2024-01-04,Beauté,Kairouan,Magasin,Espèces,2,54.53,33,2.9,109.06
2729,2024-01-04,Sport,Sfax,Magasin,Paiement mobile,4,89.87,45,4.7,359.48
5014,2024-01-04,Alimentation,Kairouan,Magasin,Carte bancaire,3,27.54,38,4.4,82.62
7366,2024-01-04,Jouets,Sfax,En ligne,Carte bancaire,4,55.05,49,4.1,220.2
7639,2024-01-04,Électronique,Sousse,Magasin,Carte bancaire,6,533.65,58,2.3,3201.9
1329,2024-01-04,Vêtements,Nabeul,Magasin,Virement,7,68.76,26,3.6,481.32
969,2024-01-04,Jouets,Gabès,Magasin,Paiement mobile,5,36.53,23,3.3,182.65
7113,2024-01-04,Vêtements,Sousse,En ligne,Paiement mobile,5,68.46,43,3.4,342.3
5707,2024-01-04,Électronique,Bizerte,Magasin,Espèces,7,531.8,19,3.4,3722.6
1724,2024-01-04,Meubles,Tunis,En ligne,Carte bancaire,1,245.34,49,4.5,245.34
1487,2024-01-04,Alimentation,Gabès,Magasin,Virement,5,14.4,34,3.5,72.0
1912,2024-01-04,Sport,Sousse,Magasin,Paiement mobile,1,62.72,62,4.4,62.72
7715,2024-01-04,Alimentation,Sfax,En ligne,Espèces,2,14.79,59,4.2,29.58
949,2024-01-04,Alimentation,Sfax,En ligne,Carte bancaire,5,17.85,45,4.5,89.25
7701,2024-01-04,Meubles,Tunis,Magasin,Virement,4,224.79,20,4.1,899.16
6392,2024-01-04,Beauté,Sfax,Magasin,Carte bancaire,5,34.43,69,2.9,172.15
5424,2024-01-05,Vêtements,Bizerte,Magasin,Espèces,4,79.27,68,3.8,317.08
2052,2024-01-05,Électronique,Sousse,Magasin,Carte bancaire,1,697.46,57,3.8,697.46
1092,2024-01-05,Alimentation,Sfax,En ligne,Espèces,2,30.04,50,4.9,60.08
2282,2024-01-05,Vêtements,Nabeul,En ligne,Carte bancaire,3,58.81,66,3.3,176.43
3908,2024-01-05,Vêtements,Nabeul,En ligne,Carte bancaire,4,92.56,61,4.4,370.24
5344,2024-01-05,Sport,Bizerte,En ligne,Paiement mobile,7,115.79,69,3.7,810.53
2432,2024-01-05,Alimentation,Gabès,En ligne,Espèces,1,21.64,64,3.7,21.64
7521,2024-01-05,Alimentation,Tunis,En ligne,Espèces,1,18.03,26,3.5,18.03
3478,2024-01-05,Meubles,Bizerte,En ligne,Carte bancaire,2,292.33,51,4.2,584.66
721,2024-01-05,Jouets,Sfax,Magasin,Carte bancaire,4,24.34,50,2.9,97.36
7770,2024-01-05,Alimentation,Nabeul,En ligne,Espèces,1,15.0,36,3.6,15.0
4798,2024-01-05,Sport,Sfax,En ligne,Espèces,3,111.74,57,4.5,335.22
4271,2024-01-05,Alimentation,Kairouan,En ligne,Carte bancaire,1,18.21,32,3.7,18.21
614,2024-01-05,Sport,Kairouan,En ligne,Carte bancaire,2,84.4,63,3.6,168.8
7281,2024-01-05,Vêtements,Sfax,Magasin,Espèces,7,85.77,27,3.1,600.39
1045,2024-01-05,Vêtements,Sousse,En ligne,Carte bancaire,6,46.38,63,3.3,278.28
5666,2024-01-05,Sport,Tunis,Magasin,Virement,4,93.3,65,3.9,373.2
5286,2024-01-05,Vêtements,Bizerte,En ligne,Carte bancaire,5,42.88,45,3.3,214.4
7253,2024-01-05,Alimentation,Kairouan,En ligne,Carte bancaire,7,19.66,69,5.0,137.62
843,2024-01-05,Électronique,Nabeul,Magasin,Carte bancaire,7,557.32,36,3.8,3901.24
1562,2024-01-05,Électronique,Tunis,Magasin,Paiement mobile,4,401.76,36,4.0,1607.04
416,2024-01-05,Électronique,Tunis,Magasin,Espèces,3,393.87,38,3.6,1181.61
2910,2024-01-05,Vêtements,Sousse,En ligne,Carte bancaire,5,45.33,60,2.7,226.65
129,2024-01-05,Électronique,Nabeul,En ligne,Espèces,3,615.84,34,3.0,1847.52
3495,2024-01-05,Jouets,Nabeul,Magasin,Carte bancaire,6,54.35,52,3.4,326.1
2331,2024-01-05,Vêtements,Sfax,En ligne,Espèces,6,54.33,55,3.2,325.98
965,2024-01-06,Vêtements,Tunis,Magasin,Carte bancaire,1,54.78,32,3.2,54.78
6154,2024-01-06,Jouets,Sfax,En ligne,Espèces,1,22.04,63,4.1,22.04
5417,2024-01-06,Beauté,Bizerte,Magasin,Virement,2,51.3,51,3.7,102.6
335,2024-01-06,Vêtements,Bizerte,En ligne,Espèces,6,70.51,57,3.5,423.06
5109,2024-01-06,Vêtements,Nabeul,Magasin,Paiement mobile,5,52.05,27,3.8,260.25
4664,2024-01-06,Jouets,Sfax,Magasin,Carte bancaire,4,32.3,49,5.0,129.2
3932,2024-01-06,Alimentation,Nabeul,En ligne,Carte bancaire,5,15.27,61,3.2,76.35
4538,2024-01-06,Meubles,Gabès,Magasin,Carte bancaire,2,399.2,20,3.1,798.4
5508,2024-01-06,Électronique,Tunis,Magasin,Virement,5,369.01,43,4.3,1845.05
5232,2024-01-06,Meubles,Sousse,Magasin,Virement,3,256.12,68,2.5,768.36
935,2024-01-06,Vêtements,Sousse,Magasin,Carte bancaire,7,86.86,49,3.8,608.02
6221,2024-01-06,Électronique,Tunis,En ligne,Virement,1,272.87,31,4.4,272.87
6509,2024-01-06,Jouets,Tunis,En ligne,Carte bancaire,3,34.78,53,3.6,104.34
4309,2024-01-06,Électronique,Tunis,Magasin,Carte bancaire,6,491.3,61,4.6,2947.8
6858,2024-01-06,Vêtements,Nabeul,En ligne,Carte bancaire,7,54.41,56,4.2,380.87
742,2024-01-06,Sport,Bizerte,En ligne,Carte bancaire,7,96.45,60,4.5,675.15
5499,2024-01-06,Vêtements,Bizerte,En ligne,Carte bancaire,3,76.35,35,4.1,229.05
895,2024-01-07,Jouets,Sousse,En ligne,Virement,3,40.78,20,4.0,122.34
6488,2024-01-07,Jouets,Sfax,En ligne,Paiement mobile,7,43.99,21,3.8,307.93
3380,2024-01-07,Alimentation,Tunis,En ligne,Carte bancaire,7,12.43,62,3.5,87.01
4946,2024-01-07,Vêtements,Kairouan,Magasin,Carte bancaire,1,55.88,63,3.9,55.88
2468,2024-01-07,Beauté,Tunis,En ligne,Paiement mobile,2,60.24,50,4.5,120.48
7461,2024-01-07,Alimentation,Bizerte,Magasin,Virement,7,15.62,42,2.3,109.34
1278,2024-01-07,Électronique,Sousse,Magasin,Paiement mobile,4,443.71,39,3.9,1774.84
1651,2024-01-07,Vêtements,Kairouan,Magasin,Virement,1,68.85,67,3.5,68.85
4617,2024-01-07,Jouets,Tunis,Magasin,Espèces,4,38.94,65,4.1,155.76
606,2024-01-07,Alimentation,Sfax,Magasin,Carte bancaire,5,14.23,48,4.1,71.15
6013,2024-01-07,Beauté,Tunis,Magasin,Espèces,2,46.73,61,3.6,93.46
2863,2024-01-07,Vêtements,Gabès,Magasin,Virement,4,50.46,18,4.6,201.84
1715,2024-01-07,Meubles,Nabeul,En ligne,Paiement mobile,1,224.27,31,3.6,224.27
1463,2024-01-07,Électronique,Gabès,En ligne,Paiement mobile,7,319.35,48,4.4,2235.45
5976,2024-01-07,Vêtements,Sousse,En ligne,Carte bancaire,2,74.16,27,4.1,148.32
4373,2024-01-07,Alimentation,Nabeul,Magasin,Paiement mobile,7,23.57,18,5.0,164.99
4254,2024-01-07,Alimentation,Sfax,En ligne,Virement,2,14.41,44,2.6,28.82
1860,2024-01-07,Alimentation,Sfax,En ligne,Paiement mobile,7,25.81,66,4.1,180.67
2382,2024-01-07,Vêtements,Tunis,Magasin,Virement,5,94.34,52,4.9,471.7
6504,2024-01-07,Sport,Sfax,Magasin,Carte bancaire,6,105.01,52,4.9,630.06
3837,2024-01-07,Jouets,Sfax,En ligne,Paiement mobile,6,25.88,58,4.9,155.28
7851,2024-01-07,Meubles,Tunis,En ligne,Virement,5,320.07,26,3.7,1600.35
7698,2024-01-07,Sport,Gabès,En ligne,Paiement mobile,1,107.86,40,4.1,107.86
6551,2024-01-07,Sport,Sousse,Magasin,Paiement mobile,2,107.93,22,4.7,215.86
5607,2024-01-08,Alimentation,Sfax,En ligne,Paiement mobile,3,25.67,22,4.8,77.01
829,2024-01-08,Beauté,Bizerte,En ligne,Espèces,1,50.89,31,3.4,50.89
6036,2024-01-08,Électronique,Sfax,Magasin,Paiement mobile,1,695.03,64,2.0,695.03
3289,2024-01-08,Jouets,Bizerte,En ligne,Paiement mobile,7,25.71,61,4.4,179.97
876,2024-01-08,Vêtements,Bizerte,En ligne,Virement,2,62.42,48,3.2,124.84
2967,2024-01-08,Alimentation,Sfax,En ligne,Carte bancaire,4,17.12,22,4.1,68.48
4744,2024-01-08,Meubles,Gabès,En ligne,Carte bancaire,4,350.74,59,4.6,1402.96
5894,2024-01-08,Sport,Nabeul,Magasin,Carte bancaire,1,82.37,50,4.7,82.37
2544,2024-01-08,Alimentation,Sfax,En ligne,Carte bancaire,4,18.97,28,4.7,75.88
1942,2024-01-08,Vêtements,Bizerte,Magasin,Carte bancaire,7,53.78,65,5.0,376.46
3934,2024-01-08,Jouets,Bizerte,En ligne,Carte bancaire,2,54.15,39,3.4,108.3
2566,2024-01-08,Jouets,Tunis,En ligne,Carte bancaire,6,42.61,25,3.3,255.66
1765,2024-01-08,Meubles,Kairouan,En ligne,Carte bancaire,2,284.96,61,4.8,569.92
3978,2024-01-08,Vêtements,Bizerte,Magasin,Virement,5,55.86,55,3.1,279.3
3182,2024-01-08,Vêtements,Sfax,En ligne,Virement,3,41.62,27,2.9,124.86
2990,2024-01-08,Alimentation,Nabeul,Magasin,Virement,4,23.92,22,3.7,95.68
3981,2024-01-08,Jouets,Kairouan,En ligne,Espèces,7,36.83,59,4.4,257.81
7135,2024-01-08,Alimentation,Gabès,Magasin,Carte bancaire,5,30.06,49,4.9,150.3
6161,2024-01-08,Vêtements,Sousse,En ligne,Carte bancaire,7,43.55,59,3.4,304.85
688,2024-01-08,Meubles,Gabès,En ligne,Paiement mobile,2,422.31,44,4.7,844.62
4936,2024-01-08,Alimentation,Nabeul,En ligne,Espèces,7,31.89,66,3.8,223.23
3476,2024-01-08,Alimentation,Sfax,En ligne,Carte bancaire,6,19.72,68,3.2,118.32
7144,2024-01-08,Vêtements,Kairouan,En ligne,Carte bancaire,4,76.39,38,4.5,305.56
2045,2024-01-08,Jouets,Sousse,Magasin,Espèces,2,38.54,43,3.6,77.08
5393,2024-01-08,Jouets,Sousse,Magasin,Carte bancaire,7,55.05,53,3.7,385.35
1251,2024-01-08,Vêtements,Bizerte,Magasin,Espèces,1,53.52,49,4.0,53.52
6420,2024-01-08,Beauté,Tunis,En ligne,Virement,2,51.69,48,2.8,103.38
6395,2024-01-09,Électronique,Gabès,En ligne,Espèces,5,563.17,65,3.7,2815.85
6424,2024-01-09,Meubles,Gabès,Magasin,Paiement mobile,4,380.8,42,4.3,1523.2
602,2024-01-09,Sport,Bizerte,Magasin,Carte bancaire,4,111.97,30,3.3,447.88
1568,2024-01-09,Alimentation,Bizerte,En ligne,Espèces,6,31.43,65,4.8,188.58
1844,2024-01-09,Beauté,Tunis,En ligne,Carte bancaire,1,41.04,52,5.0,41.04
4167,2024-01-09,Sport,Sfax,En ligne,Carte bancaire,6,100.96,67,5.0,605.76
7084,2024-01-09,Électronique,Tunis,En ligne,Paiement mobile,6,414.56,34,3.5,2487.36
2204,2024-01-09,Sport,Sfax,Magasin,Carte bancaire,4,74.12,38,4.2,296.48
7374,2024-01-09,Électronique,Sousse,En ligne,Paiement mobile,5,327.84,42,5.0,1639.2
98,2024-01-09,Vêtements,Tunis,Magasin,Paiement mobile,6,81.81,27,4.3,490.86
1320,2024-01-09,Vêtements,Bizerte,Magasin,Carte bancaire,6,89.26,44,4.3,535.56
7328,2024-01-09,Alimentation,Nabeul,Magasin,Paiement mobile,2,18.3,32,4.3,36.6
1598,2024-01-09,Beauté,Nabeul,Magasin,Espèces,2,36.68,50,3.9,73.36
1784,2024-01-09,Électronique,Nabeul,Magasin,Carte bancaire,2,674.43,63,3.2,1348.86
6721,2024-01-09,Sport,Nabeul,En ligne,Espèces,1,93.31,40,4.1,93.31
270,2024-01-09,Vêtements,Tunis,En ligne,Paiement mobile,4,60.95,26,4.2,243.8
5662,2024-01-09,Meubles,Tunis,En ligne,Paiement mobile,1,427.66,56,2.9,427.66
6173,2024-01-09,Vêtements,Sfax,En ligne,Virement,2,47.27,22,5.0,94.54
6795,2024-01-10,Alimentation,Nabeul,Magasin,Virement,1,13.49,31,3.4,13.49
7613,2024-01-10,Alimentation,Sfax,Magasin,Virement,4,23.64,56,3.9,94.56
5770,2024-01-10,Électronique,Sousse,En ligne,Carte bancaire,4,655.08,27,3.3,2620.32
6506,2024-01-10,Alimentation,Nabeul,En ligne,Carte bancaire,2,29.7,60,4.6,59.4
7473,2024-01-10,Alimentation,Kairouan,Magasin,Paiement mobile,5,17.48,43,4.5,87.4
3652,2024-01-10,Alimentation,Sfax,En ligne,Paiement mobile,4,27.35,64,3.9,109.4
7365,2024-01-10,Alimentation,Sfax,Magasin,Espèces,7,26.33,62,4.2,184.31
2602,2024-01-10,Vêtements,Nabeul,En ligne,Espèces,4,55.48,26,3.5,221.92
7106,2024-01-10,Jouets,Nabeul,En ligne,Carte bancaire,2,51.31,67,3.3,102.62
7141,2024-01-10,Jouets,Tunis,En ligne,Espèces,7,38.15,42,4.8,267.05
4016,2024-01-10,Alimentation,Kairouan,En ligne,Carte bancaire,2,22.86,69,4.3,45.72
715,2024-01-10,Sport,Sousse,En ligne,Espèces,6,124.08,56,4.3,744.48
2206,2024-01-10,Vêtements,Sfax,En ligne,Paiement mobile,2,59.54,64,3.2,119.08
6860,2024-01-10,Beauté,Tunis,En ligne,Espèces,2,53.97,56,3.8,107.94
1973,2024-01-10,Alimentation,Gabès,Magasin,Virement,4,24.5,61,3.9,98.0
6384,2024-01-10,Vêtements,Sousse,En ligne,Carte bancaire,3,66.2,20,4.2,198.6
5282,2024-01-10,Alimentation,Kairouan,En ligne,Carte bancaire,6,27.25,30,2.7,163.5
7906,2024-01-10,Alimentation,Tunis,En ligne,Carte bancaire,7,18.01,27,5.0,126.07
485,2024-01-10,Alimentation,Gabès,Magasin,Carte bancaire,1,29.74,69,3.8,29.74
2684,2024-01-10,Meubles,Gabès,En ligne,Virement,7,290.91,45,4.4,2036.37
2525,2024-01-10,Sport,Sousse,Magasin,Paiement mobile,3,62.47,53,5.0,187.41
1091,2024-01-10,Sport,Bizerte,En ligne,Paiement mobile,5,121.64,65,3.4,608.2
4169,2024-01-10,Beauté,Sousse,Magasin,Paiement mobile,5,34.96,62,3.6,174.8
1004,2024-01-10,Jouets,Sousse,Magasin,Espèces,4,37.95,67,3.5,151.8
7077,2024-01-11,Alimentation,Bizerte,Magasin,Espèces,7,17.4,50,3.6,121.8
5022,2024-01-11,Jouets,Sousse,En ligne,Espèces,3,47.7,56,1.4,143.1
1802,2024-01-11,Beauté,Gabès,Magasin,Espèces,6,31.59,35,5.0,189.54
6117,2024-01-11,Beauté,Sousse,En ligne,Paiement mobile,1,41.04,50,3.2,41.04
4578,2024-01-11,Meubles,Nabeul,En ligne,Virement,3,187.65,58,4.2,562.95
7873,2024-01-11,Électronique,Bizerte,En ligne,Carte bancaire,6,559.42,65,3.9,3356.52
7302,2024-01-11,Jouets,Nabeul,Magasin,Espèces,6,26.06,60,3.4,156.36
3726,2024-01-11,Électronique,Bizerte,En ligne,Paiement mobile,5,390.47,35,4.2,1952.35
3943,2024-01-11,Électronique,Bizerte,En ligne,Carte bancaire,1,637.06,35,4.6,637.06
1293,2024-01-11,Jouets,Gabès,Magasin,Virement,5,43.02,51,2.5,215.1
5978,2024-01-11,Électronique,Sfax,Magasin,Carte bancaire,5,475.34,55,5.0,2376.7
4976,2024-01-11,Meubles,Kairouan,Magasin,Carte bancaire,2,434.58,66,2.9,869.16
1380,2024-01-11,Sport,Sousse,En ligne,Carte bancaire,1,120.27,44,3.8,120.27
2601,2024-01-11,Électronique,Nabeul,En ligne,Carte bancaire,7,276.45,59,3.8,1935.15
2241,2024-01-11,Sport,Gabès,Magasin,Carte bancaire,2,82.21,53,4.4,164.42
1123,2024-01-11,Vêtements,Tunis,En ligne,Carte bancaire,5,80.16,22,5.0,400.8
5942,2024-01-11,Électronique,Tunis,En ligne,Virement,4,527.74,63,3.5,2110.96
7772,2024-01-11,Électronique,Tunis,Magasin,Carte bancaire,2,356.19,53,4.5,712.38
5563,2024-01-11,Alimentation,Sousse,Magasin,Paiement mobile,5,29.95,60,3.5,149.75
1539,2024-01-11,Jouets,Sfax,En ligne,Paiement mobile,2,49.81,42,3.8,99.62
1424,2024-01-12,Alimentation,Sfax,Magasin,Carte bancaire,7,15.38,29,5.0,107.66
7329,2024-01-12,Sport,Bizerte,Magasin,Paiement mobile,2,48.69,18,3.9,97.38
1701,2024-01-12,Meubles,Bizerte,En ligne,Paiement mobile,5,339.59,39,3.3,1697.95
3499,2024-01-12,Meubles,Nabeul,En ligne,Paiement mobile,3,394.45,21,4.1,1183.35
2413,2024-01-12,Sport,Tunis,En ligne,Paiement mobile,1,68.54,48,3.3,68.54
4264,2024-01-12,Sport,Tunis,En ligne,Espèces,2,121.38,54,3.9,242.76
852,2024-01-12,Alimentation,Sousse,En ligne,Paiement mobile,2,31.18,29,4.4,62.36
1873,2024-01-12,Sport,Tunis,Magasin,Paiement mobile,1,69.49,60,2.6,69.49
5599,2024-01-12,Électronique,Gabès,En ligne,Paiement mobile,7,592.26,43,4.0,4145.82
3000,2024-01-12,Alimentation,Tunis,Magasin,Carte bancaire,5,24.33,52,3.9,121.65
2696,2024-01-12,Beauté,Kairouan,Magasin,Espèces,1,50.63,65,2.7,50.63
3841,2024-01-12,Alimentation,Kairouan,En ligne,Carte bancaire,3,28.18,30,4.8,84.54
7124,2024-01-12,Vêtements,Sfax,Magasin,Carte bancaire,2,71.23,69,4.3,142.46
519,2024-01-12,Électronique,Sfax,Magasin,Paiement mobile,6,709.48,41,3.4,4256.88
7059,2024-01-12,Électronique,Bizerte,En ligne,Carte bancaire,3,699.03,66,3.5,2097.09
1871,2024-01-12,Jouets,Nabeul,En ligne,Espèces,4,29.02,42,5.0,116.08
3668,2024-01-12,Beauté,Sfax,En ligne,Carte bancaire,6,28.68,30,3.3,172.08
1755,2024-01-12,Électronique,Sousse,En ligne,Virement,6,430.3,54,2.5,2581.8
5765,2024-01-12,Vêtements,Nabeul,Magasin,Espèces,4,65.51,26,2.5,262.04
2369,2024-01-12,Alimentation,Tunis,Magasin,Espèces,2,12.15,29,4.8,24.3
6190,2024-01-12,Vêtements,Nabeul,Magasin,Carte bancaire,3,49.03,53,5.0,147.09
5729,2024-01-12,Jouets,Tunis,Magasin,Carte bancaire,7,47.22,41,3.6,330.54
2134,2024-01-12,Meubles,Kairouan,Magasin,Virement,4,256.83,28,3.9,1027.32
5787,2024-01-12,Vêtements,Sousse,En ligne,Carte bancaire,1,66.23,25,5.0,66.23
2319,2024-01-12,Électronique,Nabeul,Magasin,Paiement mobile,7,451.22,43,4.8,3158.54
1434,2024-01-12,Électronique,Nabeul,En ligne,Paiement mobile,4,526.46,29,5.0,2105.84
1668,2024-01-12,Alimentation,Kairouan,Magasin,Espèces,3,16.26,53,3.2,48.78
2021,2024-01-12,Beauté,Tunis,En ligne,Carte bancaire,1,63.59,56,4.4,63.59
682,2024-01-12,Alimentation,Nabeul,Magasin,Carte bancaire,5,21.16,24,4.2,105.8
6092,2024-01-12,Sport,Sfax,Magasin,Carte bancaire,3,54.42,55,2.8,163.26
3749,2024-01-13,Vêtements,Nabeul,Magasin,Espèces,3,68.37,29,4.2,205.11
6891,2024-01-13,Jouets,Nabeul,En ligne,Carte bancaire,3,49.55,31,4.4,148.65
6690,2024-01-13,Électronique,Sousse,Magasin,Espèces,5,303.86,55,3.9,1519.3
3782,2024-01-13,Meubles,Tunis,Magasin,Carte bancaire,2,405.05,47,3.9,810.1
5052,2024-01-13,Vêtements,Tunis,En ligne,Virement,6,51.91,21,4.9,311.46
7255,2024-01-13,Vêtements,Sousse,Magasin,Paiement mobile,7,46.85,63,3.3,327.95
2690,2024-01-13,Sport,Bizerte,En ligne,Carte bancaire,5,126.84,55,5.0,634.2
6413,2024-01-13,Alimentation,Nabeul,En ligne,Carte bancaire,6,23.43,46,3.9,140.58
3722,2024-01-13,Meubles,Sfax,En ligne,Espèces,6,215.34,47,4.4,1292.04
3543,2024-01-13,Électronique,Gabès,En ligne,Paiement mobile,7,281.72,25,4.0,1972.04
5433,2024-01-13,Électronique,Tunis,Magasin,Carte bancaire,2,650.81,31,3.0,1301.62
379,2024-01-13,Électronique,Gabès,Magasin,Carte bancaire,2,414.44,42,3.3,828.88
4239,2024-01-13,Jouets,Bizerte,En ligne,Espèces,5,53.96,60,3.6,269.8
5009,2024-01-13,Jouets,Bizerte,En ligne,Carte bancaire,5,22.04,65,4.8,110.2
917,2024-01-13,Alimentation,Sfax,En ligne,Paiement mobile,5,29.68,25,4.5,148.4
2485,2024-01-13,Sport,Tunis,Magasin,Carte bancaire,6,125.14,24,3.8,750.84
4924,2024-01-13,Vêtements,Nabeul,Magasin,Paiement mobile,7,78.97,55,3.3,552.79
1671,2024-01-13,Jouets,Bizerte,En ligne,Paiement mobile,2,21.7,24,3.7,43.4
3622,2024-01-13,Meubles,Tunis,En ligne,Carte bancaire,3,234.62,32,4.3,703.86
7755,2024-01-13,Beauté,Bizerte,En ligne,Espèces,7,36.43,25,3.1,255.01
6460,2024-01-13,Vêtements,Tunis,En ligne,Carte bancaire,6,43.0,68,3.2,258.0
3794,2024-01-13,Électronique,Tunis,Magasin,Carte bancaire,2,458.7,40,4.2,917.4
1008,2024-01-13,Alimentation,Sousse,Magasin,Carte bancaire,6,17.44,23,3.4,104.64
7760,2024-01-13,Électronique,Tunis,En ligne,Virement,3,597.04,39,3.9,1791.12
152,2024-01-13,Alimentation,Sfax,Magasin,Carte bancaire,1,18.04,57,1.7,18.04
555,2024-01-13,Meubles,Tunis,En ligne,Virement,2,191.64,35,3.4,383.28
7932,2024-01-13,Sport,Bizerte,En ligne,Espèces,7,65.67,41,4.6,459.69
5131,2024-01-13,Meubles,Gabès,Magasin,Espèces,5,425.5,58,3.6,2127.5
7232,2024-01-13,Électronique,Tunis,Magasin,Carte bancaire,1,276.67,18,5.0,276.67
5160,2024-01-13,Beauté,Sousse,En ligne,Carte bancaire,6,40.99,34,5.0,245.94
2698,2024-01-14,Alimentation,Bizerte,Magasin,Carte bancaire,1,29.81,67,4.5,29.81
1956,2024-01-14,Vêtements,Sfax,Magasin,Carte bancaire,3,79.05,30,3.7,237.15
2383,2024-01-14,Jouets,Gabès,Magasin,Virement,2,34.55,23,3.4,69.1
6937,2024-01-14,Alimentation,Tunis,Magasin,Carte bancaire,4,27.42,56,4.9,109.68
4881,2024-01-14,Vêtements,Sousse,Magasin,Espèces,3,86.63,49,2.5,259.89
1947,2024-01-14,Jouets,Gabès,Magasin,Carte bancaire,3,24.94,32,3.4,74.82
676,2024-01-14,Beauté,Sousse,En ligne,Paiement mobile,2,50.52,39,4.5,101.04
886,2024-01-14,Beauté,Nabeul,En ligne,Virement,5,50.15,60,4.1,250.75
7097,2024-01-14,Sport,Nabeul,Magasin,Espèces,3,91.43,48,4.2,274.29
4291,2024-01-14,Alimentation,Sfax,Magasin,Carte bancaire,7,26.33,29,3.2,184.31
7096,2024-01-14,Jouets,Sfax,En ligne,Virement,6,21.71,32,2.6,130.26
892,2024-01-14,Meubles,Nabeul,En ligne,Carte bancaire,5,383.9,39,3.4,1919.5
5432,2024-01-14,Jouets,Sfax,En ligne,Paiement mobile,3,45.68,21,3.7,137.04
2471,2024-01-14,Électronique,Bizerte,En ligne,Espèces,7,518.88,19,4.2,3632.16
1473,2024-01-14,Alimentation,Nabeul,Magasin,Virement,3,16.14,25,4.3,48.42
6245,2024-01-14,Meubles,Sfax,En ligne,Paiement mobile,5,361.89,24,3.5,1809.45
51,2024-01-14,Sport,Sousse,En ligne,Paiement mobile,7,69.28,56,3.8,484.96
7148,2024-01-14,Jouets,Nabeul,En ligne,Espèces,2,45.76,43,3.9,91.52
7980,2024-01-14,Alimentation,Nabeul,Magasin,Carte bancaire,3,24.8,27,3.0,74.4
3657,2024-01-14,Jouets,Tunis,En ligne,Virement,2,53.88,29,5.0,107.76
1870,2024-01-14,Jouets,Sousse,Magasin,Carte bancaire,4,48.65,48,4.9,194.6
5406,2024-01-14,Vêtements,Bizerte,Magasin,Carte bancaire,5,41.64,21,5.0,208.2
1319,2024-01-14,Sport,Tunis,En ligne,Espèces,5,75.72,19,3.4,378.6
2731,2024-01-14,Meubles,Tunis,En ligne,Carte bancaire,6,346.0,33,4.4,2076.0
7582,2024-01-14,Vêtements,Tunis,Magasin,Carte bancaire,3,68.04,66,3.0,204.12
1058,2024-01-14,Vêtements,Gabès,En ligne,Espèces,5,67.97,35,4.5,339.85
6616,2024-01-14,Électronique,Kairouan,En ligne,Carte bancaire,7,614.8,49,3.4,4303.6
1104,2024-01-15,Alimentation,Gabès,En ligne,Carte bancaire,4,21.95,65,5.0,87.8
904,2024-01-15,Vêtements,Bizerte,Magasin,Carte bancaire,6,60.1,36,4.8,360.6
135,2024-01-15,Électronique,Gabès,En ligne,Paiement mobile,4,293.36,65,3.4,1173.44
1078,2024-01-15,Alimentation,Tunis,En ligne,Carte bancaire,6,23.47,56,5.0,140.82
3916,2024-01-15,Sport,Gabès,En ligne,Virement,1,119.8,35,2.8,119.8
1749,2024-01-15,Alimentation,Nabeul,Magasin,Espèces,1,25.06,33,3.3,25.06
5786,2024-01-15,Électronique,Sfax,En ligne,Espèces,3,687.11,37,4.2,2061.33
1486,2024-01-15,Meubles,Tunis,En ligne,Carte bancaire,6,214.34,63,3.7,1286.04
6481,2024-01-15,Vêtements,Tunis,Magasin,Espèces,7,67.25,18,4.6,470.75
5835,2024-01-15,Jouets,Bizerte,En ligne,Virement,1,49.13,35,3.5,49.13
93,2024-01-15,Meubles,Bizerte,En ligne,Virement,7,438.16,66,3.3,3067.12
6178,2024-01-15,Beauté,Bizerte,En ligne,Espèces,4,56.04,30,4.0,224.16
6391,2024-01-15,Jouets,Tunis,Magasin,Espèces,3,31.52,43,3.9,94.56
1776,2024-01-15,Vêtements,Tunis,En ligne,Carte bancaire,2,38.46,38,4.2,76.92
3189,2024-01-15,Électronique,Sousse,Magasin,Carte bancaire,5,439.42,50,3.8,2197.1
6879,2024-01-15,Alimentation,Sfax,Magasin,Espèces,1,15.57,62,4.4,15.57
3613,2024-01-16,Beauté,Gabès,Magasin,Espèces,1,37.69,19,5.0,37.69
7448,2024-01-16,Jouets,Sousse,En ligne,Carte bancaire,7,37.03,30,4.8,259.21
5882,2024-01-16,Meubles,Sfax,En ligne,Carte bancaire,5,200.94,18,4.4,1004.7
5700,2024-01-16,Électronique,Nabeul,En ligne,Paiement mobile,7,373.44,38,5.0,2614.08
3002,2024-01-16,Sport,Bizerte,Magasin,Carte bancaire,1,102.91,22,4.2,102.91
3754,2024-01-16,Alimentation,Sfax,En ligne,Carte bancaire,6,20.2,54,2.9,121.2
6364,2024-01-16,Sport,Nabeul,Magasin,Carte bancaire,2,50.14,41,3.9,100.28
3842,2024-01-16,Vêtements,Sousse,Magasin,Carte bancaire,3,71.22,19,4.5,213.66
1455,2024-01-16,Jouets,Sfax,En ligne,Paiement mobile,3,36.61,36,4.3,109.83
498,2024-01-16,Jouets,Nabeul,Magasin,Virement,1,24.64,59,4.9,24.64
7274,2024-01-16,Vêtements,Sfax,En ligne,Virement,4,76.02,24,4.9,304.08
7829,2024-01-16,Alimentation,Sfax,Magasin,Virement,7,25.3,65,5.0,177.1
4743,2024-01-16,Alimentation,Kairouan,En ligne,Carte bancaire,2,25.75,31,4.7,51.5
6768,2024-01-16,Meubles,Bizerte,Magasin,Paiement mobile,7,237.95,65,3.5,1665.65
6170,2024-01-16,Jouets,Nabeul,Magasin,Virement,4,34.58,63,2.6,138.32
6047,2024-01-16,Beauté,Sfax,Magasin,Carte bancaire,2,36.25,19,3.2,72.5
6645,2024-01-16,Vêtements,Sfax,En ligne,Paiement mobile,5,37.42,59,3.8,187.1
1491,2024-01-16,Meubles,Sfax,En ligne,Carte bancaire,4,248.03,37,4.5,992.12
6790,2024-01-16,Électronique,Gabès,En ligne,Espèces,5,366.2,48,2.7,1831.0
3162,2024-01-16,Jouets,Tunis,Magasin,Carte bancaire,6,39.57,48,4.6,237.42
4153,2024-01-16,Alimentation,Nabeul,Magasin,Virement,7,15.23,66,3.3,106.61
4424,2024-01-16,Vêtements,Bizerte,Magasin,Paiement mobile,6,65.05,60,5.0,390.3
6277,2024-01-16,Jouets,Nabeul,Magasin,Carte bancaire,5,52.24,41,4.0,261.2
7705,2024-01-17,Vêtements,Nabeul,En ligne,Carte bancaire,1,94.29,42,3.2,94.29
3501,2024-01-17,Meubles,Gabès,Magasin,Paiement mobile,7,248.33,67,4.0,1738.31
1409,2024-01-17,Meubles,Sousse,Magasin,Espèces,3,237.9,55,4.8,713.7
6935,2024-01-17,Vêtements,Sfax,En ligne,Carte bancaire,6,80.52,69,3.3,483.12
1345,2024-01-17,Vêtements,Sousse,Magasin,Espèces,6,45.22,53,4.2,271.32
7670,2024-01-17,Vêtements,Kairouan,En ligne,Carte bancaire,2,75.47,69,2.3,150.94
1429,2024-01-17,Vêtements,Tunis,En ligne,Carte bancaire,1,91.66,47,3.4,91.66
1184,2024-01-17,Vêtements,Gabès,Magasin,Virement,4,69.86,27,3.5,279.44
3805,2024-01-17,Électronique,Gabès,Magasin,Carte bancaire,1,559.09,36,5.0,559.09
2551,2024-01-17,Alimentation,Sfax,Magasin,Carte bancaire,7,24.21,46,4.5,169.47
7087,2024-01-17,Alimentation,Nabeul,En ligne,Carte bancaire,3,26.22,42,3.9,78.66
4307,2024-01-17,Jouets,Gabès,Magasin,Espèces,5,28.64,55,5.0,143.2
2517,2024-01-17,Vêtements,Tunis,Magasin,Virement,7,52.03,60,2.5,364.21
330,2024-01-17,Vêtements,Sousse,Magasin,Carte bancaire,6,77.46,68,3.6,464.76
1700,2024-01-17,Électronique,Sousse,En ligne,Espèces,6,710.63,67,4.1,4263.78
7566,2024-01-17,Vêtements,Kairouan,En ligne,Espèces,5,63.19,38,4.6,315.95
7589,2024-01-17,Alimentation,Sousse,Magasin,Paiement mobile,4,29.29,37,3.7,117.16
4039,2024-01-17,Jouets,Tunis,Magasin,Paiement mobile,1,49.32,58,3.1,49.32
7559,2024-01-17,Électronique,Tunis,En ligne,Carte bancaire,4,690.05,67,4.1,2760.2
3261,2024-01-17,Électronique,Sousse,En ligne,Paiement mobile,5,302.04,60,4.5,1510.2
4625,2024-01-17,Alimentation,Bizerte,Magasin,Virement,1,31.01,38,3.8,31.01
1676,2024-01-17,Alimentation,Tunis,En ligne,Paiement mobile,5,24.78,32,4.1,123.9
5397,2024-01-17,Alimentation,Tunis,En ligne,Carte bancaire,6,17.44,56,3.5,104.64
3880,2024-01-17,Électronique,Sousse,En ligne,Carte bancaire,1,453.07,62,4.4,453.07
5603,2024-01-17,Sport,Tunis,Magasin,Paiement mobile,4,51.39,41,4.5,205.56
4611,2024-01-17,Beauté,Sfax,En ligne,Carte bancaire,3,46.45,34,4.2,139.35
6054,2024-01-17,Vêtements,Tunis,Magasin,Carte bancaire,7,72.0,23,5.0,504.0
2903,2024-01-17,Vêtements,Sousse,En ligne,Paiement mobile,1,36.15,27,4.4,36.15
4470,2024-01-18,Sport,Nabeul,Magasin,Carte bancaire,5,80.53,57,4.6,402.65
2624,2024-01-18,Meubles,Sfax,En ligne,Carte bancaire,2,345.51,52,5.0,691.02
6199,2024-01-18,Sport,Nabeul,Magasin,Carte bancaire,2,64.25,61,4.0,128.5
6068,2024-01-18,Électronique,Sousse,Magasin,Paiement mobile,5,454.79,32,3.1,2273.95
6664,2024-01-18,Sport,Sousse,Magasin,Espèces,2,77.43,27,3.1,154.86
7058,2024-01-18,Alimentation,Sfax,Magasin,Virement,5,22.84,69,4.2,114.2
7524,2024-01-18,Beauté,Sousse,Magasin,Carte bancaire,5,59.42,69,3.0,297.1
6691,2024-01-18,Meubles,Nabeul,En ligne,Virement,6,359.56,62,5.0,2157.36
4563,2024-01-18,Électronique,Nabeul,En ligne,Carte bancaire,1,280.76,61,3.9,280.76
1228,2024-01-18,Alimentation,Bizerte,En ligne,Carte bancaire,3,13.47,57,4.2,40.41
7622,2024-01-18,Meubles,Sfax,Magasin,Espèces,6,451.93,39,4.5,2711.58
1936,2024-01-18,Beauté,Sfax,En ligne,Paiement mobile,4,26.62,68,3.5,106.48
7250,2024-01-18,Vêtements,Bizerte,En ligne,Espèces,2,83.34,66,3.8,166.68
5070,2024-01-18,Sport,Gabès,En ligne,Paiement mobile,1,114.68,31,4.0,114.68
7210,2024-01-18,Sport,Bizerte,En ligne,Paiement mobile,2,56.23,24,5.0,112.46
5047,2024-01-18,Électronique,Bizerte,En ligne,Carte bancaire,4,575.37,41,3.6,2301.48
5328,2024-01-18,Vêtements,Tunis,En ligne,Espèces,5,55.27,67,3.5,276.35
5531,2024-01-18,Vêtements,Nabeul,Magasin,Espèces,1,80.08,61,5.0,80.08
5578,2024-01-18,Sport,Sousse,Magasin,Carte bancaire,1,123.95,39,3.2,123.95
7182,2024-01-18,Meubles,Tunis,Magasin,Carte bancaire,7,276.65,53,2.7,1936.55
5815,2024-01-18,Alimentation,Sfax,Magasin,Paiement mobile,4,24.44,25,4.5,97.76
353,2024-01-18,Alimentation,Nabeul,En ligne,Virement,6,26.49,47,3.1,158.94
7067,2024-01-19,Électronique,Tunis,En ligne,Carte bancaire,7,401.4,44,4.2,2809.8
2098,2024-01-19,Sport,Sfax,En ligne,Carte bancaire,2,101.23,61,3.6,202.46
5435,2024-01-19,Meubles,Bizerte,En ligne,Espèces,4,230.84,34,3.7,923.36
6951,2024-01-19,Alimentation,Gabès,Magasin,Paiement mobile,4,15.05,21,3.3,60.2
6083,2024-01-19,Sport,Nabeul,En ligne,Carte bancaire,4,95.54,48,3.9,382.16
4857,2024-01-19,Électronique,Sousse,En ligne,Carte bancaire,7,630.23,29,4.2,4411.61
2757,2024-01-19,Beauté,Nabeul,En ligne,Carte bancaire,1,35.74,29,4.4,35.74
7458,2024-01-19,Électronique,Tunis,Magasin,Carte bancaire,4,276.0,47,4.7,1104.0
2220,2024-01-19,Sport,Sousse,En ligne,Espèces,2,73.97,69,3.7,147.94
7565,2024-01-19,Meubles,Kairouan,En ligne,Virement,4,351.12,25,4.2,1404.48
2661,2024-01-19,Alimentation,Sousse,Magasin,Carte bancaire,5,18.44,18,5.0,92.2
6349,2024-01-19,Électronique,Tunis,En ligne,Carte bancaire,6,317.45,18,3.7,1904.7
3962,2024-01-19,Vêtements,Sfax,En ligne,Virement,7,50.21,40,4.9,351.47
5723,2024-01-19,Jouets,Gabès,En ligne,Paiement mobile,6,47.29,28,3.7,283.74
7528,2024-01-19,Sport,Bizerte,En ligne,Carte bancaire,3,115.22,69,5.0,345.66
1227,2024-01-19,Électronique,Kairouan,Magasin,Espèces,2,396.7,33,4.6,793.4
567,2024-01-19,Alimentation,Nabeul,En ligne,Carte bancaire,6,28.77,32,4.5,172.62
4280,2024-01-19,Alimentation,Kairouan,En ligne,Espèces,4,13.17,42,5.0,52.68
7122,2024-01-19,Jouets,Tunis,En ligne,Virement,4,21.3,37,2.6,85.2
637,2024-01-19,Beauté,Tunis,Magasin,Carte bancaire,7,33.44,44,3.6,234.08
2260,2024-01-19,Meubles,Nabeul,En ligne,Espèces,1,278.57,40,3.0,278.57
4593,2024-01-19,Électronique,Tunis,Magasin,Espèces,6,299.02,24,4.5,1794.12
3279,2024-01-19,Vêtements,Sfax,En ligne,Carte bancaire,7,64.65,19,2.0,452.55
3569,2024-01-19,Sport,Tunis,En ligne,Paiement mobile,4,61.63,45,3.3,246.52
5425,2024-01-20,Électronique,Sfax,En ligne,Paiement mobile,2,564.81,46,5.0,1129.62
1915,2024-01-20,Électronique,Tunis,En ligne,Espèces,1,600.48,42,3.3,600.48
5884,2024-01-20,Jouets,Bizerte,En ligne,Paiement mobile,3,35.95,28,2.7,107.85
384,2024-01-20,Alimentation,Tunis,Magasin,Espèces,5,12.3,65,4.0,61.5
7156,2024-01-20,Meubles,Nabeul,Magasin,Espèces,3,241.51,31,4.1,724.53
6729,2024-01-20,Alimentation,Nabeul,En ligne,Virement,4,12.83,40,2.6,51.32
2934,2024-01-20,Alimentation,Sfax,En ligne,Paiement mobile,7,24.51,44,5.0,171.57
4335,2024-01-20,Électronique,Sfax,Magasin,Carte bancaire,6,447.28,26,5.0,2683.68
1570,2024-01-20,Vêtements,Sousse,En ligne,Espèces,6,94.19,32,3.9,565.14
2008,2024-01-20,Vêtements,Sfax,En ligne,Paiement mobile,4,79.04,62,4.2,316.16
7788,2024-01-20,Vêtements,Tunis,En ligne,Espèces,3,89.81,43,3.5,269.43
2725,2024-01-20,Vêtements,Kairouan,Magasin,Espèces,7,61.74,65,3.2,432.18
2712,2024-01-20,Beauté,Sousse,En ligne,Carte bancaire,3,58.88,69,3.8,176.64
988,2024-01-20,Meubles,Sfax,Magasin,Paiement mobile,3,292.62,50,5.0,877.86
4681,2024-01-20,Sport,Sousse,Magasin,Carte bancaire,5,71.84,44,3.4,359.2
3497,2024-01-20,Meubles,Sfax,Magasin,Espèces,1,271.99,45,2.9,271.99
2421,2024-01-20,Alimentation,Kairouan,En ligne,Espèces,5,23.05,49,5.0,115.25
1297,2024-01-20,Sport,Sousse,Magasin,Virement,7,82.71,55,3.5,578.97
5933,2024-01-20,Sport,Nabeul,Magasin,Paiement mobile,6,73.53,25,3.7,441.18
2700,2024-01-20,Sport,Sousse,Magasin,Paiement mobile,2,72.88,45,2.8,145.76
672,2024-01-20,Vêtements,Tunis,Magasin,Paiement mobile,1,86.75,49,3.6,86.75
4916,2024-01-20,Vêtements,Nabeul,Magasin,Carte bancaire,4,88.02,67,3.6,352.08
7512,2024-01-21,Sport,Nabeul,En ligne,Carte bancaire,3,87.33,30,4.0,261.99
3731,2024-01-21,Sport,Sfax,Magasin,Espèces,4,65.45,66,3.8,261.8
2860,2024-01-21,Électronique,Nabeul,En ligne,Virement,2,550.29,18,3.0,1100.58
4499,2024-01-21,Alimentation,Tunis,En ligne,Paiement mobile,5,15.92,53,4.2,79.6
7,2024-01-21,Vêtements,Gabès,En ligne,Carte bancaire,4,46.81,42,3.5,187.24
6376,2024-01-21,Beauté,Sousse,Magasin,Carte bancaire,5,44.4,21,3.9,222.0
3196,2024-01-21,Alimentation,Sfax,Magasin,Carte bancaire,1,17.81,34,4.0,17.81
3778,2024-01-21,Meubles,Sousse,En ligne,Carte bancaire,2,438.77,32,2.9,877.54
3006,2024-01-21,Beauté,Sousse,En ligne,Carte bancaire,3,54.58,60,3.4,163.74
2877,2024-01-21,Alimentation,Nabeul,En ligne,Carte bancaire,7,24.69,19,3.1,172.83
1938,2024-01-21,Sport,Tunis,Magasin,Carte bancaire,7,48.29,59,2.9,338.03
6527,2024-01-21,Alimentation,Tunis,En ligne,Paiement mobile,5,20.31,48,3.8,101.55
6320,2024-01-21,Alimentation,Tunis,En ligne,Carte bancaire,7,20.43,55,4.1,143.01
3083,2024-01-21,Électronique,Sfax,En ligne,Carte bancaire,2,360.3,54,2.7,720.6
7877,2024-01-21,Électronique,Tunis,Magasin,Espèces,7,499.55,45,3.7,3496.85
2512,2024-01-21,Jouets,Nabeul,Magasin,Virement,1,29.03,48,4.6,29.03
7951,2024-01-21,Sport,Tunis,En ligne,Carte bancaire,4,121.95,29,4.0,487.8
5629,2024-01-21,Meubles,Kairouan,En ligne,Carte bancaire,6,351.52,23,2.2,2109.12
45,2024-01-21,Beauté,Bizerte,Magasin,Carte bancaire,6,54.23,52,4.6,325.38
3453,2024-01-21,Alimentation,Tunis,Magasin,Espèces,6,12.7,46,4.3,76.2
2146,2024-01-21,Jouets,Sfax,En ligne,Virement,7,42.67,69,3.5,298.69
1741,2024-01-21,Jouets,Sfax,Magasin,Carte bancaire,5,29.16,62,4.4,145.8
3640,2024-01-21,Meubles,Kairouan,En ligne,Carte bancaire,7,347.46,48,3.9,2432.22
1864,2024-01-22,Jouets,Nabeul,En ligne,Carte bancaire,6,31.15,66,3.7,186.9
5754,2024-01-22,Sport,Tunis,Magasin,Paiement mobile,1,117.34,24,4.6,117.34
7746,2024-01-22,Vêtements,Tunis,Magasin,Carte bancaire,1,94.8,56,5.0,94.8
5806,2024-01-22,Alimentation,Gabès,En ligne,Espèces,5,18.73,22,2.6,93.65
4663,2024-01-22,Électronique,Tunis,En ligne,Virement,4,611.38,26,3.6,2445.52
5389,2024-01-22,Beauté,Sfax,Magasin,Carte bancaire,7,57.43,19,3.7,402.01
4251,2024-01-22,Beauté,Bizerte,En ligne,Carte bancaire,5,39.91,37,4.3,199.55
1703,2024-01-22,Jouets,Sfax,Magasin,Carte bancaire,1,42.88,28,2.9,42.88
847,2024-01-22,Beauté,Sfax,En ligne,Carte bancaire,1,24.6,38,4.1,24.6
4154,2024-01-22,Électronique,Sousse,En ligne,Espèces,5,572.13,68,3.4,2860.65
1735,2024-01-22,Jouets,Sousse,En ligne,Paiement mobile,2,43.12,24,3.8,86.24
26,2024-01-22,Meubles,Tunis,En ligne,Carte bancaire,2,389.24,68,2.8,778.48
6123,2024-01-22,Électronique,Bizerte,En ligne,Espèces,4,578.56,64,5.0,2314.24
5652,2024-01-22,Beauté,Sfax,Magasin,Carte bancaire,7,62.52,18,3.5,437.64
6628,2024-01-22,Meubles,Tunis,Magasin,Espèces,4,421.92,51,4.1,1687.68
4329,2024-01-22,Beauté,Gabès,En ligne,Carte bancaire,4,43.76,52,4.7,175.04
4793,2024-01-22,Beauté,Sfax,Magasin,Carte bancaire,7,36.67,22,3.8,256.69
6742,2024-01-22,Jouets,Kairouan,En ligne,Carte bancaire,1,24.03,50,3.7,24.03
3548,2024-01-22,Sport,Tunis,En ligne,Paiement mobile,6,91.78,31,3.3,550.68
2912,2024-01-22,Alimentation,Nabeul,En ligne,Virement,6,30.4,30,3.0,182.4
308,2024-01-22,Alimentation,Sfax,En ligne,Carte bancaire,4,31.49,24,4.8,125.96
3661,2024-01-22,Alimentation,Tunis,Magasin,Virement,5,22.87,26,4.4,114.35
2641,2024-01-22,Sport,Nabeul,En ligne,Espèces,3,55.78,52,3.6,167.34
5519,2024-01-22,Alimentation,Gabès,Magasin,Virement,3,26.58,36,4.3,79.74
1130,2024-01-23,Alimentation,Sfax,Magasin,Paiement mobile,1,19.71,37,3.1,19.71
2662,2024-01-23,Électronique,Nabeul,Magasin,Carte bancaire,7,288.49,62,3.5,2019.43
1658,2024-01-23,Vêtements,Gabès,En ligne,Carte bancaire,4,68.24,59,4.2,272.96
3719,2024-01-23,Jouets,Sousse,Magasin,Carte bancaire,3,50.25,34,3.1,150.75
6812,2024-01-23,Vêtements,Tunis,En ligne,Virement,6,38.36,29,2.3,230.16
3649,2024-01-23,Électronique,Sfax,Magasin,Carte bancaire,3,538.55,21,4.6,1615.65
483,2024-01-23,Électronique,Tunis,Magasin,Carte bancaire,3,386.09,65,3.5,1158.27
748,2024-01-23,Alimentation,Tunis,En ligne,Carte bancaire,4,23.87,39,3.8,95.48
3596,2024-01-23,Alimentation,Tunis,Magasin,Espèces,6,21.02,61,2.5,126.12
6781,2024-01-23,Vêtements,Bizerte,Magasin,Paiement mobile,6,64.8,32,3.9,388.8
3369,2024-01-23,Électronique,Kairouan,Magasin,Espèces,3,419.67,62,4.5,1259.01
1063,2024-01-23,Vêtements,Sfax,En ligne,Paiement mobile,7,93.42,66,3.6,653.94
4513,2024-01-23,Alimentation,Tunis,En ligne,Carte bancaire,5,19.56,30,4.1,97.8
7081,2024-01-23,Alimentation,Sfax,Magasin,Carte bancaire,3,19.62,27,4.3,58.86
2713,2024-01-24,Sport,Sfax,En ligne,Carte bancaire,2,79.5,65,3.4,159.0
1910,2024-01-24,Alimentation,Sousse,En ligne,Espèces,5,23.83,32,4.5,119.15
4103,2024-01-24,Électronique,Sfax,Magasin,Carte bancaire,6,552.14,26,3.3,3312.84
6579,2024-01-24,Électronique,Bizerte,Magasin,Paiement mobile,4,437.41,34,3.6,1749.64
3808,2024-01-24,Alimentation,Bizerte,Magasin,Carte bancaire,7,14.79,56,4.6,103.53
6734,2024-01-24,Meubles,Sfax,En ligne,Espèces,4,273.77,30,3.1,1095.08
2739,2024-01-24,Électronique,Tunis,En ligne,Carte bancaire,5,343.07,69,3.7,1715.35
7714,2024-01-24,Meubles,Bizerte,Magasin,Carte bancaire,5,206.36,62,4.7,1031.8
4104,2024-01-24,Meubles,Nabeul,En ligne,Carte bancaire,1,183.45,32,3.5,183.45
1773,2024-01-24,Électronique,Gabès,Magasin,Paiement mobile,1,568.8,43,4.4,568.8
3724,2024-01-24,Électronique,Bizerte,En ligne,Paiement mobile,5,420.98,67,3.8,2104.9
6226,2024-01-25,Meubles,Tunis,Magasin,Carte bancaire,5,210.95,46,4.5,1054.75
4627,2024-01-25,Alimentation,Sousse,Magasin,Virement,5,22.22,34,3.9,111.1
581,2024-01-25,Électronique,Gabès,En ligne,Paiement mobile,1,532.23,41,3.8,532.23
4635,2024-01-25,Électronique,Gabès,En ligne,Espèces,6,288.05,54,4.2,1728.3
3579,2024-01-25,Électronique,Sousse,En ligne,Paiement mobile,5,311.83,41,3.5,1559.15
1874,2024-01-25,Alimentation,Sousse,Magasin,Carte bancaire,4,31.69,20,2.5,126.76
5274,2024-01-25,Vêtements,Sfax,Magasin,Carte bancaire,6,85.01,45,4.3,510.06
915,2024-01-25,Jouets,Sfax,En ligne,Virement,3,34.54,31,3.9,103.62
5319,2024-01-25,Beauté,Sousse,Magasin,Espèces,1,34.83,51,4.0,34.83
919,2024-01-25,Meubles,Nabeul,Magasin,Carte bancaire,1,282.48,53,4.5,282.48
1191,2024-01-25,Sport,Tunis,Magasin,Carte bancaire,4,119.34,31,3.9,477.36
5555,2024-01-25,Beauté,Gabès,En ligne,Carte bancaire,1,52.74,30,2.6,52.74
1178,2024-01-25,Vêtements,Tunis,Magasin,Carte bancaire,6,52.13,23,4.7,312.78
4369,2024-01-25,Électronique,Gabès,En ligne,Carte bancaire,7,710.21,54,4.3,4971.47
3886,2024-01-25,Vêtements,Sousse,Magasin,Paiement mobile,1,72.11,54,5.0,72.11
1415,2024-01-25,Alimentation,Sfax,En ligne,Paiement mobile,6,19.51,68,4.4,117.06
1600,2024-01-25,Alimentation,Nabeul,Magasin,Paiement mobile,2,31.34,57,4.3,62.68
2406,2024-01-25,Électronique,Sfax,En ligne,Carte bancaire,7,439.24,29,4.2,3074.68
2409,2024-01-25,Beauté,Nabeul,En ligne,Virement,4,41.42,36,4.2,165.68
7196,2024-01-25,Jouets,Tunis,Magasin,Paiement mobile,4,44.33,59,5.0,177.32
6126,2024-01-25,Vêtements,Sfax,En ligne,Carte bancaire,5,63.19,42,3.9,315.95
7519,2024-01-25,Jouets,Sfax,Magasin,Carte bancaire,4,35.43,59,3.3,141.72
2393,2024-01-25,Alimentation,Tunis,Magasin,Paiement mobile,3,17.11,41,3.2,51.33
5549,2024-01-25,Beauté,Sousse,Magasin,Paiement mobile,7,55.88,44,5.0,391.16
6198,2024-01-25,Beauté,Sfax,En ligne,Virement,1,27.38,62,3.7,27.38
6988,2024-01-25,Électronique,Tunis,Magasin,Paiement mobile,6,312.8,58,4.5,1876.8
4853,2024-01-25,Meubles,Tunis,Magasin,Espèces,3,227.41,64,4.1,682.23
6898,2024-01-25,Électronique,Tunis,Magasin,Carte bancaire,6,699.02,65,3.3,4194.12
6363,2024-01-25,Sport,Sousse,Magasin,Carte bancaire,4,63.23,47,4.0,252.92
4146,2024-01-25,Jouets,Sfax,En ligne,Espèces,7,27.15,32,4.2,190.05
1445,2024-01-25,Beauté,Sfax,Magasin,Carte bancaire,7,27.95,21,4.0,195.65
6334,2024-01-25,Électronique,Sousse,Magasin,Carte bancaire,3,424.16,54,4.6,1272.48
3018,2024-01-25,Alimentation,Sfax,En ligne,Paiement mobile,2,27.7,23,3.5,55.4
5985,2024-01-26,Électronique,Sfax,En ligne,Espèces,4,412.5,67,2.3,1650.0
6243,2024-01-26,Alimentation,Sfax,Magasin,Virement,2,22.07,37,3.8,44.14
376,2024-01-26,Beauté,Gabès,Magasin,Carte bancaire,1,43.55,28,3.6,43.55
7007,2024-01-26,Sport,Gabès,En ligne,Carte bancaire,4,57.83,28,4.8,231.32
1721,2024-01-26,Électronique,Gabès,Magasin,Carte bancaire,5,448.89,29,4.6,2244.45
873,2024-01-26,Électronique,Sousse,En ligne,Paiement mobile,6,479.52,49,2.5,2877.12
7304,2024-01-26,Alimentation,Kairouan,Magasin,Paiement mobile,5,14.05,33,3.5,70.25
3885,2024-01-26,Électronique,Kairouan,Magasin,Carte bancaire,3,380.86,69,3.7,1142.58
978,2024-01-26,Beauté,Bizerte,En ligne,Espèces,7,46.98,61,5.0,328.86
1451,2024-01-26,Alimentation,Gabès,En ligne,Carte bancaire,2,22.52,66,5.0,45.04
6518,2024-01-26,Meubles,Tunis,Magasin,Virement,5,473.3,47,4.3,2366.5
5929,2024-01-26,Jouets,Gabès,Magasin,Espèces,7,52.07,55,3.4,364.49
2203,2024-01-26,Meubles,Tunis,En ligne,Carte bancaire,2,478.6,45,3.9,957.2
3192,2024-01-26,Alimentation,Nabeul,Magasin,Espèces,6,14.83,35,4.7,88.98
6953,2024-01-26,Beauté,Tunis,En ligne,Paiement mobile,1,39.66,35,2.8,39.66
4930,2024-01-26,Alimentation,Sousse,Magasin,Carte bancaire,7,21.6,51,4.1,151.2
2949,2024-01-26,Sport,Tunis,Magasin,Carte bancaire,7,81.2,60,3.6,568.4
2062,2024-01-26,Meubles,Gabès,Magasin,Carte bancaire,4,375.97,63,3.1,1503.88
5422,2024-01-26,Alimentation,Sfax,En ligne,Espèces,5,31.11,39,4.2,155.55
6772,2024-01-26,Alimentation,Sfax,Magasin,Carte bancaire,1,24.67,37,3.7,24.67
7920,2024-01-26,Meubles,Kairouan,En ligne,Carte bancaire,3,299.09,67,5.0,897.27
317,2024-01-27,Alimentation,Sfax,Magasin,Carte bancaire,7,18.76,26,4.6,131.32
2164,2024-01-27,Électronique,Bizerte,En ligne,Espèces,2,394.8,65,3.1,789.6
4819,2024-01-27,Vêtements,Tunis,En ligne,Paiement mobile,5,81.78,29,5.0,408.9
1767,2024-01-27,Vêtements,Bizerte,Magasin,Virement,6,73.58,67,3.2,441.48
1759,2024-01-27,Vêtements,Tunis,En ligne,Paiement mobile,5,37.24,38,2.8,186.2
6815,2024-01-27,Alimentation,Sousse,Magasin,Espèces,4,12.41,34,3.3,49.64
5632,2024-01-27,Meubles,Nabeul,En ligne,Carte bancaire,6,421.96,41,4.3,2531.76
1736,2024-01-27,Électronique,Nabeul,En ligne,Virement,6,505.01,53,3.0,3030.06
2283,2024-01-27,Beauté,Bizerte,Magasin,Virement,3,46.64,54,4.9,139.92
6588,2024-01-27,Meubles,Sousse,Magasin,Carte bancaire,3,380.95,43,5.0,1142.85
7620,2024-01-27,Sport,Sousse,En ligne,Carte bancaire,5,52.07,29,3.6,260.35
1353,2024-01-27,Électronique,Kairouan,En ligne,Paiement mobile,3,571.99,61,4.7,1715.97
3630,2024-01-27,Sport,Tunis,Magasin,Paiement mobile,4,86.94,23,3.7,347.76
7427,2024-01-27,Sport,Tunis,Magasin,Paiement mobile,4,123.14,52,4.9,492.56
4869,2024-01-28,Électronique,Nabeul,En ligne,Espèces,2,650.2,58,4.6,1300.4
3877,2024-01-28,Électronique,Nabeul,En ligne,Espèces,2,375.81,45,4.1,751.62
2560,2024-01-28,Vêtements,Sousse,Magasin,Espèces,3,38.37,33,3.1,115.11
5982,2024-01-28,Meubles,Tunis,En ligne,Paiement mobile,5,262.73,60,3.6,1313.65
3774,2024-01-28,Électronique,Kairouan,Magasin,Carte bancaire,1,301.65,54,3.9,301.65
4577,2024-01-28,Alimentation,Bizerte,En ligne,Paiement mobile,4,31.67,43,3.3,126.68
3205,2024-01-28,Alimentation,Gabès,En ligne,Espèces,6,14.03,34,3.2,84.18
3740,2024-01-28,Vêtements,Sfax,En ligne,Carte bancaire,1,65.18,61,4.1,65.18
1964,2024-01-28,Beauté,Nabeul,En ligne,Carte bancaire,6,41.13,43,4.1,246.78
697,2024-01-28,Électronique,Tunis,En ligne,Virement,1,626.62,40,3.2,626.62
3771,2024-01-28,Beauté,Gabès,Magasin,Paiement mobile,2,44.18,40,4.6,88.36
5006,2024-01-28,Jouets,Gabès,Magasin,Carte bancaire,2,50.5,30,5.0,101.0
4789,2024-01-28,Électronique,Nabeul,Magasin,Virement,2,681.99,19,3.0,1363.98
110,2024-01-28,Vêtements,Sfax,Magasin,Carte bancaire,7,52.93,44,3.6,370.51
907,2024-01-28,Meubles,Sfax,En ligne,Carte bancaire,3,407.59,66,3.6,1222.77
6260,2024-01-28,Électronique,Tunis,Magasin,Virement,2,393.13,52,5.0,786.26
6278,2024-01-28,Meubles,Sfax,En ligne,Espèces,6,215.95,39,4.7,1295.7
165,2024-01-28,Vêtements,Sousse,En ligne,Espèces,1,86.55,44,2.8,86.55
7386,2024-01-28,Alimentation,Nabeul,En ligne,Virement,3,29.52,50,3.7,88.56
887,2024-01-28,Alimentation,Tunis,En ligne,Carte bancaire,3,17.56,69,5.0,52.68
2898,2024-01-28,Électronique,Nabeul,En ligne,Virement,1,582.35,18,3.9,582.35
5235,2024-01-28,Vêtements,Tunis,En ligne,Carte bancaire,5,60.62,25,4.5,303.1
3326,2024-01-28,Jouets,Gabès,Magasin,Carte bancaire,1,27.89,60,4.2,27.89
6333,2024-01-28,Alimentation,Nabeul,Magasin,Carte bancaire,7,20.49,37,3.4,143.43
4631,2024-01-29,Jouets,Tunis,En ligne,Carte bancaire,7,35.14,41,4.8,245.98
1376,2024-01-29,Jouets,Sousse,En ligne,Virement,2,35.21,51,3.7,70.42
1331,2024-01-29,Sport,Sousse,En ligne,Carte bancaire,5,61.61,62,3.5,308.05
6099,2024-01-29,Alimentation,Gabès,En ligne,Carte bancaire,7,23.71,58,3.4,165.97
7987,2024-01-29,Alimentation,Sousse,Magasin,Carte bancaire,7,30.32,50,3.3,212.24
4725,2024-01-29,Électronique,Bizerte,En ligne,Virement,4,275.18,61,4.6,1100.72
4856,2024-01-29,Jouets,Bizerte,En ligne,Paiement mobile,7,38.51,28,5.0,269.57
4937,2024-01-29,Alimentation,Nabeul,En ligne,Virement,6,17.98,61,4.0,107.88
1506,2024-01-29,Électronique,Tunis,En ligne,Paiement mobile,7,411.84,62,4.5,2882.88
1153,2024-01-29,Sport,Sfax,Magasin,Espèces,3,58.48,41,4.0,175.44
4296,2024-01-29,Beauté,Bizerte,En ligne,Espèces,1,48.05,69,4.1,48.05
5987,2024-01-29,Alimentation,Nabeul,Magasin,Espèces,5,14.07,44,4.2,70.35
7872,2024-01-29,Sport,Nabeul,Magasin,Carte bancaire,2,64.64,56,3.9,129.28
2646,2024-01-29,Alimentation,Gabès,Magasin,Carte bancaire,3,26.03,38,3.7,78.09
5895,2024-01-29,Alimentation,Sfax,Magasin,Carte bancaire,2,26.3,47,5.0,52.6
150,2024-01-29,Vêtements,Bizerte,En ligne,Carte bancaire,7,59.34,58,4.6,415.38
3809,2024-01-29,Alimentation,Gabès,En ligne,Carte bancaire,7,14.7,55,4.6,102.9
1592,2024-01-29,Alimentation,Sousse,Magasin,Carte bancaire,2,28.19,48,3.7,56.38
1716,2024-01-29,Alimentation,Sousse,En ligne,Espèces,6,21.47,35,2.8,128.82
6152,2024-01-29,Électronique,Sfax,Magasin,Carte bancaire,5,646.74,22,4.4,3233.7
2523,2024-01-29,Électronique,Gabès,Magasin,Espèces,5,714.09,30,4.1,3570.45
615,2024-01-29,Beauté,Tunis,Magasin,Espèces,5,25.12,28,3.7,125.6
4143,2024-01-30,Vêtements,Nabeul,Magasin,Espèces,7,91.05,19,4.1,637.35
7221,2024-01-30,Alimentation,Tunis,En ligne,Carte bancaire,6,26.79,53,3.1,160.74
6088,2024-01-30,Vêtements,Gabès,En ligne,Carte bancaire,6,67.61,67,2.9,405.66
3574,2024-01-30,Vêtements,Sfax,En ligne,Virement,7,90.19,32,4.4,631.33
5737,2024-01-30,Vêtements,Nabeul,Magasin,Carte bancaire,7,89.49,22,3.0,626.43
6385,2024-01-30,Vêtements,Nabeul,Magasin,Carte bancaire,7,39.65,64,3.2,277.55
3358,2024-01-30,Meubles,Sousse,En ligne,Espèces,7,473.37,69,3.7,3313.59
5361,2024-01-30,Alimentation,Tunis,En ligne,Virement,7,13.28,65,3.0,92.96
3662,2024-01-30,Jouets,Sfax,En ligne,Carte bancaire,1,41.47,50,4.1,41.47
2663,2024-01-30,Électronique,Bizerte,Magasin,Carte bancaire,7,493.05,34,3.1,3451.35
2324,2024-01-30,Vêtements,Sfax,En ligne,Paiement mobile,6,72.9,58,3.3,437.4
5545,2024-01-30,Alimentation,Sousse,Magasin,Espèces,6,23.32,48,4.6,139.92
802,2024-01-30,Jouets,Bizerte,En ligne,Paiement mobile,6,42.07,64,4.0,252.42
7482,2024-01-30,Vêtements,Bizerte,En ligne,Espèces,4,60.13,27,3.5,240.52
5644,2024-01-30,Alimentation,Tunis,En ligne,Espèces,6,17.24,57,4.6,103.44
2752,2024-01-30,Alimentation,Gabès,En ligne,Espèces,7,19.29,34,4.5,135.03
3418,2024-01-30,Électronique,Bizerte,En ligne,Carte bancaire,6,640.2,34,3.0,3841.2
6489,2024-01-30,Vêtements,Sfax,En ligne,Virement,1,86.71,31,4.6,86.71
3110,2024-01-30,Alimentation,Gabès,Magasin,Espèces,3,27.09,64,4.0,81.27
6059,2024-01-30,Alimentation,Gabès,Magasin,Paiement mobile,3,31.79,55,4.2,95.37
4655,2024-01-30,Alimentation,Kairouan,En ligne,Carte bancaire,3,17.97,19,4.8,53.91
7781,2024-01-31,Alimentation,Tunis,Magasin,Virement,5,23.71,29,3.1,118.55
2419,2024-01-31,Vêtements,Gabès,En ligne,Carte bancaire,1,88.93,35,5.0,88.93
2831,2024-01-31,Électronique,Gabès,En ligne,Espèces,6,601.99,43,3.5,3611.94
5021,2024-01-31,Alimentation,Bizerte,En ligne,Carte bancaire,1,14.41,66,4.1,14.41
3753,2024-01-31,Électronique,Bizerte,En ligne,Espèces,5,667.38,38,3.9,3336.9
6052,2024-01-31,Alimentation,Tunis,En ligne,Carte bancaire,7,24.03,25,3.1,168.21
5375,2024-01-31,Alimentation,Bizerte,Magasin,Paiement mobile,5,25.26,38,3.7,126.3
3399,2024-01-31,Beauté,Sousse,En ligne,Carte bancaire,2,43.64,22,3.3,87.28
1657,2024-01-31,Jouets,Tunis,Magasin,Paiement mobile,6,27.72,30,4.1,166.32
3646,2024-01-31,Jouets,Sousse,Magasin,Carte bancaire,5,37.7,34,4.6,188.5
7959,2024-01-31,Beauté,Tunis,En ligne,Espèces,1,35.78,24,3.9,35.78
6747,2024-01-31,Meubles,Bizerte,Magasin,Paiement mobile,2,243.33,34,4.7,486.66
960,2024-01-31,Alimentation,Tunis,En ligne,Carte bancaire,4,19.02,22,4.6,76.08
1221,2024-02-01,Alimentation,Sfax,En ligne,Carte bancaire,1,28.45,45,5.0,28.45
7279,2024-02-01,Électronique,Sfax,En ligne,Carte bancaire,4,641.62,18,2.4,2566.48
4219,2024-02-01,Électronique,Nabeul,En ligne,Virement,3,273.51,61,3.9,820.53
2618,2024-02-01,Électronique,Sousse,En ligne,Paiement mobile,4,689.5,34,4.1,2758.0
5054,2024-02-01,Électronique,Tunis,Magasin,Carte bancaire,6,302.14,57,4.6,1812.84
6848,2024-02-01,Meubles,Sousse,En ligne,Carte bancaire,6,192.18,57,5.0,1153.08
7193,2024-02-01,Alimentation,Sfax,Magasin,Paiement mobile,7,14.9,50,3.9,104.3
6878,2024-02-01,Alimentation,Sousse,Magasin,Paiement mobile,5,26.2,61,5.0,131.0
1801,2024-02-01,Vêtements,Sfax,En ligne,Carte bancaire,5,49.88,50,4.6,249.4
2998,2024-02-01,Alimentation,Bizerte,En ligne,Espèces,5,22.03,37,3.6,110.15
6676,2024-02-01,Électronique,Nabeul,Magasin,Carte bancaire,3,668.98,29,3.8,2006.94
3650,2024-02-01,Électronique,Tunis,En ligne,Carte bancaire,7,402.92,29,3.1,2820.44
4524,2024-02-01,Alimentation,Nabeul,En ligne,Carte bancaire,1,13.54,26,3.7,13.54
6043,2024-02-01,Électronique,Gabès,En ligne,Carte bancaire,3,567.34,25,3.3,1702.02
5111,2024-02-01,Meubles,Sfax,Magasin,Paiement mobile,5,235.6,40,3.8,1178.0
4163,2024-02-01,Alimentation,Sousse,Magasin,Carte bancaire,4,25.03,45,3.7,100.12
2932,2024-02-01,Jouets,Kairouan,Magasin,Espèces,3,36.27,30,4.2,108.81
7348,2024-02-02,Jouets,Tunis,En ligne,Carte bancaire,2,28.41,48,4.3,56.82
306,2024-02-02,Sport,Tunis,Magasin,Carte bancaire,4,76.88,59,2.6,307.52
1717,2024-02-02,Vêtements,Tunis,En ligne,Virement,6,83.44,51,3.2,500.64
508,2024-02-02,Jouets,Nabeul,Magasin,Carte bancaire,2,44.9,68,1.8,89.8
6090,2024-02-02,Électronique,Nabeul,En ligne,Espèces,3,323.54,43,2.8,970.62
3835,2024-02-02,Meubles,Bizerte,En ligne,Paiement mobile,5,295.95,22,4.6,1479.75
4277,2024-02-02,Beauté,Sfax,En ligne,Carte bancaire,5,39.23,68,3.6,196.15
115,2024-02-02,Électronique,Bizerte,En ligne,Espèces,7,444.91,52,1.8,3114.37
6372,2024-02-03,Électronique,Sfax,Magasin,Carte bancaire,4,282.07,21,5.0,1128.28
6840,2024-02-03,Sport,Nabeul,En ligne,Espèces,7,110.66,62,5.0,774.62
855,2024-02-03,Beauté,Bizerte,Magasin,Carte bancaire,2,36.9,63,4.0,73.8
6606,2024-02-03,Meubles,Kairouan,En ligne,Carte bancaire,4,390.18,51,4.3,1560.72
7248,2024-02-03,Électronique,Gabès,En ligne,Virement,3,330.31,65,4.8,990.93
1344,2024-02-03,Sport,Bizerte,En ligne,Carte bancaire,2,79.72,20,3.6,159.44
928,2024-02-03,Sport,Gabès,En ligne,Virement,5,99.22,37,4.3,496.1
7465,2024-02-03,Beauté,Sousse,En ligne,Carte bancaire,6,25.49,23,3.7,152.94
5647,2024-02-03,Électronique,Sousse,Magasin,Carte bancaire,7,456.36,26,4.4,3194.52
6507,2024-02-03,Beauté,Sfax,En ligne,Paiement mobile,1,35.27,33,3.7,35.27
7104,2024-02-03,Alimentation,Sfax,Magasin,Carte bancaire,7,17.58,45,4.5,123.06
3046,2024-02-03,Vêtements,Nabeul,En ligne,Carte bancaire,4,48.37,65,2.6,193.48
762,2024-02-03,Jouets,Bizerte,Magasin,Virement,1,23.9,33,3.1,23.9
1496,2024-02-03,Meubles,Tunis,Magasin,Carte bancaire,4,358.99,18,3.3,1435.96
815,2024-02-03,Jouets,Kairouan,En ligne,Carte bancaire,3,47.84,48,3.4,143.52
4022,2024-02-03,Alimentation,Tunis,En ligne,Paiement mobile,6,29.41,55,3.4,176.46
2502,2024-02-03,Sport,Sousse,En ligne,Espèces,7,52.5,39,3.8,367.5
1901,2024-02-04,Meubles,Nabeul,En ligne,Paiement mobile,4,321.12,57,3.6,1284.48
3425,2024-02-04,Jouets,Nabeul,En ligne,Paiement mobile,6,36.3,50,3.0,217.8
3179,2024-02-04,Jouets,Gabès,En ligne,Carte bancaire,4,51.49,45,3.6,205.96
327,2024-02-04,Beauté,Bizerte,En ligne,Carte bancaire,4,28.14,69,5.0,112.56
5992,2024-02-04,Alimentation,Kairouan,Magasin,Carte bancaire,3,20.16,57,3.4,60.48
7635,2024-02-04,Alimentation,Bizerte,Magasin,Carte bancaire,4,18.24,49,5.0,72.96
6483,2024-02-04,Jouets,Tunis,En ligne,Carte bancaire,6,55.43,45,3.8,332.58
6836,2024-02-04,Alimentation,Kairouan,Magasin,Carte bancaire,7,29.08,56,3.9,203.56
3562,2024-02-04,Alimentation,Gabès,Magasin,Virement,2,29.45,28,4.8,58.9
2013,2024-02-04,Sport,Tunis,En ligne,Carte bancaire,2,97.78,53,2.8,195.56
124,2024-02-04,Sport,Tunis,En ligne,Carte bancaire,6,64.59,36,4.1,387.54
3592,2024-02-04,Vêtements,Nabeul,En ligne,Virement,4,77.92,32,4.1,311.68
7094,2024-02-04,Électronique,Sfax,En ligne,Espèces,4,650.85,50,4.6,2603.4
3166,2024-02-04,Meubles,Tunis,Magasin,Carte bancaire,6,209.93,69,4.9,1259.58
6153,2024-02-04,Jouets,Gabès,Magasin,Carte bancaire,3,39.49,19,4.5,118.47
6547,2024-02-04,Électronique,Sousse,Magasin,Carte bancaire,6,508.57,28,3.2,3051.42
709,2024-02-04,Meubles,Kairouan,Magasin,Espèces,6,463.31,62,2.7,2779.86
2803,2024-02-04,Sport,Kairouan,En ligne,Carte bancaire,2,69.68,66,4.6,139.36
4540,2024-02-04,Alimentation,Sousse,Magasin,Espèces,5,21.39,40,3.3,106.95
6241,2024-02-04,Alimentation,Tunis,En ligne,Espèces,7,15.72,55,2.5,110.04
1028,2024-02-04,Électronique,Nabeul,En ligne,Paiement mobile,4,408.35,35,4.0,1633.4
7768,2024-02-04,Vêtements,Tunis,En ligne,Espèces,6,40.33,69,3.6,241.98
524,2024-02-04,Vêtements,Sfax,Magasin,Paiement mobile,3,38.39,42,4.1,115.17
3108,2024-02-04,Vêtements,Sfax,En ligne,Carte bancaire,7,62.35,58,4.3,436.45
59,2024-02-04,Vêtements,Gabès,En ligne,Espèces,1,54.69,52,4.2,54.69
6354,2024-02-04,Jouets,Bizerte,En ligne,Carte bancaire,5,47.5,66,3.5,237.5
7572,2024-02-05,Alimentation,Kairouan,Magasin,Carte bancaire,4,14.89,65,3.4,59.56
6818,2024-02-05,Sport,Sfax,Magasin,Paiement mobile,5,67.03,18,4.7,335.15
5804,2024-02-05,Alimentation,Tunis,Magasin,Paiement mobile,1,13.19,46,4.7,13.19
546,2024-02-05,Électronique,Bizerte,En ligne,Carte bancaire,7,336.12,47,3.0,2352.84
151,2024-02-05,Électronique,Sfax,Magasin,Paiement mobile,6,670.39,65,3.6,4022.34
3997,2024-02-05,Beauté,Gabès,En ligne,Espèces,2,52.91,20,4.2,105.82
2190,2024-02-05,Sport,Kairouan,En ligne,Virement,1,71.87,23,4.3,71.87
6508,2024-02-05,Vêtements,Nabeul,En ligne,Carte bancaire,4,74.61,26,3.7,298.44
2834,2024-02-05,Beauté,Tunis,En ligne,Paiement mobile,5,32.49,33,3.5,162.45
1286,2024-02-05,Alimentation,Tunis,En ligne,Carte bancaire,4,16.45,21,4.0,65.8
1397,2024-02-05,Vêtements,Bizerte,En ligne,Carte bancaire,1,68.37,44,4.0,68.37
5010,2024-02-05,Alimentation,Sousse,En ligne,Espèces,4,24.11,30,4.7,96.44
963,2024-02-05,Alimentation,Sousse,En ligne,Espèces,6,13.33,53,3.4,79.98
4527,2024-02-05,Alimentation,Nabeul,Magasin,Carte bancaire,6,13.19,20,3.9,79.14
2268,2024-02-05,Électronique,Tunis,Magasin,Espèces,2,456.16,53,3.9,912.32
382,2024-02-05,Jouets,Sfax,En ligne,Carte bancaire,6,51.22,20,4.8,307.32
2309,2024-02-05,Sport,Kairouan,En ligne,Carte bancaire,4,65.72,54,4.7,262.88
7451,2024-02-06,Sport,Bizerte,En ligne,Paiement mobile,6,84.11,26,3.4,504.66
3580,2024-02-06,Jouets,Sfax,En ligne,Carte bancaire,1,21.56,54,4.3,21.56
552,2024-02-06,Alimentation,Sfax,En ligne,Paiement mobile,4,17.33,47,3.1,69.32
4467,2024-02-06,Meubles,Kairouan,En ligne,Paiement mobile,7,372.0,30,4.1,2604.0
268,2024-02-06,Beauté,Tunis,En ligne,Espèces,2,53.84,41,5.0,107.68
3582,2024-02-06,Meubles,Sfax,En ligne,Espèces,7,215.43,39,4.4,1508.01
4451,2024-02-06,Vêtements,Nabeul,En ligne,Espèces,1,55.35,44,3.5,55.35
3421,2024-02-06,Jouets,Gabès,Magasin,Carte bancaire,1,33.35,48,5.0,33.35
1609,2024-02-06,Vêtements,Sfax,Magasin,Paiement mobile,4,92.19,31,3.8,368.76
338,2024-02-06,Jouets,Tunis,En ligne,Espèces,5,30.37,34,4.6,151.85
7971,2024-02-06,Meubles,Tunis,En ligne,Carte bancaire,1,429.37,58,3.5,429.37
5348,2024-02-06,Alimentation,Sousse,En ligne,Espèces,6,13.7,30,4.1,82.2
1893,2024-02-06,Beauté,Sousse,Magasin,Virement,6,54.17,53,4.0,325.02
6265,2024-02-06,Jouets,Kairouan,En ligne,Carte bancaire,3,27.12,38,2.8,81.36
1692,2024-02-06,Meubles,Tunis,En ligne,Paiement mobile,2,230.12,65,4.2,460.24
6432,2024-02-06,Électronique,Gabès,En ligne,Espèces,5,277.07,44,2.8,1385.35
3258,2024-02-06,Jouets,Bizerte,Magasin,Espèces,1,22.37,48,4.5,22.37
5236,2024-02-07,Électronique,Nabeul,En ligne,Espèces,6,298.87,58,3.9,1793.22
2721,2024-02-07,Vêtements,Gabès,En ligne,Carte bancaire,2,37.51,19,5.0,75.02
6615,2024-02-07,Alimentation,Sousse,Magasin,Carte bancaire,5,16.6,40,3.6,83.0
7855,2024-02-07,Vêtements,Sousse,En ligne,Espèces,3,81.72,62,4.1,245.16
4137,2024-02-07,Alimentation,Gabès,Magasin,Virement,5,15.95,34,2.6,79.75
7630,2024-02-07,Jouets,Gabès,En ligne,Virement,1,48.18,44,3.1,48.18
996,2024-02-07,Vêtements,Tunis,Magasin,Espèces,7,93.04,31,5.0,651.28
1018,2024-02-07,Électronique,Gabès,En ligne,Espèces,7,551.95,58,3.9,3863.65
3198,2024-02-07,Électronique,Sousse,Magasin,Carte bancaire,3,582.41,26,5.0,1747.23
1127,2024-02-07,Alimentation,Tunis,En ligne,Espèces,3,24.51,65,3.5,73.53
2344,2024-02-07,Jouets,Tunis,En ligne,Carte bancaire,2,47.29,35,4.3,94.58
4817,2024-02-07,Sport,Gabès,En ligne,Espèces,7,96.06,64,4.8,672.42
4430,2024-02-07,Alimentation,Gabès,Magasin,Carte bancaire,1,20.4,40,4.1,20.4
5656,2024-02-07,Jouets,Nabeul,Magasin,Paiement mobile,1,36.35,35,5.0,36.35
6340,2024-02-07,Électronique,Nabeul,En ligne,Carte bancaire,5,272.88,44,2.7,1364.4
1604,2024-02-07,Beauté,Gabès,Magasin,Carte bancaire,4,46.63,68,3.8,186.52
4494,2024-02-07,Sport,Bizerte,Magasin,Paiement mobile,3,59.0,25,3.1,177.0
2569,2024-02-07,Vêtements,Kairouan,Magasin,Espèces,7,61.96,26,3.5,433.72
311,2024-02-07,Meubles,Tunis,En ligne,Espèces,1,246.83,23,4.0,246.83
5064,2024-02-07,Vêtements,Gabès,En ligne,Virement,7,56.23,31,4.3,393.61
1084,2024-02-07,Alimentation,Sfax,Magasin,Carte bancaire,1,14.06,54,2.2,14.06
3103,2024-02-07,Jouets,Gabès,En ligne,Carte bancaire,4,26.29,68,4.0,105.16
1072,2024-02-08,Électronique,Tunis,En ligne,Carte bancaire,4,338.78,57,3.6,1355.12
7180,2024-02-08,Alimentation,Sfax,En ligne,Paiement mobile,2,25.74,59,2.7,51.48
4407,2024-02-08,Électronique,Bizerte,En ligne,Espèces,2,356.9,24,3.6,713.8
7868,2024-02-08,Beauté,Kairouan,Magasin,Carte bancaire,1,54.65,35,4.4,54.65
586,2024-02-08,Vêtements,Sousse,Magasin,Carte bancaire,1,48.53,50,3.8,48.53
3089,2024-02-08,Jouets,Sfax,Magasin,Carte bancaire,3,23.64,28,3.9,70.92
5087,2024-02-08,Électronique,Gabès,En ligne,Carte bancaire,3,687.11,67,3.5,2061.33
1416,2024-02-08,Électronique,Bizerte,Magasin,Carte bancaire,3,496.38,39,4.2,1489.14
7878,2024-02-08,Beauté,Sousse,Magasin,Carte bancaire,5,43.61,38,2.9,218.05
5775,2024-02-08,Alimentation,Nabeul,Magasin,Carte bancaire,1,21.18,60,4.4,21.18
2033,2024-02-08,Meubles,Kairouan,Magasin,Virement,5,266.81,65,4.0,1334.05
4541,2024-02-08,Jouets,Sousse,En ligne,Carte bancaire,5,43.13,31,4.0,215.65
5005,2024-02-08,Sport,Bizerte,Magasin,Paiement mobile,4,91.35,30,3.1,365.4
1726,2024-02-08,Alimentation,Gabès,En ligne,Espèces,7,26.15,31,2.4,183.05
4152,2024-02-08,Vêtements,Sfax,En ligne,Carte bancaire,2,44.4,58,2.6,88.8
5936,2024-02-08,Beauté,Sousse,Magasin,Carte bancaire,6,34.07,37,4.3,204.42
7754,2024-02-08,Vêtements,Tunis,En ligne,Virement,4,43.72,32,4.3,174.88
3268,2024-02-08,Meubles,Tunis,En ligne,Espèces,2,320.49,35,4.3,640.98
477,2024-02-08,Sport,Sousse,Magasin,Paiement mobile,3,70.85,27,4.2,212.55
1504,2024-02-08,Vêtements,Sfax,Magasin,Espèces,2,94.07,41,2.7,188.14
909,2024-02-08,Meubles,Tunis,Magasin,Paiement mobile,5,284.18,46,3.6,1420.9
250,2024-02-08,Beauté,Sfax,Magasin,Virement,6,42.04,19,3.2,252.24
7571,2024-02-08,Vêtements,Sousse,En ligne,Espèces,2,71.66,22,5.0,143.32
6382,2024-02-08,Jouets,Kairouan,En ligne,Carte bancaire,7,28.58,49,3.6,200.06
1485,2024-02-08,Jouets,Sfax,En ligne,Espèces,7,48.65,26,3.7,340.55
373,2024-02-08,Électronique,Gabès,Magasin,Virement,5,478.56,46,3.3,2392.8
3985,2024-02-08,Jouets,Bizerte,En ligne,Espèces,1,28.18,48,4.2,28.18
766,2024-02-08,Sport,Bizerte,En ligne,Carte bancaire,5,58.68,20,3.6,293.4
2184,2024-02-08,Alimentation,Bizerte,Magasin,Paiement mobile,7,27.05,23,3.3,189.35
7791,2024-02-08,Meubles,Tunis,En ligne,Paiement mobile,6,249.39,60,4.3,1496.34
6057,2024-02-08,Alimentation,Sfax,En ligne,Virement,4,19.76,69,3.8,79.04
638,2024-02-08,Jouets,Sfax,En ligne,Carte bancaire,1,34.1,52,2.7,34.1
3325,2024-02-08,Vêtements,Bizerte,En ligne,Espèces,3,87.68,26,2.5,263.04
6055,2024-02-08,Vêtements,Kairouan,En ligne,Paiement mobile,6,72.63,56,3.0,435.78
2621,2024-02-08,Électronique,Nabeul,En ligne,Carte bancaire,6,307.23,50,4.9,1843.38
1662,2024-02-08,Meubles,Tunis,Magasin,Carte bancaire,4,188.88,52,3.3,755.52
7535,2024-02-09,Alimentation,Sousse,Magasin,Espèces,3,27.44,66,3.7,82.32
4748,2024-02-09,Alimentation,Nabeul,Magasin,Virement,2,13.27,51,3.2,26.54
1321,2024-02-09,Électronique,Sfax,Magasin,Carte bancaire,3,557.09,61,3.7,1671.27
2453,2024-02-09,Vêtements,Sfax,Magasin,Espèces,7,82.7,46,4.7,578.9
1937,2024-02-09,Électronique,Kairouan,Magasin,Virement,7,441.17,55,2.6,3088.19
1599,2024-02-09,Meubles,Tunis,Magasin,Virement,3,363.19,35,4.5,1089.57
2987,2024-02-09,Alimentation,Sfax,Magasin,Carte bancaire,6,15.34,34,3.0,92.04
5380,2024-02-09,Électronique,Sousse,En ligne,Carte bancaire,5,482.82,60,4.7,2414.1
5335,2024-02-09,Jouets,Nabeul,En ligne,Carte bancaire,1,37.81,31,4.7,37.81
7764,2024-02-09,Alimentation,Sousse,Magasin,Carte bancaire,2,26.83,40,3.3,53.66
1615,2024-02-09,Sport,Bizerte,En ligne,Espèces,6,80.75,69,4.2,484.5
961,2024-02-09,Meubles,Tunis,Magasin,Carte bancaire,1,186.17,45,2.7,186.17
1626,2024-02-09,Électronique,Sousse,En ligne,Carte bancaire,3,546.89,21,3.3,1640.67
4100,2024-02-09,Beauté,Sfax,Magasin,Carte bancaire,1,43.34,39,4.6,43.34
7293,2024-02-09,Alimentation,Sousse,En ligne,Carte bancaire,5,31.88,46,3.8,159.4
4080,2024-02-09,Alimentation,Tunis,En ligne,Carte bancaire,2,18.86,62,4.9,37.72
4692,2024-02-09,Vêtements,Tunis,Magasin,Espèces,1,54.03,48,5.0,54.03
5055,2024-02-09,Meubles,Sousse,En ligne,Carte bancaire,2,430.64,50,2.3,861.28
1624,2024-02-09,Beauté,Tunis,En ligne,Espèces,3,31.1,22,4.9,93.3
1343,2024-02-10,Jouets,Sousse,En ligne,Carte bancaire,2,48.88,44,4.4,97.76
3267,2024-02-10,Sport,Tunis,En ligne,Carte bancaire,7,119.17,64,4.1,834.19
5759,2024-02-10,Meubles,Tunis,Magasin,Paiement mobile,7,224.24,37,3.8,1569.68
6903,2024-02-10,Jouets,Kairouan,Magasin,Virement,1,33.36,38,3.6,33.36
6877,2024-02-10,Vêtements,Tunis,En ligne,Paiement mobile,6,57.29,66,4.6,343.74
3741,2024-02-10,Jouets,Tunis,En ligne,Paiement mobile,2,25.95,43,2.9,51.9
4090,2024-02-10,Meubles,Tunis,En ligne,Carte bancaire,6,451.02,37,3.0,2706.12
3047,2024-02-10,Meubles,Sousse,En ligne,Carte bancaire,3,322.62,41,3.7,967.86
4058,2024-02-10,Alimentation,Sfax,En ligne,Espèces,6,28.76,28,3.3,172.56
91,2024-02-10,Électronique,Sfax,Magasin,Espèces,4,433.87,59,5.0,1735.48
109,2024-02-10,Beauté,Bizerte,En ligne,Virement,3,39.03,38,3.9,117.09
6558,2024-02-10,Alimentation,Sousse,Magasin,Virement,2,20.53,63,3.0,41.06
3367,2024-02-10,Électronique,Sfax,En ligne,Espèces,4,610.71,55,3.5,2442.84
1849,2024-02-10,Jouets,Sousse,En ligne,Virement,6,52.01,41,4.5,312.06
3313,2024-02-10,Vêtements,Sousse,En ligne,Carte bancaire,1,73.3,47,5.0,73.3
3260,2024-02-10,Sport,Gabès,En ligne,Virement,7,51.92,52,4.3,363.44
4403,2024-02-10,Sport,Tunis,En ligne,Carte bancaire,1,92.58,38,3.5,92.58
700,2024-02-10,Alimentation,Sousse,En ligne,Carte bancaire,4,28.02,44,4.5,112.08
1952,2024-02-10,Jouets,Tunis,En ligne,Espèces,1,25.57,51,3.8,25.57
4336,2024-02-10,Alimentation,Sfax,En ligne,Carte bancaire,4,23.96,42,3.2,95.84
3149,2024-02-10,Alimentation,Sousse,En ligne,Carte bancaire,2,21.78,51,3.2,43.56
1811,2024-02-10,Sport,Sfax,Magasin,Carte bancaire,4,125.68,25,4.1,502.72
7345,2024-02-11,Alimentation,Nabeul,En ligne,Espèces,7,19.51,34,3.9,136.57
6930,2024-02-11,Électronique,Sousse,En ligne,Paiement mobile,5,613.08,24,5.0,3065.4
7993,2024-02-11,Alimentation,Tunis,Magasin,Carte bancaire,5,24.32,49,2.9,121.6
6142,2024-02-11,Électronique,Kairouan,En ligne,Carte bancaire,1,402.72,60,4.2,402.72
5749,2024-02-11,Électronique,Bizerte,Magasin,Virement,1,477.37,49,3.9,477.37
5941,2024-02-11,Vêtements,Sfax,En ligne,Paiement mobile,4,86.11,25,3.6,344.44
6500,2024-02-11,Vêtements,Sousse,En ligne,Paiement mobile,1,36.93,25,3.0,36.93
2264,2024-02-11,Meubles,Tunis,En ligne,Virement,6,365.75,18,3.1,2194.5
3447,2024-02-11,Électronique,Bizerte,En ligne,Espèces,1,331.61,50,4.7,331.61
1077,2024-02-11,Électronique,Tunis,En ligne,Espèces,3,703.88,49,4.8,2111.64
2513,2024-02-11,Électronique,Sfax,Magasin,Carte bancaire,5,458.3,60,4.7,2291.5
7470,2024-02-11,Vêtements,Sousse,Magasin,Carte bancaire,4,65.18,18,3.5,260.72
2955,2024-02-11,Vêtements,Bizerte,En ligne,Espèces,2,89.32,33,4.2,178.64
2511,2024-02-11,Électronique,Bizerte,En ligne,Virement,2,556.49,22,4.7,1112.98
7554,2024-02-11,Sport,Tunis,En ligne,Paiement mobile,2,117.94,53,4.2,235.88
2253,2024-02-11,Jouets,Tunis,En ligne,Espèces,7,29.65,51,4.0,207.55
7236,2024-02-11,Alimentation,Tunis,Magasin,Espèces,6,12.3,62,2.5,73.8
1341,2024-02-11,Alimentation,Sfax,Magasin,Paiement mobile,1,23.32,23,3.5,23.32
2977,2024-02-11,Sport,Sousse,En ligne,Carte bancaire,5,76.9,58,3.1,384.5
5203,2024-02-11,Alimentation,Tunis,Magasin,Carte bancaire,2,17.04,48,3.2,34.08
137,2024-02-11,Meubles,Nabeul,Magasin,Paiement mobile,5,461.42,28,4.1,2307.1
6745,2024-02-11,Alimentation,Sfax,Magasin,Paiement mobile,6,21.72,29,4.8,130.32
2372,2024-02-11,Électronique,Gabès,Magasin,Espèces,3,563.64,29,3.8,1690.92
589,2024-02-11,Alimentation,Sfax,En ligne,Espèces,5,16.89,42,3.4,84.45
1052,2024-02-11,Vêtements,Tunis,En ligne,Virement,5,51.31,36,4.7,256.55
1414,2024-02-11,Beauté,Kairouan,En ligne,Paiement mobile,2,38.61,38,4.4,77.22
933,2024-02-11,Vêtements,Tunis,Magasin,Carte bancaire,5,87.56,65,4.2,437.8
7995,2024-02-11,Beauté,Sfax,Magasin,Carte bancaire,7,41.69,61,3.7,291.83
6368,2024-02-11,Jouets,Gabès,En ligne,Paiement mobile,4,51.23,63,4.0,204.92
7555,2024-02-11,Électronique,Sfax,En ligne,Carte bancaire,7,313.9,31,4.1,2197.3
7894,2024-02-12,Sport,Bizerte,En ligne,Carte bancaire,7,110.37,69,2.9,772.59
2899,2024-02-12,Électronique,Tunis,Magasin,Espèces,6,682.86,52,3.6,4097.16
5922,2024-02-12,Beauté,Tunis,Magasin,Carte bancaire,6,33.38,60,3.6,200.28
821,2024-02-12,Jouets,Tunis,Magasin,Carte bancaire,4,23.71,35,4.5,94.84
3844,2024-02-12,Alimentation,Gabès,En ligne,Paiement mobile,3,22.38,64,3.8,67.14
4245,2024-02-12,Jouets,Sousse,En ligne,Virement,2,41.58,58,3.5,83.16
5602,2024-02-12,Vêtements,Nabeul,En ligne,Paiement mobile,4,54.72,44,3.4,218.88
4223,2024-02-12,Jouets,Sfax,En ligne,Paiement mobile,4,21.73,27,5.0,86.92
2426,2024-02-12,Vêtements,Gabès,Magasin,Espèces,7,43.5,53,4.5,304.5
3244,2024-02-12,Alimentation,Nabeul,Magasin,Carte bancaire,4,28.94,20,3.8,115.76
4911,2024-02-12,Alimentation,Bizerte,En ligne,Carte bancaire,4,28.72,34,4.1,114.88
516,2024-02-12,Alimentation,Sousse,Magasin,Virement,4,28.31,67,4.6,113.24
2141,2024-02-12,Électronique,Sfax,En ligne,Carte bancaire,7,546.59,39,4.2,3826.13
6851,2024-02-12,Vêtements,Kairouan,En ligne,Carte bancaire,7,59.17,21,3.4,414.19
2548,2024-02-12,Électronique,Sousse,En ligne,Carte bancaire,6,324.55,29,4.8,1947.3
6202,2024-02-12,Alimentation,Tunis,En ligne,Virement,1,23.58,26,2.7,23.58
4402,2024-02-12,Vêtements,Nabeul,En ligne,Carte bancaire,2,48.56,49,2.7,97.12
5849,2024-02-12,Sport,Tunis,Magasin,Carte bancaire,5,122.53,40,4.4,612.65
7503,2024-02-12,Vêtements,Tunis,En ligne,Paiement mobile,4,46.71,25,4.7,186.84
657,2024-02-13,Alimentation,Tunis,En ligne,Paiement mobile,6,23.28,46,4.7,139.68
7166,2024-02-13,Meubles,Sfax,Magasin,Carte bancaire,5,184.64,34,4.2,923.2
5442,2024-02-13,Alimentation,Tunis,Magasin,Espèces,1,25.36,51,4.0,25.36
5186,2024-02-13,Alimentation,Kairouan,Magasin,Carte bancaire,6,27.46,38,3.1,164.76
5839,2024-02-13,Électronique,Bizerte,En ligne,Espèces,2,526.3,68,4.3,1052.6
7164,2024-02-13,Vêtements,Sfax,En ligne,Carte bancaire,1,76.52,19,4.9,76.52
2652,2024-02-13,Beauté,Kairouan,Magasin,Espèces,4,28.52,64,4.6,114.08
5836,2024-02-13,Meubles,Bizerte,En ligne,Espèces,4,309.84,26,5.0,1239.36
5434,2024-02-13,Jouets,Tunis,Magasin,Espèces,7,29.24,23,4.8,204.68
1427,2024-02-13,Alimentation,Gabès,Magasin,Espèces,1,29.35,36,5.0,29.35
4724,2024-02-13,Jouets,Tunis,En ligne,Virement,2,39.13,69,5.0,78.26
3994,2024-02-13,Vêtements,Tunis,Magasin,Paiement mobile,7,39.68,58,3.8,277.76
71,2024-02-13,Jouets,Bizerte,Magasin,Espèces,2,35.58,67,2.7,71.16
1999,2024-02-13,Jouets,Nabeul,En ligne,Paiement mobile,4,27.97,49,4.7,111.88
3789,2024-02-13,Beauté,Gabès,En ligne,Paiement mobile,7,43.26,49,2.6,302.82
167,2024-02-13,Électronique,Tunis,En ligne,Espèces,5,557.31,48,3.3,2786.55
517,2024-02-13,Vêtements,Kairouan,En ligne,Carte bancaire,6,91.1,45,5.0,546.6
2953,2024-02-13,Alimentation,Kairouan,Magasin,Carte bancaire,2,15.76,28,5.0,31.52
7682,2024-02-13,Jouets,Bizerte,Magasin,Carte bancaire,5,26.55,33,4.6,132.75
6814,2024-02-13,Jouets,Sousse,En ligne,Virement,2,45.11,42,4.1,90.22
7052,2024-02-13,Alimentation,Sfax,Magasin,Virement,7,31.32,44,3.4,219.24
7440,2024-02-13,Électronique,Tunis,Magasin,Virement,1,618.8,61,4.3,618.8
6079,2024-02-13,Sport,Sousse,En ligne,Carte bancaire,2,94.02,19,4.9,188.04
7020,2024-02-13,Meubles,Sousse,En ligne,Carte bancaire,6,358.86,22,3.9,2153.16
5294,2024-02-13,Beauté,Kairouan,Magasin,Carte bancaire,7,30.41,29,4.3,212.87
2850,2024-02-13,Meubles,Sousse,En ligne,Espèces,1,451.66,60,5.0,451.66
7679,2024-02-14,Vêtements,Gabès,Magasin,Paiement mobile,5,90.59,25,3.7,452.95
3406,2024-02-14,Beauté,Sfax,En ligne,Carte bancaire,6,47.6,58,3.2,285.6
4947,2024-02-14,Beauté,Nabeul,Magasin,Virement,4,47.36,65,2.5,189.44
3275,2024-02-14,Électronique,Tunis,Magasin,Carte bancaire,3,423.91,39,3.3,1271.73
161,2024-02-14,Meubles,Tunis,En ligne,Espèces,4,425.24,33,3.9,1700.96
6374,2024-02-14,Meubles,Sfax,En ligne,Paiement mobile,7,250.03,20,2.3,1750.21
7793,2024-02-14,Alimentation,Bizerte,Magasin,Paiement mobile,7,22.14,23,2.2,154.98
6933,2024-02-14,Alimentation,Tunis,Magasin,Carte bancaire,2,13.41,50,3.3,26.82
5645,2024-02-14,Vêtements,Tunis,Magasin,Carte bancaire,1,77.59,54,5.0,77.59
1643,2024-02-14,Vêtements,Sfax,En ligne,Carte bancaire,3,93.79,37,4.4,281.37
1654,2024-02-14,Alimentation,Nabeul,Magasin,Virement,3,18.7,68,5.0,56.1
5132,2024-02-14,Vêtements,Kairouan,Magasin,Carte bancaire,5,82.42,61,4.6,412.1
6809,2024-02-14,Jouets,Bizerte,Magasin,Espèces,1,52.62,52,5.0,52.62
5477,2024-02-14,Jouets,Kairouan,Magasin,Carte bancaire,5,52.94,59,4.5,264.7
3608,2024-02-14,Vêtements,Sfax,En ligne,Paiement mobile,7,75.15,30,4.0,526.05
7453,2024-02-14,Jouets,Tunis,En ligne,Espèces,6,41.45,31,2.9,248.7
6167,2024-02-14,Alimentation,Nabeul,Magasin,Carte bancaire,7,21.45,39,3.5,150.15
6246,2024-02-14,Meubles,Kairouan,Magasin,Carte bancaire,6,334.12,49,4.6,2004.72
4679,2024-02-14,Électronique,Nabeul,Magasin,Carte bancaire,6,453.82,31,4.8,2722.92
4557,2024-02-14,Meubles,Tunis,Magasin,Paiement mobile,3,380.49,44,3.8,1141.47
3854,2024-02-14,Alimentation,Sfax,Magasin,Espèces,4,13.78,58,5.0,55.12
7881,2024-02-15,Sport,Sfax,En ligne,Paiement mobile,6,76.49,24,4.2,458.94
5885,2024-02-15,Vêtements,Tunis,Magasin,Paiement mobile,5,42.61,48,4.4,213.05
7042,2024-02-15,Électronique,Sousse,En ligne,Paiement mobile,3,524.8,54,5.0,1574.4
6980,2024-02-15,Électronique,Gabès,Magasin,Espèces,3,399.97,28,3.6,1199.91
3498,2024-02-15,Jouets,Sousse,En ligne,Espèces,6,34.25,25,4.3,205.5
4094,2024-02-15,Beauté,Tunis,En ligne,Carte bancaire,2,34.81,27,2.3,69.62
3274,2024-02-15,Vêtements,Kairouan,En ligne,Virement,4,46.11,48,4.0,184.44
1672,2024-02-15,Meubles,Nabeul,En ligne,Carte bancaire,3,343.94,47,4.1,1031.82
5963,2024-02-15,Alimentation,Sousse,Magasin,Paiement mobile,2,20.38,41,3.9,40.76
334,2024-02-15,Alimentation,Sousse,Magasin,Carte bancaire,4,25.19,66,4.2,100.76
1775,2024-02-15,Jouets,Bizerte,Magasin,Espèces,5,37.12,34,4.3,185.6
4381,2024-02-15,Vêtements,Kairouan,En ligne,Espèces,6,64.97,48,5.0,389.82
3793,2024-02-15,Électronique,Sfax,En ligne,Carte bancaire,7,473.01,38,4.8,3311.07
3102,2024-02-15,Alimentation,Bizerte,En ligne,Carte bancaire,1,31.45,57,3.9,31.45
1366,2024-02-15,Jouets,Sousse,Magasin,Carte bancaire,6,33.98,39,4.0,203.88
5833,2024-02-15,Alimentation,Nabeul,Magasin,Espèces,5,14.71,55,5.0,73.55
4555,2024-02-15,Alimentation,Nabeul,En ligne,Carte bancaire,4,16.29,38,4.4,65.16
3921,2024-02-15,Jouets,Nabeul,En ligne,Espèces,4,36.69,26,3.9,146.76
708,2024-02-15,Alimentation,Tunis,En ligne,Carte bancaire,4,22.48,43,3.6,89.92
1813,2024-02-15,Sport,Tunis,En ligne,Carte bancaire,3,96.88,59,3.3,290.64
854,2024-02-15,Vêtements,Bizerte,En ligne,Carte bancaire,2,95.41,23,3.3,190.82
6280,2024-02-15,Vêtements,Tunis,Magasin,Carte bancaire,6,84.49,60,4.0,506.94
7930,2024-02-16,Vêtements,Sousse,Magasin,Carte bancaire,6,63.25,45,2.8,379.5
3385,2024-02-16,Beauté,Sfax,Magasin,Carte bancaire,4,49.64,48,4.8,198.56
5542,2024-02-16,Jouets,Sousse,Magasin,Espèces,1,25.83,30,2.8,25.83
1452,2024-02-16,Meubles,Nabeul,Magasin,Carte bancaire,1,218.4,54,4.0,218.4
4582,2024-02-16,Vêtements,Bizerte,Magasin,Carte bancaire,2,36.86,36,2.5,73.72
6596,2024-02-16,Meubles,Sfax,Magasin,Espèces,1,271.46,44,4.6,271.46
2197,2024-02-16,Vêtements,Sfax,Magasin,Paiement mobile,5,60.59,36,3.2,302.95
1565,2024-02-16,Alimentation,Nabeul,Magasin,Espèces,1,28.7,65,3.6,28.7
1109,2024-02-16,Beauté,Kairouan,Magasin,Carte bancaire,6,39.94,63,2.1,239.64
3188,2024-02-16,Électronique,Nabeul,En ligne,Carte bancaire,7,301.86,18,3.4,2113.02
6049,2024-02-16,Meubles,Gabès,Magasin,Carte bancaire,1,341.99,24,4.1,341.99
673,2024-02-16,Meubles,Nabeul,Magasin,Espèces,6,277.27,36,4.1,1663.62
6942,2024-02-16,Alimentation,Sousse,Magasin,Carte bancaire,7,30.35,57,2.4,212.45
6005,2024-02-16,Alimentation,Kairouan,En ligne,Espèces,3,28.43,39,3.9,85.29
7614,2024-02-16,Beauté,Tunis,En ligne,Paiement mobile,2,28.75,23,4.4,57.5
422,2024-02-16,Sport,Tunis,En ligne,Espèces,4,73.62,44,4.0,294.48
5715,2024-02-16,Vêtements,Sousse,Magasin,Carte bancaire,7,49.27,46,3.7,344.89
7852,2024-02-16,Beauté,Sfax,En ligne,Espèces,1,29.7,56,4.8,29.7
3902,2024-02-16,Vêtements,Tunis,En ligne,Carte bancaire,4,38.46,41,3.8,153.84
4283,2024-02-16,Électronique,Sousse,Magasin,Espèces,3,589.52,69,3.9,1768.56
862,2024-02-16,Jouets,Sousse,En ligne,Virement,5,26.39,40,3.7,131.95
2973,2024-02-16,Vêtements,Tunis,Magasin,Virement,4,87.78,39,4.4,351.12
991,2024-02-16,Vêtements,Sfax,Magasin,Espèces,4,78.99,60,4.4,315.96
471,2024-02-16,Meubles,Kairouan,En ligne,Virement,5,257.33,47,5.0,1286.65
4150,2024-02-16,Alimentation,Tunis,En ligne,Carte bancaire,6,25.1,51,4.0,150.6
2779,2024-02-16,Alimentation,Sousse,En ligne,Espèces,1,23.82,49,4.5,23.82
4411,2024-02-16,Vêtements,Sousse,En ligne,Carte bancaire,1,80.23,19,3.0,80.23
2781,2024-02-16,Vêtements,Sousse,En ligne,Paiement mobile,4,92.35,42,3.8,369.4
3490,2024-02-16,Meubles,Sousse,Magasin,Paiement mobile,5,223.56,33,5.0,1117.8
3068,2024-02-16,Jouets,Kairouan,En ligne,Carte bancaire,5,42.93,24,5.0,214.65
3529,2024-02-17,Meubles,Tunis,En ligne,Virement,5,180.38,36,3.3,901.9
4350,2024-02-17,Beauté,Sousse,En ligne,Virement,3,37.38,35,5.0,112.14
2522,2024-02-17,Vêtements,Tunis,Magasin,Virement,3,87.61,58,4.4,262.83
4711,2024-02-17,Alimentation,Tunis,En ligne,Carte bancaire,4,14.27,19,4.5,57.08
4863,2024-02-17,Sport,Bizerte,Magasin,Paiement mobile,7,59.95,58,3.7,419.65
6381,2024-02-17,Vêtements,Nabeul,Magasin,Virement,4,78.72,31,3.2,314.88
116,2024-02-17,Électronique,Sousse,Magasin,Paiement mobile,5,509.02,39,5.0,2545.1
4364,2024-02-17,Beauté,Tunis,En ligne,Carte bancaire,7,59.86,49,3.7,419.02
4659,2024-02-17,Alimentation,Tunis,Magasin,Virement,1,20.34,42,3.7,20.34
7860,2024-02-17,Alimentation,Tunis,Magasin,Espèces,5,29.66,43,3.7,148.3
5559,2024-02-17,Sport,Bizerte,Magasin,Virement,1,112.92,55,4.5,112.92
7419,2024-02-17,Électronique,Sfax,Magasin,Espèces,4,568.61,30,3.8,2274.44
453,2024-02-17,Électronique,Kairouan,Magasin,Espèces,5,558.65,63,4.1,2793.25
870,2024-02-17,Sport,Tunis,En ligne,Espèces,7,82.14,68,2.8,574.98
5069,2024-02-17,Vêtements,Tunis,En ligne,Espèces,5,70.7,68,3.1,353.5
7066,2024-02-17,Meubles,Gabès,Magasin,Espèces,3,479.21,41,4.2,1437.63
4603,2024-02-17,Vêtements,Nabeul,Magasin,Virement,4,61.79,58,4.8,247.16
3952,2024-02-17,Électronique,Gabès,Magasin,Paiement mobile,5,474.75,24,5.0,2373.75
3372,2024-02-17,Jouets,Bizerte,Magasin,Espèces,3,49.03,22,2.6,147.09
6568,2024-02-17,Électronique,Sousse,En ligne,Carte bancaire,5,305.84,69,3.3,1529.2
4173,2024-02-17,Alimentation,Tunis,En ligne,Carte bancaire,1,31.05,43,4.5,31.05
2931,2024-02-18,Électronique,Tunis,En ligne,Paiement mobile,3,479.84,53,3.8,1439.52
3895,2024-02-18,Électronique,Sfax,Magasin,Espèces,4,435.87,24,4.4,1743.48
2231,2024-02-18,Jouets,Tunis,En ligne,Espèces,4,38.27,58,3.5,153.08
6971,2024-02-18,Électronique,Tunis,Magasin,Carte bancaire,4,305.97,44,4.1,1223.88
2279,2024-02-18,Électronique,Sousse,En ligne,Virement,3,330.68,53,4.4,992.04
3784,2024-02-18,Électronique,Sousse,En ligne,Espèces,5,700.76,50,3.9,3503.8
7414,2024-02-18,Alimentation,Sfax,En ligne,Virement,3,26.21,69,3.6,78.63
4674,2024-02-18,Alimentation,Bizerte,En ligne,Espèces,2,18.28,40,3.2,36.56
2213,2024-02-18,Beauté,Tunis,Magasin,Paiement mobile,4,25.77,63,4.0,103.08
3678,2024-02-18,Alimentation,Kairouan,En ligne,Carte bancaire,4,26.36,53,2.9,105.44
7808,2024-02-18,Jouets,Sousse,En ligne,Espèces,2,38.42,44,2.8,76.84
2371,2024-02-18,Vêtements,Kairouan,En ligne,Carte bancaire,5,75.58,51,4.5,377.9
7911,2024-02-18,Beauté,Tunis,Magasin,Carte bancaire,7,27.74,33,3.7,194.18
3240,2024-02-18,Alimentation,Nabeul,Magasin,Paiement mobile,4,24.38,51,3.5,97.52
5007,2024-02-18,Jouets,Sfax,Magasin,Virement,4,39.37,25,3.5,157.48
7484,2024-02-18,Vêtements,Nabeul,Magasin,Paiement mobile,6,42.9,53,4.1,257.4
4705,2024-02-18,Jouets,Sfax,Magasin,Carte bancaire,6,37.86,29,4.1,227.16
1213,2024-02-18,Vêtements,Gabès,En ligne,Espèces,2,54.97,53,3.6,109.94
2578,2024-02-18,Vêtements,Sousse,Magasin,Carte bancaire,4,56.03,45,4.0,224.12
30,2024-02-18,Beauté,Sousse,En ligne,Paiement mobile,4,35.4,52,3.1,141.6
1202,2024-02-18,Jouets,Bizerte,En ligne,Carte bancaire,2,28.34,28,4.6,56.68
7017,2024-02-18,Alimentation,Bizerte,Magasin,Carte bancaire,2,24.94,53,4.3,49.88
329,2024-02-18,Alimentation,Bizerte,En ligne,Paiement mobile,1,23.01,58,4.5,23.01
6987,2024-02-18,Vêtements,Sfax,Magasin,Carte bancaire,4,88.74,36,3.7,354.96
4209,2024-02-18,Beauté,Bizerte,Magasin,Espèces,7,31.31,20,5.0,219.17
3346,2024-02-18,Électronique,Tunis,Magasin,Paiement mobile,5,512.02,61,3.5,2560.1
2808,2024-02-18,Alimentation,Tunis,En ligne,Carte bancaire,6,19.62,66,4.2,117.72
7406,2024-02-18,Électronique,Tunis,Magasin,Paiement mobile,6,308.15,62,3.6,1848.9
6583,2024-02-19,Alimentation,Tunis,Magasin,Virement,6,24.48,61,3.9,146.88
6310,2024-02-19,Jouets,Tunis,Magasin,Carte bancaire,4,54.98,32,3.0,219.92
5448,2024-02-19,Vêtements,Tunis,En ligne,Virement,4,91.56,26,4.3,366.24
6590,2024-02-19,Sport,Gabès,En ligne,Carte bancaire,4,60.51,47,3.6,242.04
3169,2024-02-19,Jouets,Nabeul,Magasin,Paiement mobile,4,54.25,42,3.3,217.0
4279,2024-02-19,Beauté,Kairouan,En ligne,Espèces,1,25.17,39,4.2,25.17
1769,2024-02-19,Électronique,Kairouan,En ligne,Espèces,3,311.32,27,2.9,933.96
62,2024-02-19,Électronique,Tunis,Magasin,Carte bancaire,4,366.07,35,3.7,1464.28
4984,2024-02-19,Jouets,Bizerte,Magasin,Paiement mobile,6,44.02,48,2.8,264.12
1917,2024-02-19,Meubles,Tunis,Magasin,Espèces,2,448.59,64,5.0,897.18
3942,2024-02-19,Électronique,Tunis,En ligne,Virement,6,433.32,53,5.0,2599.92
2791,2024-02-19,Vêtements,Kairouan,Magasin,Carte bancaire,5,40.11,37,4.0,200.55
5664,2024-02-19,Meubles,Sfax,En ligne,Carte bancaire,2,196.68,23,3.7,393.36
4876,2024-02-19,Alimentation,Bizerte,Magasin,Paiement mobile,1,31.6,24,3.7,31.6
2649,2024-02-19,Électronique,Sfax,En ligne,Virement,2,343.17,26,4.2,686.34
2218,2024-02-19,Vêtements,Bizerte,Magasin,Carte bancaire,4,45.79,34,2.7,183.16
2289,2024-02-19,Électronique,Sfax,Magasin,Carte bancaire,7,396.77,42,3.7,2777.39
4873,2024-02-20,Jouets,Bizerte,Magasin,Carte bancaire,3,41.16,51,4.6,123.48
7064,2024-02-20,Électronique,Tunis,En ligne,Carte bancaire,5,270.61,19,5.0,1353.05
314,2024-02-20,Vêtements,Bizerte,Magasin,Paiement mobile,6,77.11,39,5.0,462.66
6250,2024-02-20,Beauté,Sfax,En ligne,Virement,7,62.52,42,4.2,437.64
4183,2024-02-20,Vêtements,Gabès,En ligne,Espèces,5,49.13,69,2.7,245.65
7420,2024-02-20,Vêtements,Sfax,En ligne,Carte bancaire,5,82.53,43,5.0,412.65
7172,2024-02-20,Électronique,Nabeul,En ligne,Carte bancaire,6,625.12,50,3.9,3750.72
3322,2024-02-20,Meubles,Kairouan,Magasin,Carte bancaire,2,328.42,45,4.8,656.84
841,2024-02-20,Sport,Nabeul,Magasin,Espèces,3,102.17,64,3.7,306.51
7692,2024-02-20,Vêtements,Sfax,En ligne,Carte bancaire,4,39.7,47,3.2,158.8
805,2024-02-20,Beauté,Sfax,En ligne,Carte bancaire,3,64.0,62,4.3,192.0
2561,2024-02-20,Électronique,Gabès,Magasin,Carte bancaire,5,541.22,60,5.0,2706.1
3412,2024-02-20,Vêtements,Kairouan,Magasin,Paiement mobile,2,93.71,43,2.4,187.42
2155,2024-02-20,Vêtements,Sousse,En ligne,Virement,5,70.97,24,5.0,354.85
757,2024-02-20,Vêtements,Gabès,Magasin,Espèces,4,42.6,19,3.2,170.4
3450,2024-02-20,Vêtements,Bizerte,En ligne,Carte bancaire,2,72.91,49,4.7,145.82
5961,2024-02-20,Beauté,Sousse,Magasin,Espèces,1,43.25,25,4.7,43.25
395,2024-02-20,Alimentation,Tunis,En ligne,Carte bancaire,7,25.6,39,3.3,179.2
7897,2024-02-20,Jouets,Sfax,En ligne,Carte bancaire,4,50.09,39,5.0,200.36
1263,2024-02-20,Alimentation,Kairouan,Magasin,Espèces,1,18.47,26,4.0,18.47
37,2024-02-20,Alimentation,Sfax,En ligne,Carte bancaire,5,19.27,58,3.9,96.35
1152,2024-02-20,Beauté,Nabeul,Magasin,Paiement mobile,7,48.73,42,4.1,341.11
7169,2024-02-20,Sport,Gabès,Magasin,Virement,4,113.33,65,2.9,453.32
2801,2024-02-20,Jouets,Sfax,Magasin,Paiement mobile,7,53.22,19,3.4,372.54
7706,2024-02-21,Alimentation,Kairouan,En ligne,Carte bancaire,7,12.37,42,2.2,86.59
3654,2024-02-21,Alimentation,Tunis,Magasin,Carte bancaire,6,29.79,38,3.9,178.74
7809,2024-02-21,Vêtements,Sfax,En ligne,Carte bancaire,5,87.01,53,3.3,435.05
5952,2024-02-21,Beauté,Bizerte,En ligne,Carte bancaire,5,63.29,35,3.0,316.45
5918,2024-02-21,Vêtements,Sfax,Magasin,Virement,7,53.35,51,3.0,373.45
2163,2024-02-21,Meubles,Tunis,Magasin,Carte bancaire,2,453.43,22,2.6,906.86
4518,2024-02-21,Alimentation,Sfax,En ligne,Paiement mobile,7,25.8,39,3.5,180.6
198,2024-02-21,Jouets,Kairouan,Magasin,Paiement mobile,2,35.4,29,2.8,70.8
2503,2024-02-21,Électronique,Tunis,En ligne,Paiement mobile,1,464.7,59,4.1,464.7
143,2024-02-21,Vêtements,Sousse,En ligne,Paiement mobile,2,80.74,60,4.1,161.48
4987,2024-02-21,Alimentation,Gabès,Magasin,Carte bancaire,4,13.32,49,3.8,53.28
5376,2024-02-21,Vêtements,Nabeul,En ligne,Virement,2,92.7,40,3.9,185.4
3897,2024-02-21,Vêtements,Tunis,En ligne,Espèces,1,67.74,61,4.2,67.74
6717,2024-02-21,Beauté,Sfax,En ligne,Carte bancaire,7,34.89,44,4.2,244.23
576,2024-02-21,Alimentation,Sfax,En ligne,Carte bancaire,6,23.51,68,3.5,141.06
1545,2024-02-21,Jouets,Bizerte,En ligne,Espèces,6,24.12,47,3.5,144.72
5179,2024-02-22,Alimentation,Bizerte,Magasin,Carte bancaire,3,18.64,32,4.2,55.92
7853,2024-02-22,Meubles,Kairouan,Magasin,Virement,1,419.93,56,3.6,419.93
817,2024-02-22,Alimentation,Nabeul,En ligne,Paiement mobile,1,12.99,53,4.5,12.99
4266,2024-02-22,Alimentation,Tunis,Magasin,Carte bancaire,4,13.42,20,4.4,53.68
3659,2024-02-22,Sport,Nabeul,En ligne,Paiement mobile,3,81.08,32,4.5,243.24
413,2024-02-22,Alimentation,Sousse,En ligne,Carte bancaire,5,20.92,51,4.0,104.6
582,2024-02-22,Vêtements,Sfax,En ligne,Virement,3,44.95,30,5.0,134.85
3791,2024-02-22,Meubles,Tunis,Magasin,Paiement mobile,7,414.25,62,2.9,2899.75
2075,2024-02-22,Jouets,Tunis,Magasin,Paiement mobile,4,35.19,40,4.1,140.76
55,2024-02-22,Meubles,Kairouan,Magasin,Virement,7,461.08,63,3.5,3227.56
3788,2024-02-22,Électronique,Tunis,Magasin,Carte bancaire,6,485.79,26,4.8,2914.74
6143,2024-02-22,Meubles,Gabès,En ligne,Carte bancaire,5,366.78,29,3.7,1833.9
7071,2024-02-22,Jouets,Gabès,Magasin,Virement,6,36.65,37,3.3,219.9
749,2024-02-22,Beauté,Nabeul,En ligne,Paiement mobile,3,32.3,21,3.7,96.9
1303,2024-02-22,Vêtements,Sousse,En ligne,Paiement mobile,7,84.69,54,3.7,592.83
86,2024-02-22,Alimentation,Bizerte,Magasin,Carte bancaire,4,27.7,19,4.2,110.8
3641,2024-02-22,Meubles,Tunis,En ligne,Paiement mobile,4,259.5,28,2.6,1038.0
7857,2024-02-22,Vêtements,Tunis,En ligne,Carte bancaire,7,54.9,24,4.2,384.3
3634,2024-02-22,Meubles,Bizerte,En ligne,Carte bancaire,3,476.11,35,3.2,1428.33
216,2024-02-22,Vêtements,Sousse,En ligne,Espèces,4,70.15,26,3.0,280.6
5096,2024-02-22,Jouets,Sfax,En ligne,Paiement mobile,6,23.05,63,3.9,138.3
5880,2024-02-23,Vêtements,Bizerte,En ligne,Carte bancaire,2,78.92,36,2.9,157.84
6770,2024-02-23,Alimentation,Sfax,En ligne,Carte bancaire,7,23.04,64,3.0,161.28
5970,2024-02-23,Alimentation,Tunis,Magasin,Virement,2,24.06,35,5.0,48.12
6528,2024-02-23,Meubles,Tunis,En ligne,Paiement mobile,3,446.45,37,4.9,1339.35
2695,2024-02-23,Alimentation,Tunis,Magasin,Carte bancaire,5,20.35,49,2.1,101.75
4390,2024-02-23,Alimentation,Tunis,En ligne,Espèces,1,30.32,26,5.0,30.32
210,2024-02-23,Électronique,Sfax,Magasin,Paiement mobile,5,419.08,25,3.6,2095.4
3553,2024-02-23,Beauté,Sousse,En ligne,Carte bancaire,4,59.13,60,2.9,236.52
679,2024-02-23,Alimentation,Gabès,Magasin,Virement,7,29.77,37,3.8,208.39
3786,2024-02-23,Alimentation,Nabeul,Magasin,Virement,2,25.48,18,3.7,50.96
65,2024-02-23,Alimentation,Sousse,Magasin,Carte bancaire,7,14.04,18,4.3,98.28
4122,2024-02-23,Vêtements,Nabeul,Magasin,Virement,3,51.43,47,4.9,154.29
3913,2024-02-23,Sport,Sousse,En ligne,Carte bancaire,2,112.59,29,4.3,225.18
5573,2024-02-23,Électronique,Tunis,Magasin,Espèces,4,699.4,66,2.6,2797.6
5986,2024-02-23,Sport,Sfax,En ligne,Carte bancaire,5,72.42,22,5.0,362.1
3653,2024-02-23,Sport,Nabeul,En ligne,Carte bancaire,4,76.2,24,4.6,304.8
5878,2024-02-23,Jouets,Nabeul,En ligne,Carte bancaire,1,55.55,47,3.4,55.55
410,2024-02-23,Sport,Bizerte,Magasin,Espèces,3,119.73,54,3.5,359.19
4742,2024-02-23,Alimentation,Gabès,Magasin,Virement,3,18.18,67,3.2,54.54
356,2024-02-23,Électronique,Sfax,En ligne,Carte bancaire,3,689.23,29,3.0,2067.69
774,2024-02-23,Alimentation,Bizerte,En ligne,Paiement mobile,6,15.69,38,4.2,94.14
1258,2024-02-23,Beauté,Nabeul,Magasin,Carte bancaire,1,60.92,36,4.4,60.92
278,2024-02-23,Alimentation,Nabeul,Magasin,Paiement mobile,4,25.93,24,3.2,103.72
1564,2024-02-23,Électronique,Gabès,En ligne,Carte bancaire,4,388.92,59,3.6,1555.68
4007,2024-02-24,Sport,Gabès,Magasin,Carte bancaire,7,55.72,31,3.3,390.04
1389,2024-02-24,Beauté,Sfax,Magasin,Virement,1,31.55,33,3.1,31.55
6820,2024-02-24,Alimentation,Kairouan,En ligne,Virement,1,25.31,45,3.5,25.31
4886,2024-02-24,Sport,Tunis,Magasin,Virement,1,120.23,65,4.1,120.23
2737,2024-02-24,Beauté,Tunis,Magasin,Carte bancaire,1,57.8,54,5.0,57.8
6827,2024-02-24,Alimentation,Tunis,Magasin,Virement,7,21.02,20,3.7,147.14
2318,2024-02-24,Électronique,Sfax,Magasin,Espèces,7,285.47,67,2.7,1998.29
1247,2024-02-24,Sport,Tunis,Magasin,Espèces,2,75.84,29,5.0,151.68
39,2024-02-24,Sport,Tunis,En ligne,Carte bancaire,4,93.7,42,5.0,374.8
5171,2024-02-24,Alimentation,Sfax,Magasin,Carte bancaire,3,21.2,49,4.4,63.6
1240,2024-02-24,Alimentation,Bizerte,Magasin,Carte bancaire,2,15.76,42,5.0,31.52
7468,2024-02-24,Sport,Sousse,En ligne,Carte bancaire,5,72.77,65,5.0,363.85
4525,2024-02-24,Alimentation,Nabeul,En ligne,Paiement mobile,4,27.93,57,4.0,111.72
3629,2024-02-24,Beauté,Tunis,En ligne,Carte bancaire,5,34.39,61,4.8,171.95
6972,2024-02-24,Alimentation,Sfax,Magasin,Carte bancaire,1,19.58,18,2.7,19.58
2972,2024-02-24,Vêtements,Sousse,En ligne,Espèces,7,74.89,34,3.5,524.23
6129,2024-02-24,Jouets,Tunis,Magasin,Paiement mobile,7,45.12,67,4.1,315.84
1167,2024-02-24,Beauté,Tunis,Magasin,Carte bancaire,7,56.65,22,3.8,396.55
7540,2024-02-24,Électronique,Sfax,Magasin,Espèces,1,684.81,22,3.8,684.81
1879,2024-02-24,Alimentation,Tunis,En ligne,Carte bancaire,3,16.11,66,4.5,48.33
3836,2024-02-24,Vêtements,Gabès,Magasin,Carte bancaire,4,41.14,31,4.3,164.56
1623,2024-02-25,Jouets,Sousse,En ligne,Espèces,4,33.49,48,5.0,133.96
5213,2024-02-25,Meubles,Tunis,Magasin,Carte bancaire,3,187.0,34,3.6,561.0
3382,2024-02-25,Alimentation,Tunis,En ligne,Paiement mobile,5,22.86,63,3.5,114.3
4996,2024-02-25,Vêtements,Bizerte,En ligne,Carte bancaire,5,48.38,28,4.0,241.9
5002,2024-02-25,Alimentation,Sfax,En ligne,Paiement mobile,7,12.52,36,3.5,87.64
5349,2024-02-25,Vêtements,Kairouan,Magasin,Paiement mobile,1,87.52,69,3.8,87.52
884,2024-02-25,Jouets,Bizerte,En ligne,Carte bancaire,1,32.72,52,4.5,32.72
4805,2024-02-25,Alimentation,Tunis,En ligne,Carte bancaire,1,25.88,31,3.3,25.88
7724,2024-02-25,Beauté,Kairouan,Magasin,Carte bancaire,6,30.24,25,4.9,181.44
2439,2024-02-25,Électronique,Tunis,En ligne,Carte bancaire,6,417.27,54,5.0,2503.62
4454,2024-02-25,Meubles,Tunis,Magasin,Carte bancaire,1,237.96,19,2.2,237.96
6622,2024-02-25,Jouets,Sfax,En ligne,Virement,2,24.82,67,5.0,49.64
6757,2024-02-25,Vêtements,Nabeul,Magasin,Carte bancaire,7,50.69,32,4.2,354.83
6875,2024-02-25,Vêtements,Nabeul,En ligne,Espèces,2,43.65,47,3.8,87.3
866,2024-02-25,Meubles,Tunis,En ligne,Paiement mobile,7,398.23,46,3.7,2787.61
7350,2024-02-25,Vêtements,Sousse,En ligne,Carte bancaire,5,40.23,55,3.2,201.15
6210,2024-02-25,Beauté,Bizerte,En ligne,Carte bancaire,6,54.73,45,4.4,328.38
3711,2024-02-25,Jouets,Tunis,Magasin,Carte bancaire,7,22.57,62,4.8,157.99
6688,2024-02-25,Beauté,Sousse,En ligne,Paiement mobile,5,29.84,47,4.6,149.2
7763,2024-02-26,Jouets,Kairouan,En ligne,Carte bancaire,6,28.37,37,3.3,170.22
4272,2024-02-26,Meubles,Gabès,En ligne,Paiement mobile,3,374.34,67,4.4,1123.02
585,2024-02-26,Meubles,Tunis,En ligne,Carte bancaire,3,319.84,63,3.1,959.52
7200,2024-02-26,Vêtements,Kairouan,En ligne,Carte bancaire,5,95.88,30,4.0,479.4
3901,2024-02-26,Meubles,Sousse,Magasin,Espèces,5,411.16,52,3.0,2055.8
7251,2024-02-26,Sport,Bizerte,Magasin,Carte bancaire,5,118.83,27,5.0,594.15
4656,2024-02-26,Vêtements,Tunis,En ligne,Espèces,2,62.89,33,3.8,125.78
7526,2024-02-26,Vêtements,Sfax,En ligne,Carte bancaire,3,78.5,50,3.9,235.5
5782,2024-02-26,Alimentation,Sousse,En ligne,Carte bancaire,5,29.46,54,4.5,147.3
2830,2024-02-26,Électronique,Sousse,Magasin,Espèces,7,440.89,65,3.5,3086.23
6758,2024-02-26,Alimentation,Sfax,En ligne,Carte bancaire,2,26.42,62,3.7,52.84
2914,2024-02-26,Vêtements,Nabeul,En ligne,Virement,1,59.73,63,5.0,59.73
2724,2024-02-26,Électronique,Tunis,En ligne,Paiement mobile,3,377.02,34,5.0,1131.06
7585,2024-02-26,Beauté,Sousse,Magasin,Espèces,4,56.92,20,3.9,227.68
1431,2024-02-26,Alimentation,Sousse,En ligne,Espèces,7,23.09,63,5.0,161.63
4302,2024-02-26,Jouets,Gabès,Magasin,Carte bancaire,1,53.35,66,3.6,53.35
3565,2024-02-26,Meubles,Sousse,Magasin,Virement,5,258.84,35,4.6,1294.2
7179,2024-02-26,Alimentation,Nabeul,En ligne,Carte bancaire,6,18.59,57,3.8,111.54
5139,2024-02-27,Meubles,Tunis,En ligne,Carte bancaire,2,206.64,66,4.4,413.28
7342,2024-02-27,Électronique,Tunis,En ligne,Paiement mobile,4,425.4,34,4.8,1701.6
656,2024-02-27,Sport,Nabeul,Magasin,Carte bancaire,3,113.51,65,4.8,340.53
7999,2024-02-27,Alimentation,Tunis,Magasin,Espèces,7,19.49,58,3.4,136.43
645,2024-02-27,Électronique,Sfax,En ligne,Carte bancaire,3,289.32,67,4.7,867.96
357,2024-02-27,Meubles,Sousse,En ligne,Espèces,4,401.07,62,4.1,1604.28
6806,2024-02-27,Beauté,Gabès,En ligne,Carte bancaire,1,35.82,56,2.4,35.82
6335,2024-02-27,Électronique,Sousse,Magasin,Paiement mobile,2,577.73,28,4.9,1155.46
4980,2024-02-27,Sport,Tunis,Magasin,Virement,6,72.8,21,4.8,436.8
5246,2024-02-27,Meubles,Bizerte,En ligne,Carte bancaire,2,327.4,69,2.9,654.8
445,2024-02-27,Vêtements,Sfax,Magasin,Paiement mobile,4,60.36,46,3.9,241.44
5419,2024-02-27,Alimentation,Tunis,En ligne,Carte bancaire,4,30.19,27,3.7,120.76
5887,2024-02-27,Électronique,Sfax,En ligne,Carte bancaire,6,522.69,53,2.7,3136.14
4050,2024-02-27,Alimentation,Sfax,En ligne,Virement,1,18.84,65,4.0,18.84
2292,2024-02-27,Beauté,Tunis,Magasin,Espèces,6,24.98,18,3.9,149.88
5249,2024-02-27,Alimentation,Sousse,Magasin,Virement,5,14.23,42,3.5,71.15
2947,2024-02-27,Jouets,Nabeul,En ligne,Paiement mobile,3,28.17,59,3.9,84.51
7957,2024-02-27,Jouets,Sousse,En ligne,Virement,7,21.3,43,3.9,149.1
437,2024-02-27,Vêtements,Gabès,En ligne,Virement,7,69.1,31,5.0,483.7
4310,2024-02-27,Vêtements,Nabeul,Magasin,Carte bancaire,7,64.12,53,4.9,448.84
1720,2024-02-27,Vêtements,Tunis,Magasin,Espèces,5,74.65,58,4.4,373.25
1748,2024-02-27,Alimentation,Bizerte,Magasin,Virement,5,27.89,33,3.1,139.45
7488,2024-02-27,Beauté,Gabès,En ligne,Carte bancaire,1,30.33,31,3.7,30.33
403,2024-02-27,Vêtements,Sfax,En ligne,Espèces,4,75.4,21,4.2,301.6
4458,2024-02-27,Électronique,Gabès,En ligne,Espèces,7,670.24,33,4.6,4691.68
3666,2024-02-28,Meubles,Nabeul,En ligne,Paiement mobile,1,184.39,32,5.0,184.39
3881,2024-02-28,Meubles,Bizerte,Magasin,Carte bancaire,3,327.9,41,2.8,983.7
1312,2024-02-28,Sport,Kairouan,Magasin,Espèces,3,117.0,56,5.0,351.0
6675,2024-02-28,Électronique,Kairouan,Magasin,Carte bancaire,2,467.55,55,4.7,935.1
6539,2024-02-28,Beauté,Tunis,En ligne,Espèces,2,33.01,24,4.1,66.02
3433,2024-02-28,Jouets,Tunis,En ligne,Espèces,3,39.39,37,4.4,118.17
4354,2024-02-28,Électronique,Sfax,Magasin,Virement,5,449.28,30,3.4,2246.4
1638,2024-02-28,Électronique,Gabès,En ligne,Carte bancaire,3,672.43,24,4.7,2017.29
31,2024-02-28,Beauté,Tunis,En ligne,Virement,4,39.59,32,4.4,158.36
4746,2024-02-28,Beauté,Gabès,En ligne,Paiement mobile,1,50.16,39,4.3,50.16
5355,2024-02-28,Électronique,Tunis,En ligne,Virement,6,668.65,41,3.0,4011.9
4910,2024-02-28,Beauté,Sfax,Magasin,Carte bancaire,2,56.58,64,4.5,113.16
3969,2024-02-28,Alimentation,Tunis,Magasin,Carte bancaire,6,16.01,36,2.0,96.06
3265,2024-02-28,Électronique,Gabès,Magasin,Carte bancaire,5,549.21,41,3.4,2746.05
1547,2024-02-28,Sport,Sousse,Magasin,Carte bancaire,6,49.37,65,4.6,296.22
7410,2024-02-28,Vêtements,Bizerte,Magasin,Espèces,6,78.26,32,4.3,469.56
1449,2024-02-28,Vêtements,Sfax,Magasin,Virement,3,84.73,31,5.0,254.19
5427,2024-02-28,Alimentation,Gabès,En ligne,Paiement mobile,4,31.82,24,2.3,127.28
2925,2024-02-28,Vêtements,Bizerte,En ligne,Espèces,3,52.15,67,2.6,156.45
1897,2024-02-28,Alimentation,Sfax,En ligne,Paiement mobile,3,27.33,51,4.4,81.99
4693,2024-02-28,Électronique,Sousse,En ligne,Paiement mobile,7,628.8,58,3.0,4401.6
2016,2024-02-28,Électronique,Tunis,Magasin,Carte bancaire,5,446.35,26,2.9,2231.75
4160,2024-02-28,Sport,Sfax,En ligne,Virement,4,74.49,60,2.9,297.96
4726,2024-02-28,Sport,Tunis,En ligne,Carte bancaire,4,89.36,39,4.4,357.44
4893,2024-02-28,Alimentation,Sfax,Magasin,Paiement mobile,3,12.94,20,3.6,38.82
3013,2024-02-28,Meubles,Bizerte,En ligne,Espèces,1,417.56,29,4.0,417.56
1637,2024-02-28,Alimentation,Gabès,En ligne,Paiement mobile,5,19.85,46,3.9,99.25
3856,2024-02-28,Beauté,Sfax,Magasin,Paiement mobile,3,60.09,37,4.3,180.27
4276,2024-02-28,Alimentation,Sfax,En ligne,Espèces,1,28.39,58,3.9,28.39
5776,2024-02-29,Vêtements,Tunis,En ligne,Carte bancaire,6,95.72,57,3.9,574.32
2521,2024-02-29,Beauté,Bizerte,Magasin,Carte bancaire,4,52.37,18,3.7,209.48
2745,2024-02-29,Vêtements,Sousse,En ligne,Carte bancaire,4,59.16,40,5.0,236.64
5489,2024-02-29,Électronique,Sfax,En ligne,Espèces,7,274.71,66,5.0,1922.97
1761,2024-02-29,Sport,Bizerte,Magasin,Virement,7,75.81,59,4.3,530.67
2429,2024-02-29,Sport,Sfax,En ligne,Carte bancaire,3,127.04,56,3.9,381.12
263,2024-02-29,Vêtements,Sfax,En ligne,Carte bancaire,2,58.75,19,3.6,117.5
5416,2024-02-29,Vêtements,Bizerte,En ligne,Espèces,7,78.15,25,3.2,547.05
4696,2024-02-29,Vêtements,Nabeul,En ligne,Paiement mobile,7,51.38,62,4.7,359.66
414,2024-02-29,Beauté,Bizerte,En ligne,Carte bancaire,7,33.77,65,4.1,236.39
3030,2024-02-29,Meubles,Nabeul,En ligne,Carte bancaire,7,298.49,31,3.7,2089.43
5003,2024-02-29,Vêtements,Sfax,Magasin,Carte bancaire,2,60.28,60,3.1,120.56
1032,2024-02-29,Vêtements,Sfax,En ligne,Virement,4,38.92,29,3.5,155.68
1689,2024-02-29,Alimentation,Tunis,Magasin,Paiement mobile,5,14.84,25,5.0,74.2
2222,2024-02-29,Alimentation,Nabeul,En ligne,Virement,5,25.65,56,4.4,128.25
6440,2024-02-29,Sport,Sousse,En ligne,Carte bancaire,3,51.39,25,3.9,154.17
1572,2024-03-01,Alimentation,Tunis,En ligne,Espèces,6,30.09,20,4.4,180.54
871,2024-03-01,Jouets,Bizerte,Magasin,Carte bancaire,1,39.02,34,3.5,39.02
3221,2024-03-01,Électronique,Tunis,En ligne,Carte bancaire,5,634.65,33,4.2,3173.25
4772,2024-03-01,Jouets,Bizerte,Magasin,Espèces,6,36.2,31,3.6,217.2
2789,2024-03-01,Vêtements,Gabès,Magasin,Paiement mobile,6,55.61,35,3.5,333.66
4825,2024-03-01,Jouets,Sfax,Magasin,Carte bancaire,7,37.39,41,4.1,261.73
1412,2024-03-01,Alimentation,Bizerte,Magasin,Espèces,7,25.92,32,5.0,181.44
3918,2024-03-01,Vêtements,Kairouan,Magasin,Carte bancaire,7,72.57,36,3.6,507.99
839,2024-03-01,Alimentation,Tunis,Magasin,Paiement mobile,7,24.33,56,3.3,170.31
6769,2024-03-01,Vêtements,Sfax,Magasin,Espèces,6,82.12,56,3.2,492.72
4516,2024-03-01,Électronique,Tunis,En ligne,Carte bancaire,6,299.91,64,5.0,1799.46
7375,2024-03-01,Meubles,Tunis,En ligne,Carte bancaire,5,260.23,23,2.6,1301.15
3609,2024-03-01,Électronique,Sfax,En ligne,Carte bancaire,3,565.55,67,4.1,1696.65
4855,2024-03-01,Vêtements,Sfax,En ligne,Carte bancaire,3,50.23,69,3.7,150.69
1533,2024-03-01,Électronique,Nabeul,En ligne,Espèces,4,615.99,65,3.5,2463.96
4419,2024-03-01,Vêtements,Kairouan,En ligne,Paiement mobile,6,90.05,61,3.0,540.3
2896,2024-03-01,Beauté,Sfax,Magasin,Espèces,3,28.56,56,3.2,85.68
2895,2024-03-01,Beauté,Tunis,En ligne,Paiement mobile,2,44.95,47,4.6,89.9
5342,2024-03-01,Jouets,Sfax,En ligne,Carte bancaire,2,49.1,18,5.0,98.2
4482,2024-03-01,Sport,Nabeul,Magasin,Carte bancaire,7,53.05,31,3.6,371.35
6854,2024-03-01,Électronique,Gabès,En ligne,Carte bancaire,3,384.56,63,4.7,1153.68
4860,2024-03-01,Vêtements,Sousse,En ligne,Paiement mobile,4,61.58,57,3.6,246.32
4624,2024-03-02,Jouets,Tunis,En ligne,Paiement mobile,2,46.89,29,3.9,93.78
562,2024-03-02,Alimentation,Nabeul,En ligne,Virement,3,23.3,67,3.4,69.9
2466,2024-03-02,Beauté,Tunis,En ligne,Virement,5,56.41,40,3.7,282.05
3923,2024-03-02,Vêtements,Nabeul,En ligne,Carte bancaire,5,79.67,65,3.9,398.35
4737,2024-03-02,Jouets,Kairouan,En ligne,Virement,4,39.78,50,4.9,159.12
117,2024-03-02,Vêtements,Kairouan,Magasin,Paiement mobile,5,89.63,53,4.1,448.15
4766,2024-03-02,Vêtements,Bizerte,En ligne,Paiement mobile,6,78.4,27,4.0,470.4
7563,2024-03-02,Beauté,Sousse,En ligne,Virement,2,62.4,62,4.0,124.8
1048,2024-03-02,Vêtements,Tunis,Magasin,Carte bancaire,4,58.18,57,2.9,232.72
1540,2024-03-02,Sport,Tunis,En ligne,Carte bancaire,5,110.8,57,3.4,554.0
3345,2024-03-02,Électronique,Sfax,En ligne,Virement,4,522.89,34,3.5,2091.56
7490,2024-03-02,Alimentation,Sfax,En ligne,Carte bancaire,6,22.17,40,3.7,133.02
1575,2024-03-02,Alimentation,Sfax,En ligne,Paiement mobile,6,20.46,61,4.1,122.76
4304,2024-03-02,Jouets,Gabès,Magasin,Espèces,7,32.13,49,3.0,224.91
6740,2024-03-02,Alimentation,Sousse,Magasin,Carte bancaire,3,29.66,23,5.0,88.98
3163,2024-03-02,Vêtements,Nabeul,En ligne,Paiement mobile,2,66.44,53,4.2,132.88
162,2024-03-02,Jouets,Bizerte,En ligne,Espèces,1,25.28,24,4.6,25.28
6880,2024-03-02,Alimentation,Kairouan,Magasin,Espèces,5,14.12,30,3.7,70.6
4694,2024-03-02,Alimentation,Tunis,Magasin,Carte bancaire,2,25.46,53,3.9,50.92
974,2024-03-02,Jouets,Tunis,En ligne,Paiement mobile,6,43.86,41,3.5,263.16
7455,2024-03-02,Électronique,Nabeul,En ligne,Carte bancaire,3,601.61,59,3.0,1804.83
2476,2024-03-02,Alimentation,Gabès,En ligne,Carte bancaire,3,25.04,59,3.5,75.12
4703,2024-03-02,Jouets,Sfax,En ligne,Carte bancaire,5,24.51,47,2.7,122.55
7378,2024-03-03,Vêtements,Gabès,En ligne,Paiement mobile,3,83.83,21,3.1,251.49
6563,2024-03-03,Meubles,Sfax,En ligne,Paiement mobile,7,354.79,62,3.6,2483.53
3128,2024-03-03,Électronique,Nabeul,Magasin,Carte bancaire,4,350.43,19,4.7,1401.72
3368,2024-03-03,Alimentation,Sfax,Magasin,Paiement mobile,2,15.8,34,4.1,31.6
3004,2024-03-03,Beauté,Tunis,En ligne,Paiement mobile,5,44.7,31,2.9,223.5
1551,2024-03-03,Alimentation,Gabès,En ligne,Paiement mobile,6,24.31,65,4.4,145.86
5604,2024-03-03,Alimentation,Nabeul,En ligne,Carte bancaire,6,25.0,64,4.6,150.0
2082,2024-03-03,Alimentation,Sousse,En ligne,Espèces,2,12.78,69,4.9,25.56
1210,2024-03-03,Vêtements,Tunis,Magasin,Carte bancaire,1,49.97,68,4.2,49.97
7495,2024-03-03,Beauté,Kairouan,Magasin,Carte bancaire,2,37.3,31,4.1,74.6
7011,2024-03-03,Électronique,Tunis,En ligne,Virement,6,708.85,49,4.6,4253.1
1198,2024-03-03,Meubles,Sousse,En ligne,Carte bancaire,1,286.49,23,4.3,286.49
102,2024-03-03,Alimentation,Sfax,En ligne,Paiement mobile,3,13.53,47,3.8,40.59
1176,2024-03-03,Sport,Tunis,Magasin,Paiement mobile,2,84.06,23,2.9,168.12
5226,2024-03-03,Alimentation,Gabès,Magasin,Carte bancaire,5,23.91,60,5.0,119.55
1064,2024-03-03,Alimentation,Gabès,Magasin,Espèces,4,27.86,40,5.0,111.44
7562,2024-03-03,Vêtements,Sousse,Magasin,Espèces,2,48.56,39,4.5,97.12
398,2024-03-03,Alimentation,Tunis,Magasin,Paiement mobile,6,22.97,38,4.6,137.82
5436,2024-03-03,Jouets,Sousse,En ligne,Carte bancaire,1,23.4,66,2.3,23.4
4792,2024-03-03,Meubles,Sfax,Magasin,Carte bancaire,3,331.63,61,4.8,994.89
4208,2024-03-03,Meubles,Nabeul,En ligne,Espèces,1,479.49,37,4.1,479.49
139,2024-03-03,Électronique,Sousse,En ligne,Carte bancaire,4,326.37,47,4.3,1305.48
732,2024-03-03,Beauté,Nabeul,En ligne,Espèces,7,60.82,38,2.5,425.74
4412,2024-03-03,Sport,Sousse,En ligne,Espèces,2,111.52,22,2.6,223.04
5598,2024-03-03,Alimentation,Gabès,Magasin,Carte bancaire,7,14.8,36,4.3,103.6
4472,2024-03-03,Sport,Bizerte,En ligne,Paiement mobile,3,63.58,54,3.3,190.74
3539,2024-03-03,Alimentation,Nabeul,Magasin,Paiement mobile,3,17.92,21,4.0,53.76
2463,2024-03-03,Sport,Gabès,Magasin,Carte bancaire,3,67.96,65,3.3,203.88
4733,2024-03-04,Vêtements,Sfax,Magasin,Espèces,6,52.55,30,2.9,315.3
3168,2024-03-04,Beauté,Nabeul,En ligne,Paiement mobile,7,51.39,25,2.9,359.73
7205,2024-03-04,Sport,Sousse,En ligne,Espèces,1,74.85,64,4.4,74.85
3393,2024-03-04,Alimentation,Bizerte,En ligne,Carte bancaire,1,17.02,57,5.0,17.02
5568,2024-03-04,Alimentation,Nabeul,En ligne,Paiement mobile,3,28.99,37,4.0,86.97
5630,2024-03-04,Vêtements,Sfax,Magasin,Paiement mobile,5,56.62,61,4.9,283.1
1791,2024-03-04,Sport,Tunis,En ligne,Espèces,3,74.06,50,5.0,222.18
7871,2024-03-04,Électronique,Sfax,En ligne,Virement,3,516.02,50,4.0,1548.06
7863,2024-03-04,Beauté,Nabeul,En ligne,Carte bancaire,6,61.62,66,5.0,369.72
3483,2024-03-04,Jouets,Sousse,En ligne,Paiement mobile,3,31.25,45,3.1,93.75
1367,2024-03-04,Vêtements,Tunis,En ligne,Paiement mobile,5,46.88,63,4.4,234.4
4973,2024-03-04,Électronique,Bizerte,En ligne,Carte bancaire,5,338.73,63,4.1,1693.65
6007,2024-03-04,Sport,Nabeul,En ligne,Carte bancaire,3,77.87,61,3.7,233.61
4898,2024-03-04,Électronique,Bizerte,En ligne,Paiement mobile,5,310.02,56,3.4,1550.1
1990,2024-03-04,Jouets,Nabeul,En ligne,Espèces,6,39.92,32,4.1,239.52
6292,2024-03-04,Électronique,Tunis,Magasin,Virement,5,581.68,69,3.7,2908.4
6731,2024-03-05,Électronique,Sfax,En ligne,Espèces,5,350.5,40,4.1,1752.5
513,2024-03-05,Alimentation,Tunis,En ligne,Carte bancaire,5,18.98,62,3.7,94.9
4215,2024-03-05,Jouets,Sousse,En ligne,Carte bancaire,5,44.62,56,5.0,223.1
3181,2024-03-05,Vêtements,Sfax,Magasin,Paiement mobile,6,71.74,46,3.3,430.44
3776,2024-03-05,Beauté,Gabès,En ligne,Espèces,4,45.87,53,3.8,183.48
4356,2024-03-05,Jouets,Bizerte,Magasin,Paiement mobile,7,43.03,31,5.0,301.21
5948,2024-03-05,Électronique,Bizerte,En ligne,Carte bancaire,5,568.57,23,5.0,2842.85
6774,2024-03-05,Sport,Bizerte,Magasin,Carte bancaire,1,85.33,26,4.8,85.33
2907,2024-03-05,Beauté,Bizerte,Magasin,Virement,7,28.17,60,3.8,197.19
1517,2024-03-05,Vêtements,Sousse,En ligne,Carte bancaire,1,64.95,44,2.9,64.95
2484,2024-03-05,Alimentation,Tunis,Magasin,Virement,7,20.46,19,4.3,143.22
7301,2024-03-05,Électronique,Tunis,Magasin,Espèces,4,565.89,21,4.1,2263.56
6288,2024-03-05,Vêtements,Sousse,Magasin,Espèces,2,56.14,52,4.9,112.28
2110,2024-03-05,Beauté,Tunis,Magasin,Carte bancaire,7,59.86,39,4.4,419.02
5035,2024-03-05,Beauté,Nabeul,Magasin,Carte bancaire,6,60.89,29,4.2,365.34
724,2024-03-05,Électronique,Bizerte,En ligne,Paiement mobile,7,491.58,22,4.6,3441.06
95,2024-03-05,Électronique,Sousse,Magasin,Espèces,6,416.58,61,4.3,2499.48
3577,2024-03-05,Jouets,Tunis,Magasin,Virement,4,50.88,45,4.8,203.52
5449,2024-03-05,Beauté,Tunis,Magasin,Virement,7,44.13,33,3.9,308.91
3698,2024-03-05,Sport,Sousse,En ligne,Carte bancaire,4,84.02,68,5.0,336.08
5777,2024-03-06,Jouets,Sfax,Magasin,Virement,4,54.22,27,3.9,216.88
785,2024-03-06,Jouets,Kairouan,En ligne,Paiement mobile,7,49.13,41,3.3,343.91
6063,2024-03-06,Alimentation,Sfax,Magasin,Carte bancaire,2,21.99,47,2.8,43.98
5308,2024-03-06,Sport,Bizerte,Magasin,Espèces,7,109.29,18,4.3,765.03
7029,2024-03-06,Vêtements,Tunis,Magasin,Espèces,4,93.38,23,3.6,373.52
7882,2024-03-06,Alimentation,Tunis,En ligne,Carte bancaire,4,22.09,29,3.1,88.36
1925,2024-03-06,Jouets,Sfax,En ligne,Carte bancaire,4,29.83,39,3.7,119.32
3065,2024-03-06,Sport,Sousse,Magasin,Espèces,6,115.67,49,4.6,694.02
2688,2024-03-06,Électronique,Kairouan,Magasin,Paiement mobile,2,452.76,40,3.0,905.52
159,2024-03-06,Électronique,Sousse,En ligne,Espèces,3,652.39,44,3.8,1957.17
2915,2024-03-06,Beauté,Gabès,En ligne,Virement,6,63.87,33,3.4,383.22
3614,2024-03-06,Vêtements,Nabeul,Magasin,Virement,7,95.36,67,3.0,667.52
2386,2024-03-06,Alimentation,Bizerte,En ligne,Carte bancaire,1,15.0,57,4.5,15.0
6231,2024-03-06,Beauté,Tunis,Magasin,Espèces,7,57.02,62,4.2,399.14
2351,2024-03-06,Électronique,Nabeul,Magasin,Virement,2,357.69,50,5.0,715.38
1965,2024-03-06,Vêtements,Nabeul,Magasin,Paiement mobile,5,67.88,35,4.4,339.4
7785,2024-03-06,Alimentation,Tunis,Magasin,Espèces,3,28.48,41,4.2,85.44
2950,2024-03-06,Alimentation,Sousse,Magasin,Paiement mobile,2,16.3,56,5.0,32.6
7742,2024-03-06,Jouets,Tunis,Magasin,Espèces,7,43.32,68,3.3,303.24
1262,2024-03-07,Meubles,Tunis,Magasin,Espèces,7,380.93,53,3.8,2666.51
2380,2024-03-07,Sport,Tunis,En ligne,Carte bancaire,1,109.56,49,2.4,109.56
3077,2024-03-07,Jouets,Bizerte,En ligne,Carte bancaire,1,52.52,50,5.0,52.52
1075,2024-03-07,Alimentation,Bizerte,En ligne,Virement,6,23.11,26,4.2,138.66
3208,2024-03-07,Jouets,Bizerte,En ligne,Carte bancaire,5,55.32,57,4.6,276.6
6160,2024-03-07,Jouets,Tunis,Magasin,Espèces,6,44.68,26,4.9,268.08
921,2024-03-07,Sport,Tunis,En ligne,Espèces,1,59.47,18,3.5,59.47
7779,2024-03-07,Alimentation,Nabeul,En ligne,Carte bancaire,5,23.93,43,3.6,119.65
5276,2024-03-07,Électronique,Sfax,En ligne,Carte bancaire,6,271.92,18,4.7,1631.52
2290,2024-03-07,Sport,Tunis,En ligne,Carte bancaire,3,64.82,60,4.3,194.46
6421,2024-03-07,Jouets,Nabeul,Magasin,Paiement mobile,4,22.2,67,3.6,88.8
6838,2024-03-07,Électronique,Sfax,En ligne,Carte bancaire,3,300.98,32,4.7,902.94
3404,2024-03-07,Vêtements,Sfax,En ligne,Carte bancaire,6,69.45,47,5.0,416.7
3576,2024-03-07,Électronique,Sousse,Magasin,Espèces,4,634.8,61,3.4,2539.2
7693,2024-03-07,Vêtements,Sousse,Magasin,Carte bancaire,4,38.36,49,3.6,153.44
3892,2024-03-08,Alimentation,Gabès,En ligne,Carte bancaire,4,13.4,67,4.2,53.6
6217,2024-03-08,Alimentation,Nabeul,En ligne,Carte bancaire,3,28.96,35,4.2,86.88
6715,2024-03-08,Beauté,Sfax,En ligne,Virement,4,37.8,19,4.5,151.2
7012,2024-03-08,Sport,Tunis,En ligne,Carte bancaire,5,95.15,50,3.6,475.75
5681,2024-03-08,Alimentation,Tunis,Magasin,Paiement mobile,6,28.35,62,3.7,170.1
2217,2024-03-08,Jouets,Sfax,Magasin,Virement,6,37.04,44,4.0,222.24
3151,2024-03-08,Vêtements,Sfax,Magasin,Espèces,2,85.97,37,2.6,171.94
7316,2024-03-08,Électronique,Tunis,Magasin,Espèces,4,664.61,63,4.3,2658.44
2411,2024-03-08,Électronique,Tunis,En ligne,Carte bancaire,4,552.89,40,5.0,2211.56
7464,2024-03-08,Meubles,Tunis,En ligne,Carte bancaire,7,221.28,52,4.2,1548.96
4065,2024-03-08,Jouets,Sousse,En ligne,Espèces,2,24.33,22,4.8,48.66
3438,2024-03-08,Meubles,Sousse,En ligne,Espèces,7,266.97,65,4.6,1868.79
299,2024-03-08,Électronique,Gabès,En ligne,Carte bancaire,5,591.84,25,4.0,2959.2
7651,2024-03-08,Jouets,Bizerte,Magasin,Espèces,5,24.69,38,3.6,123.45
2936,2024-03-08,Électronique,Sfax,En ligne,Virement,4,698.31,19,5.0,2793.24
6118,2024-03-08,Électronique,Sfax,En ligne,Carte bancaire,2,642.3,34,3.3,1284.6
3949,2024-03-08,Alimentation,Tunis,Magasin,Carte bancaire,5,27.7,26,3.3,138.5
4372,2024-03-08,Vêtements,Bizerte,En ligne,Paiement mobile,4,86.1,50,3.3,344.4
2261,2024-03-08,Jouets,Bizerte,En ligne,Carte bancaire,3,21.94,54,4.3,65.82
5240,2024-03-08,Alimentation,Bizerte,En ligne,Espèces,1,19.43,26,3.3,19.43
920,2024-03-08,Beauté,Sousse,En ligne,Virement,2,41.33,61,4.0,82.66
1585,2024-03-08,Beauté,Gabès,En ligne,Paiement mobile,4,59.69,42,3.2,238.76
4854,2024-03-08,Électronique,Gabès,Magasin,Virement,3,572.15,53,3.4,1716.45
6404,2024-03-09,Électronique,Sfax,En ligne,Carte bancaire,3,619.41,25,4.2,1858.23
4113,2024-03-09,Jouets,Sousse,En ligne,Virement,5,27.67,50,5.0,138.35
4414,2024-03-09,Sport,Sfax,En ligne,Carte bancaire,1,109.37,19,4.9,109.37
5541,2024-03-09,Alimentation,Nabeul,En ligne,Carte bancaire,3,19.48,29,4.8,58.44
6824,2024-03-09,Alimentation,Sousse,En ligne,Carte bancaire,3,27.82,62,5.0,83.46
3439,2024-03-09,Sport,Tunis,En ligne,Paiement mobile,6,90.55,66,4.2,543.3
470,2024-03-09,Sport,Sfax,Magasin,Paiement mobile,7,126.35,43,4.6,884.45
7487,2024-03-09,Vêtements,Sfax,Magasin,Carte bancaire,6,38.35,65,5.0,230.1
2077,2024-03-09,Beauté,Kairouan,Magasin,Espèces,3,38.37,41,1.2,115.11
459,2024-03-09,Électronique,Kairouan,En ligne,Carte bancaire,1,692.21,55,4.1,692.21
1393,2024-03-09,Jouets,Sfax,En ligne,Virement,1,44.19,58,3.1,44.19
7391,2024-03-09,Électronique,Sfax,Magasin,Carte bancaire,4,335.28,48,4.3,1341.12
1022,2024-03-09,Alimentation,Sousse,Magasin,Paiement mobile,7,23.1,54,4.0,161.7
6643,2024-03-09,Alimentation,Bizerte,En ligne,Carte bancaire,7,18.06,28,4.3,126.42
2541,2024-03-09,Jouets,Bizerte,En ligne,Carte bancaire,5,48.12,22,3.3,240.6
1121,2024-03-09,Électronique,Gabès,Magasin,Carte bancaire,2,643.47,53,3.1,1286.94
2879,2024-03-09,Alimentation,Sousse,En ligne,Paiement mobile,7,28.71,32,2.6,200.97
7751,2024-03-09,Meubles,Tunis,Magasin,Carte bancaire,6,348.71,30,3.5,2092.26
7900,2024-03-09,Électronique,Sousse,En ligne,Carte bancaire,7,718.19,52,3.9,5027.33
2805,2024-03-09,Jouets,Tunis,En ligne,Virement,5,26.24,25,3.9,131.2
7080,2024-03-09,Beauté,Tunis,En ligne,Carte bancaire,6,53.04,29,4.7,318.24
7076,2024-03-09,Alimentation,Gabès,Magasin,Espèces,3,23.11,63,3.6,69.33
4506,2024-03-09,Jouets,Bizerte,Magasin,Paiement mobile,2,47.33,64,2.8,94.66
814,2024-03-09,Beauté,Sousse,Magasin,Carte bancaire,2,25.43,68,4.3,50.86
579,2024-03-09,Alimentation,Tunis,En ligne,Carte bancaire,6,19.0,32,4.6,114.0
2229,2024-03-09,Alimentation,Tunis,En ligne,Espèces,7,17.71,22,5.0,123.97
4274,2024-03-09,Jouets,Sousse,En ligne,Carte bancaire,4,38.13,57,4.4,152.52
4794,2024-03-10,Électronique,Sfax,Magasin,Paiement mobile,2,673.43,36,4.4,1346.86
6683,2024-03-10,Meubles,Tunis,Magasin,Virement,4,296.45,69,4.9,1185.8
7797,2024-03-10,Vêtements,Tunis,Magasin,Paiement mobile,3,47.48,33,3.5,142.44
4201,2024-03-10,Sport,Nabeul,Magasin,Carte bancaire,6,91.17,31,4.7,547.02
6078,2024-03-10,Meubles,Gabès,En ligne,Carte bancaire,5,251.01,60,4.1,1255.05
628,2024-03-10,Électronique,Nabeul,Magasin,Paiement mobile,5,332.76,22,4.6,1663.8
3509,2024-03-10,Vêtements,Bizerte,Magasin,Carte bancaire,3,73.64,25,3.2,220.92
6465,2024-03-10,Sport,Gabès,Magasin,Virement,1,87.92,69,3.2,87.92
3500,2024-03-10,Vêtements,Bizerte,En ligne,Carte bancaire,2,57.99,50,3.9,115.98
7786,2024-03-10,Jouets,Kairouan,En ligne,Paiement mobile,1,26.83,41,3.8,26.83
6713,2024-03-10,Alimentation,Gabès,En ligne,Carte bancaire,3,18.67,25,3.7,56.01
6587,2024-03-10,Électronique,Sousse,En ligne,Espèces,3,350.84,37,4.0,1052.52
947,2024-03-10,Beauté,Tunis,Magasin,Paiement mobile,1,58.42,38,2.5,58.42
6378,2024-03-10,Beauté,Tunis,En ligne,Virement,2,46.59,45,5.0,93.18
7177,2024-03-10,Électronique,Sfax,Magasin,Carte bancaire,2,543.84,63,3.4,1087.68
2849,2024-03-10,Meubles,Gabès,En ligne,Carte bancaire,1,198.86,61,3.0,198.86
2704,2024-03-10,Alimentation,Bizerte,Magasin,Virement,4,13.95,69,4.1,55.8
2864,2024-03-10,Vêtements,Sousse,Magasin,Espèces,7,62.79,26,2.3,439.53
2813,2024-03-10,Meubles,Sfax,Magasin,Virement,2,337.36,53,4.2,674.72
5321,2024-03-10,Sport,Sousse,En ligne,Carte bancaire,2,68.53,69,4.1,137.06
2276,2024-03-10,Jouets,Sfax,En ligne,Paiement mobile,4,31.09,31,3.7,124.36
5657,2024-03-10,Vêtements,Sfax,Magasin,Espèces,4,79.73,55,3.8,318.92
3946,2024-03-10,Alimentation,Tunis,Magasin,Virement,4,15.38,50,4.7,61.52
4612,2024-03-11,Beauté,Kairouan,En ligne,Espèces,1,29.03,31,4.7,29.03
4978,2024-03-11,Vêtements,Tunis,Magasin,Paiement mobile,1,62.36,63,3.6,62.36
5479,2024-03-11,Beauté,Nabeul,En ligne,Paiement mobile,7,61.66,47,5.0,431.62
4318,2024-03-11,Beauté,Sfax,Magasin,Espèces,4,51.98,46,4.5,207.92
6032,2024-03-11,Jouets,Bizerte,Magasin,Paiement mobile,2,33.07,63,3.5,66.14
2186,2024-03-11,Vêtements,Tunis,Magasin,Virement,1,49.03,29,4.1,49.03
7065,2024-03-11,Sport,Sousse,En ligne,Paiement mobile,1,97.27,19,2.0,97.27
6707,2024-03-11,Vêtements,Sfax,En ligne,Carte bancaire,7,92.43,51,2.6,647.01
6998,2024-03-11,Électronique,Tunis,En ligne,Virement,3,615.02,43,5.0,1845.06
7349,2024-03-11,Vêtements,Sfax,En ligne,Espèces,2,90.1,28,2.4,180.2
4727,2024-03-11,Meubles,Tunis,En ligne,Paiement mobile,5,209.84,44,4.0,1049.2
7510,2024-03-11,Jouets,Tunis,En ligne,Virement,2,34.42,53,4.2,68.84
6845,2024-03-11,Jouets,Sousse,Magasin,Espèces,6,45.34,48,5.0,272.04
5620,2024-03-11,Sport,Sousse,Magasin,Espèces,3,81.53,21,4.9,244.59
6861,2024-03-11,Jouets,Tunis,Magasin,Carte bancaire,4,51.03,64,3.6,204.12
2728,2024-03-11,Électronique,Gabès,En ligne,Espèces,3,330.0,45,3.3,990.0
6495,2024-03-12,Meubles,Gabès,En ligne,Carte bancaire,2,371.89,45,4.2,743.78
1790,2024-03-12,Jouets,Tunis,En ligne,Carte bancaire,6,22.21,67,2.1,133.26
2674,2024-03-12,Sport,Tunis,En ligne,Paiement mobile,5,104.3,68,4.9,521.5
5,2024-03-12,Alimentation,Nabeul,Magasin,Paiement mobile,7,29.06,25,5.0,203.42
1794,2024-03-12,Sport,Sousse,En ligne,Paiement mobile,3,48.9,54,3.2,146.7
2210,2024-03-12,Vêtements,Sfax,Magasin,Espèces,6,46.94,61,3.0,281.64
4588,2024-03-12,Vêtements,Tunis,En ligne,Paiement mobile,7,82.63,48,4.4,578.41
5088,2024-03-12,Jouets,Nabeul,En ligne,Espèces,3,47.04,50,3.1,141.12
5106,2024-03-12,Beauté,Tunis,En ligne,Paiement mobile,4,53.53,59,4.2,214.12
5196,2024-03-12,Alimentation,Kairouan,Magasin,Espèces,3,26.63,21,4.6,79.89
3215,2024-03-12,Meubles,Sfax,En ligne,Espèces,4,201.05,36,3.5,804.2
7220,2024-03-12,Alimentation,Tunis,Magasin,Carte bancaire,2,30.27,39,4.0,60.54
765,2024-03-12,Vêtements,Sousse,Magasin,Carte bancaire,1,69.42,64,4.5,69.42
5595,2024-03-12,Alimentation,Sfax,En ligne,Carte bancaire,4,24.53,23,4.4,98.12
7921,2024-03-12,Alimentation,Bizerte,En ligne,Virement,4,20.68,66,3.2,82.72
2971,2024-03-12,Jouets,Tunis,Magasin,Carte bancaire,6,25.97,48,5.0,155.82
5871,2024-03-12,Vêtements,Sfax,En ligne,Carte bancaire,2,73.06,55,2.9,146.12
3603,2024-03-12,Beauté,Kairouan,En ligne,Carte bancaire,5,49.26,33,2.6,246.3
5408,2024-03-12,Jouets,Kairouan,En ligne,Espèces,1,38.68,55,3.8,38.68
7806,2024-03-12,Électronique,Sfax,En ligne,Carte bancaire,3,402.51,67,3.8,1207.53
3281,2024-03-12,Jouets,Sfax,Magasin,Espèces,4,33.91,62,3.7,135.64
1548,2024-03-12,Électronique,Sfax,En ligne,Carte bancaire,4,453.39,39,3.0,1813.56
7625,2024-03-12,Électronique,Gabès,Magasin,Virement,5,629.94,26,3.1,3149.7
4993,2024-03-12,Alimentation,Bizerte,Magasin,Carte bancaire,7,16.48,55,4.3,115.36
1760,2024-03-12,Meubles,Gabès,Magasin,Carte bancaire,5,211.03,24,5.0,1055.15
4199,2024-03-13,Sport,Bizerte,En ligne,Carte bancaire,2,121.83,59,3.2,243.66
4348,2024-03-13,Sport,Tunis,Magasin,Carte bancaire,5,92.42,41,3.9,462.1
859,2024-03-13,Électronique,Kairouan,Magasin,Paiement mobile,2,440.26,67,3.2,880.52
5279,2024-03-13,Alimentation,Gabès,En ligne,Carte bancaire,7,17.93,67,3.5,125.51
1846,2024-03-13,Alimentation,Sousse,En ligne,Espèces,3,16.7,34,3.4,50.1
4954,2024-03-13,Vêtements,Tunis,En ligne,Espèces,2,71.24,20,4.3,142.48
6936,2024-03-13,Alimentation,Nabeul,En ligne,Espèces,5,15.85,53,3.8,79.25
7982,2024-03-13,Jouets,Sfax,Magasin,Carte bancaire,2,27.25,63,4.5,54.5
5766,2024-03-13,Jouets,Kairouan,Magasin,Paiement mobile,4,39.55,48,4.0,158.2
2384,2024-03-13,Alimentation,Tunis,En ligne,Carte bancaire,7,18.19,36,4.3,127.33
4379,2024-03-13,Beauté,Tunis,En ligne,Carte bancaire,1,47.7,32,4.7,47.7
3129,2024-03-13,Alimentation,Kairouan,En ligne,Virement,6,19.27,32,5.0,115.62
5354,2024-03-13,Beauté,Gabès,En ligne,Carte bancaire,3,26.96,44,4.2,80.88
4444,2024-03-13,Vêtements,Tunis,Magasin,Espèces,7,54.84,52,3.3,383.88
1527,2024-03-13,Électronique,Sousse,En ligne,Carte bancaire,3,396.52,47,3.6,1189.56
4398,2024-03-13,Alimentation,Bizerte,En ligne,Carte bancaire,3,14.13,30,3.3,42.39
5907,2024-03-13,Électronique,Tunis,En ligne,Virement,4,670.87,35,3.3,2683.48
1406,2024-03-13,Électronique,Sfax,En ligne,Virement,5,319.49,59,3.1,1597.45
3356,2024-03-13,Beauté,Tunis,En ligne,Paiement mobile,2,41.02,45,5.0,82.04
2089,2024-03-13,Beauté,Nabeul,Magasin,Paiement mobile,3,51.16,61,3.8,153.48
6434,2024-03-13,Vêtements,Tunis,Magasin,Carte bancaire,4,58.16,43,3.8,232.64
2273,2024-03-13,Meubles,Sfax,En ligne,Carte bancaire,1,192.56,33,4.3,192.56
2083,2024-03-13,Jouets,Gabès,En ligne,Virement,2,47.27,56,3.4,94.54
4638,2024-03-13,Alimentation,Gabès,Magasin,Virement,5,18.85,58,3.5,94.25
6927,2024-03-14,Alimentation,Tunis,En ligne,Carte bancaire,6,25.81,33,3.8,154.86
6869,2024-03-14,Vêtements,Gabès,En ligne,Carte bancaire,4,86.4,47,3.2,345.6
7190,2024-03-14,Alimentation,Gabès,En ligne,Carte bancaire,2,30.08,38,4.9,60.16
2809,2024-03-14,Meubles,Nabeul,En ligne,Carte bancaire,5,279.87,42,5.0,1399.35
5550,2024-03-14,Électronique,Sfax,Magasin,Paiement mobile,4,618.49,53,3.5,2473.96
3792,2024-03-14,Alimentation,Sousse,Magasin,Paiement mobile,4,25.72,48,4.1,102.88
3996,2024-03-14,Alimentation,Tunis,En ligne,Espèces,2,17.64,59,4.0,35.28
7691,2024-03-14,Alimentation,Bizerte,En ligne,Carte bancaire,6,25.76,39,4.4,154.56
6433,2024-03-14,Alimentation,Gabès,Magasin,Virement,3,17.79,66,3.9,53.37
4859,2024-03-14,Jouets,Bizerte,En ligne,Paiement mobile,1,49.19,19,4.0,49.19
6897,2024-03-14,Alimentation,Nabeul,En ligne,Espèces,7,25.23,48,4.0,176.61
603,2024-03-14,Meubles,Sousse,En ligne,Carte bancaire,2,263.26,34,3.1,526.52
6776,2024-03-14,Vêtements,Tunis,En ligne,Carte bancaire,3,41.63,49,3.2,124.89
4780,2024-03-14,Meubles,Tunis,Magasin,Paiement mobile,2,210.09,46,3.7,420.18
7356,2024-03-14,Vêtements,Tunis,En ligne,Paiement mobile,4,51.34,49,3.3,205.36
1685,2024-03-14,Électronique,Kairouan,En ligne,Virement,7,422.19,36,3.9,2955.33
2966,2024-03-14,Sport,Sfax,En ligne,Espèces,1,110.37,49,4.0,110.37
3651,2024-03-14,Jouets,Sousse,En ligne,Carte bancaire,7,22.81,66,3.0,159.67
2183,2024-03-14,Sport,Kairouan,En ligne,Paiement mobile,1,86.66,23,3.5,86.66
4327,2024-03-14,Meubles,Bizerte,En ligne,Carte bancaire,6,377.11,53,3.0,2262.66
7667,2024-03-14,Meubles,Nabeul,En ligne,Espèces,7,471.15,28,1.5,3298.05
3051,2024-03-15,Sport,Kairouan,Magasin,Paiement mobile,2,105.84,25,3.3,211.68
4889,2024-03-15,Vêtements,Tunis,Magasin,Paiement mobile,1,78.44,67,4.5,78.44
5974,2024-03-15,Alimentation,Sfax,Magasin,Carte bancaire,6,23.31,45,3.9,139.86
2701,2024-03-15,Vêtements,Tunis,En ligne,Espèces,1,90.96,30,5.0,90.96
536,2024-03-15,Électronique,Gabès,En ligne,Espèces,1,327.86,36,3.6,327.86
282,2024-03-15,Jouets,Gabès,Magasin,Carte bancaire,5,42.69,59,4.0,213.45
5877,2024-03-15,Électronique,Bizerte,Magasin,Virement,1,287.55,28,3.1,287.55
4931,2024-03-15,Électronique,Nabeul,En ligne,Paiement mobile,7,390.61,23,4.6,2734.27
7782,2024-03-15,Alimentation,Sfax,Magasin,Carte bancaire,5,26.25,41,4.5,131.25
2784,2024-03-15,Meubles,Nabeul,En ligne,Virement,4,246.0,63,3.6,984.0
1730,2024-03-15,Meubles,Tunis,En ligne,Carte bancaire,1,450.76,32,4.5,450.76
5669,2024-03-15,Électronique,Sousse,En ligne,Carte bancaire,2,308.49,54,4.8,616.98
968,2024-03-15,Jouets,Sousse,Magasin,Virement,4,25.93,34,4.1,103.72
6470,2024-03-15,Alimentation,Gabès,En ligne,Carte bancaire,5,19.84,65,4.7,99.2
3405,2024-03-15,Alimentation,Gabès,En ligne,Carte bancaire,4,12.7,41,2.3,50.8
1180,2024-03-15,Vêtements,Tunis,Magasin,Carte bancaire,1,78.59,25,2.5,78.59
3371,2024-03-15,Alimentation,Tunis,En ligne,Virement,3,24.04,61,3.2,72.12
3675,2024-03-15,Vêtements,Sousse,Magasin,Carte bancaire,6,65.46,62,3.7,392.76
1336,2024-03-15,Jouets,Sfax,Magasin,Espèces,4,37.73,21,4.1,150.92
7344,2024-03-15,Alimentation,Sfax,En ligne,Carte bancaire,6,29.13,26,2.9,174.78
6521,2024-03-15,Alimentation,Nabeul,En ligne,Carte bancaire,4,23.67,45,5.0,94.68
6341,2024-03-15,Beauté,Tunis,Magasin,Carte bancaire,6,30.34,19,3.6,182.04
3514,2024-03-15,Électronique,Tunis,Magasin,Carte bancaire,5,618.42,25,4.5,3092.1
3601,2024-03-15,Jouets,Tunis,En ligne,Carte bancaire,5,27.93,35,3.2,139.65
786,2024-03-15,Jouets,Sousse,En ligne,Carte bancaire,2,52.02,50,3.3,104.04
6965,2024-03-16,Jouets,Tunis,En ligne,Espèces,2,49.63,60,4.8,99.26
5527,2024-03-16,Meubles,Tunis,En ligne,Carte bancaire,3,295.38,35,3.9,886.14
4072,2024-03-16,Alimentation,Tunis,En ligne,Espèces,1,29.04,35,3.5,29.04
571,2024-03-16,Électronique,Gabès,En ligne,Espèces,3,539.43,37,3.6,1618.29
4546,2024-03-16,Alimentation,Sfax,En ligne,Carte bancaire,4,14.23,29,5.0,56.92
5767,2024-03-16,Vêtements,Nabeul,En ligne,Virement,3,43.85,40,2.3,131.55
1027,2024-03-16,Jouets,Bizerte,Magasin,Espèces,7,44.9,41,3.6,314.3
1812,2024-03-16,Sport,Nabeul,Magasin,Carte bancaire,1,77.3,51,4.8,77.3
3207,2024-03-16,Sport,Sfax,En ligne,Paiement mobile,1,118.42,64,4.0,118.42
3037,2024-03-16,Jouets,Bizerte,Magasin,Carte bancaire,3,25.41,26,3.9,76.23
2066,2024-03-16,Alimentation,Sfax,En ligne,Carte bancaire,5,26.14,61,5.0,130.7
5115,2024-03-16,Beauté,Nabeul,En ligne,Carte bancaire,5,37.54,59,3.6,187.7
7435,2024-03-16,Vêtements,Bizerte,Magasin,Carte bancaire,2,40.18,55,4.1,80.36
7607,2024-03-16,Vêtements,Tunis,Magasin,Carte bancaire,3,65.27,61,3.3,195.81
7908,2024-03-16,Vêtements,Bizerte,En ligne,Virement,7,51.79,19,4.4,362.53
7389,2024-03-16,Vêtements,Sfax,Magasin,Espèces,3,57.55,59,3.1,172.65
463,2024-03-16,Électronique,Nabeul,En ligne,Carte bancaire,2,480.28,27,4.9,960.56
5616,2024-03-16,Jouets,Tunis,Magasin,Espèces,5,55.06,20,5.0,275.3
2111,2024-03-16,Alimentation,Sousse,Magasin,Paiement mobile,3,20.97,30,4.7,62.91
6235,2024-03-16,Alimentation,Gabès,Magasin,Carte bancaire,7,12.94,46,4.3,90.58
1348,2024-03-16,Vêtements,Gabès,En ligne,Espèces,2,91.25,65,4.7,182.5
4210,2024-03-16,Jouets,Tunis,En ligne,Carte bancaire,3,45.3,23,4.8,135.9
3186,2024-03-16,Vêtements,Nabeul,En ligne,Carte bancaire,6,37.48,48,3.4,224.88
5270,2024-03-16,Alimentation,Bizerte,Magasin,Espèces,5,15.88,65,4.9,79.4
601,2024-03-16,Électronique,Sfax,En ligne,Carte bancaire,6,400.05,61,5.0,2400.3
2751,2024-03-16,Sport,Sousse,En ligne,Carte bancaire,7,90.33,19,3.2,632.31
5378,2024-03-16,Alimentation,Bizerte,Magasin,Espèces,3,26.99,29,4.2,80.97
6255,2024-03-16,Alimentation,Tunis,Magasin,Carte bancaire,5,18.42,29,2.8,92.1
7264,2024-03-16,Beauté,Tunis,En ligne,Carte bancaire,5,62.31,21,4.7,311.55
5587,2024-03-16,Alimentation,Sfax,En ligne,Espèces,4,24.97,41,2.3,99.88
2922,2024-03-16,Vêtements,Nabeul,Magasin,Carte bancaire,2,79.46,47,4.4,158.92
2091,2024-03-17,Alimentation,Bizerte,En ligne,Carte bancaire,2,14.92,50,3.8,29.84
7268,2024-03-17,Sport,Sousse,En ligne,Virement,3,99.84,62,4.1,299.52
5931,2024-03-17,Vêtements,Sfax,En ligne,Virement,4,47.51,28,3.1,190.04
6297,2024-03-17,Électronique,Sousse,Magasin,Carte bancaire,6,586.07,23,4.0,3516.42
2175,2024-03-17,Alimentation,Tunis,En ligne,Virement,3,15.39,24,4.2,46.17
6325,2024-03-17,Meubles,Nabeul,En ligne,Paiement mobile,1,226.36,52,4.1,226.36
5080,2024-03-17,Sport,Tunis,En ligne,Espèces,6,74.67,66,3.9,448.02
5675,2024-03-17,Sport,Sfax,En ligne,Virement,3,53.08,62,4.3,159.24
4435,2024-03-17,Meubles,Nabeul,Magasin,Virement,1,421.48,49,3.5,421.48
3432,2024-03-17,Sport,Bizerte,En ligne,Espèces,7,49.38,33,4.9,345.66
1828,2024-03-17,Électronique,Nabeul,Magasin,Paiement mobile,2,312.51,29,2.7,625.02
7740,2024-03-17,Jouets,Kairouan,Magasin,Paiement mobile,6,52.96,64,4.8,317.76
1667,2024-03-17,Meubles,Tunis,Magasin,Virement,7,290.91,57,5.0,2036.37
4810,2024-03-17,Meubles,Sousse,En ligne,Carte bancaire,1,274.68,20,2.5,274.68
2244,2024-03-17,Alimentation,Bizerte,En ligne,Espèces,5,19.63,37,4.2,98.15
6157,2024-03-17,Jouets,Sousse,En ligne,Paiement mobile,3,45.36,25,4.8,136.08
2782,2024-03-18,Vêtements,Gabès,En ligne,Carte bancaire,5,79.53,56,4.0,397.65
1270,2024-03-18,Alimentation,Sfax,Magasin,Carte bancaire,5,23.44,67,3.5,117.2
7480,2024-03-18,Jouets,Tunis,En ligne,Carte bancaire,1,37.81,47,4.6,37.81
2581,2024-03-18,Vêtements,Sfax,Magasin,Virement,1,45.89,48,3.3,45.89
888,2024-03-18,Vêtements,Tunis,Magasin,Carte bancaire,6,64.38,31,4.0,386.28
1230,2024-03-18,Électronique,Kairouan,En ligne,Carte bancaire,2,492.29,18,4.1,984.58
6524,2024-03-18,Jouets,Sousse,En ligne,Espèces,2,52.69,69,4.0,105.38
5403,2024-03-18,Vêtements,Gabès,Magasin,Carte bancaire,4,51.2,50,4.7,204.8
7343,2024-03-18,Beauté,Sfax,Magasin,Espèces,6,47.68,43,3.3,286.08
4224,2024-03-18,Jouets,Nabeul,En ligne,Carte bancaire,5,26.46,69,4.7,132.3
7022,2024-03-18,Électronique,Sousse,En ligne,Espèces,4,390.12,61,2.8,1560.48
755,2024-03-18,Jouets,Sfax,Magasin,Carte bancaire,1,35.25,47,3.7,35.25
6789,2024-03-18,Meubles,Sfax,Magasin,Carte bancaire,3,419.91,41,3.5,1259.73
7048,2024-03-18,Électronique,Sfax,En ligne,Carte bancaire,5,308.12,23,2.3,1540.6
1047,2024-03-18,Électronique,Sfax,Magasin,Carte bancaire,4,532.96,43,4.0,2131.84
856,2024-03-18,Vêtements,Bizerte,En ligne,Virement,2,86.58,55,3.8,173.16
5783,2024-03-18,Vêtements,Sfax,En ligne,Carte bancaire,6,46.24,54,3.4,277.44
3926,2024-03-18,Alimentation,Tunis,Magasin,Espèces,7,16.7,27,3.7,116.9
7684,2024-03-18,Vêtements,Sfax,En ligne,Carte bancaire,7,54.42,45,2.8,380.94
2243,2024-03-18,Alimentation,Sfax,Magasin,Espèces,5,22.6,37,4.0,113.0
1766,2024-03-19,Alimentation,Gabès,En ligne,Carte bancaire,3,27.82,30,3.7,83.46
6837,2024-03-19,Meubles,Tunis,Magasin,Espèces,6,429.07,22,4.3,2574.42
2941,2024-03-19,Beauté,Sfax,Magasin,Espèces,2,39.3,69,4.2,78.6
2480,2024-03-19,Électronique,Bizerte,En ligne,Carte bancaire,6,320.22,56,5.0,1921.32
7821,2024-03-19,Vêtements,Sfax,En ligne,Espèces,4,94.88,46,3.7,379.52
2537,2024-03-19,Meubles,Gabès,En ligne,Carte bancaire,6,262.28,19,4.9,1573.68
6594,2024-03-19,Électronique,Sousse,En ligne,Carte bancaire,6,271.55,35,5.0,1629.3
6586,2024-03-19,Beauté,Sfax,En ligne,Espèces,4,30.08,60,3.2,120.32
7032,2024-03-19,Meubles,Sfax,Magasin,Carte bancaire,5,434.27,40,4.3,2171.35
3864,2024-03-19,Vêtements,Sfax,En ligne,Carte bancaire,2,44.32,61,2.4,88.64
6408,2024-03-19,Électronique,Sousse,En ligne,Paiement mobile,3,413.08,32,4.0,1239.24
3679,2024-03-19,Électronique,Tunis,En ligne,Carte bancaire,4,367.84,50,3.5,1471.36
6947,2024-03-19,Alimentation,Sousse,En ligne,Carte bancaire,4,24.63,35,2.4,98.52
5594,2024-03-19,Vêtements,Gabès,Magasin,Carte bancaire,5,55.58,47,3.2,277.9
6698,2024-03-19,Alimentation,Tunis,En ligne,Paiement mobile,4,23.99,47,3.2,95.96
1719,2024-03-19,Vêtements,Sousse,Magasin,Carte bancaire,3,86.23,34,5.0,258.69
4361,2024-03-19,Alimentation,Nabeul,Magasin,Carte bancaire,6,18.21,41,4.8,109.26
6607,2024-03-19,Vêtements,Tunis,En ligne,Carte bancaire,1,71.63,48,4.8,71.63
2410,2024-03-19,Électronique,Nabeul,Magasin,Virement,2,521.71,23,4.2,1043.42
6000,2024-03-19,Alimentation,Sfax,Magasin,Carte bancaire,1,19.35,46,2.4,19.35
4289,2024-03-19,Électronique,Sfax,En ligne,Virement,6,610.72,60,5.0,3664.32
4797,2024-03-19,Vêtements,Sfax,Magasin,Virement,1,71.99,40,4.8,71.99
6498,2024-03-20,Électronique,Tunis,En ligne,Espèces,6,707.97,64,5.0,4247.82
6270,2024-03-20,Jouets,Sousse,Magasin,Carte bancaire,3,35.17,47,4.1,105.51
1815,2024-03-20,Vêtements,Bizerte,En ligne,Paiement mobile,5,83.45,29,2.4,417.25
2447,2024-03-20,Jouets,Sousse,En ligne,Virement,1,25.08,65,4.0,25.08
7967,2024-03-20,Sport,Nabeul,Magasin,Carte bancaire,5,108.7,49,4.9,543.5
4244,2024-03-20,Sport,Kairouan,Magasin,Espèces,2,119.51,65,2.4,239.02
7515,2024-03-20,Alimentation,Sousse,Magasin,Carte bancaire,7,27.51,43,4.6,192.57
664,2024-03-20,Électronique,Sousse,En ligne,Espèces,1,286.56,33,4.6,286.56
7425,2024-03-20,Vêtements,Bizerte,En ligne,Espèces,7,73.67,52,4.1,515.69
1436,2024-03-20,Alimentation,Tunis,En ligne,Virement,5,19.31,37,3.6,96.55
1977,2024-03-20,Alimentation,Gabès,Magasin,Espèces,3,14.25,33,2.6,42.75
806,2024-03-21,Meubles,Gabès,En ligne,Espèces,3,289.18,42,2.9,867.54
3337,2024-03-21,Meubles,Bizerte,En ligne,Espèces,1,211.17,25,3.2,211.17
4185,2024-03-21,Beauté,Sfax,En ligne,Paiement mobile,4,45.83,21,3.7,183.32
7570,2024-03-21,Alimentation,Sfax,En ligne,Virement,3,25.8,61,4.3,77.4
3986,2024-03-21,Vêtements,Sfax,Magasin,Espèces,6,70.51,36,4.9,423.06
104,2024-03-21,Électronique,Gabès,En ligne,Paiement mobile,5,492.72,53,5.0,2463.6
6641,2024-03-21,Jouets,Sousse,En ligne,Carte bancaire,3,52.96,39,3.1,158.88
7125,2024-03-21,Électronique,Tunis,En ligne,Paiement mobile,5,403.84,22,3.1,2019.2
1441,2024-03-21,Vêtements,Nabeul,En ligne,Espèces,3,92.15,19,5.0,276.45
61,2024-03-21,Alimentation,Sousse,En ligne,Carte bancaire,4,18.34,69,4.2,73.36
4757,2024-03-21,Beauté,Nabeul,En ligne,Espèces,3,27.35,65,5.0,82.05
1308,2024-03-21,Beauté,Gabès,En ligne,Espèces,4,61.55,24,3.7,246.2
6797,2024-03-21,Alimentation,Tunis,En ligne,Carte bancaire,4,12.74,24,4.8,50.96
2893,2024-03-21,Sport,Nabeul,En ligne,Espèces,5,90.19,58,5.0,450.95
204,2024-03-21,Meubles,Sfax,Magasin,Carte bancaire,3,333.24,44,3.0,999.72
1613,2024-03-21,Alimentation,Nabeul,En ligne,Paiement mobile,1,26.77,69,5.0,26.77
4196,2024-03-21,Sport,Tunis,En ligne,Carte bancaire,2,66.22,34,3.5,132.44
6672,2024-03-22,Alimentation,Sfax,Magasin,Carte bancaire,1,19.12,43,5.0,19.12
1890,2024-03-22,Beauté,Sousse,Magasin,Paiement mobile,1,38.85,69,2.5,38.85
3522,2024-03-22,Alimentation,Sousse,Magasin,Paiement mobile,3,24.52,59,3.8,73.56
4314,2024-03-22,Vêtements,Tunis,En ligne,Paiement mobile,2,42.64,24,3.0,85.28
5059,2024-03-22,Sport,Sfax,Magasin,Virement,7,124.52,21,3.4,871.64
1663,2024-03-22,Électronique,Sousse,En ligne,Virement,7,441.43,36,4.6,3090.01
1469,2024-03-22,Alimentation,Sfax,Magasin,Carte bancaire,5,19.08,35,4.4,95.4
6850,2024-03-22,Beauté,Nabeul,Magasin,Paiement mobile,2,27.21,54,5.0,54.42
711,2024-03-22,Jouets,Nabeul,En ligne,Virement,5,30.03,53,4.5,150.15
2878,2024-03-22,Alimentation,Tunis,En ligne,Carte bancaire,3,28.16,23,4.0,84.48
1289,2024-03-22,Électronique,Tunis,Magasin,Carte bancaire,3,596.17,60,4.1,1788.51
6934,2024-03-22,Meubles,Sousse,En ligne,Carte bancaire,3,324.99,66,3.9,974.97
7826,2024-03-22,Électronique,Tunis,Magasin,Carte bancaire,5,717.31,45,5.0,3586.55
6612,2024-03-22,Électronique,Tunis,En ligne,Espèces,5,418.36,25,2.9,2091.8
7267,2024-03-22,Jouets,Sousse,En ligne,Espèces,6,37.23,18,4.8,223.38
4676,2024-03-22,Meubles,Tunis,En ligne,Carte bancaire,7,290.56,25,4.4,2033.92
2099,2024-03-22,Alimentation,Tunis,En ligne,Carte bancaire,6,31.25,47,2.9,187.5
7624,2024-03-22,Sport,Bizerte,En ligne,Espèces,2,69.33,30,2.2,138.66
6469,2024-03-22,Vêtements,Tunis,En ligne,Espèces,4,89.5,21,4.6,358.0
4046,2024-03-22,Vêtements,Tunis,Magasin,Espèces,7,66.94,38,2.9,468.58
3304,2024-03-22,Vêtements,Sousse,Magasin,Carte bancaire,7,40.75,19,4.4,285.25
2374,2024-03-22,Sport,Tunis,En ligne,Paiement mobile,1,68.46,49,4.1,68.46
2506,2024-03-22,Alimentation,Kairouan,Magasin,Carte bancaire,2,24.95,52,3.8,49.9
2742,2024-03-22,Vêtements,Bizerte,Magasin,Paiement mobile,4,52.89,60,3.8,211.56
7636,2024-03-22,Beauté,Gabès,En ligne,Espèces,2,37.49,58,4.7,74.98
5538,2024-03-23,Électronique,Bizerte,En ligne,Espèces,3,644.1,30,3.1,1932.3
3120,2024-03-23,Jouets,Tunis,Magasin,Carte bancaire,6,55.26,32,3.7,331.56
7362,2024-03-23,Beauté,Tunis,En ligne,Carte bancaire,1,36.18,64,5.0,36.18
2440,2024-03-23,Vêtements,Bizerte,Magasin,Espèces,5,78.1,55,5.0,390.5
3707,2024-03-23,Alimentation,Tunis,Magasin,Carte bancaire,6,21.72,35,4.0,130.32
752,2024-03-23,Électronique,Tunis,En ligne,Espèces,7,324.92,24,4.1,2274.44
4258,2024-03-23,Jouets,Sousse,Magasin,Carte bancaire,1,29.46,64,5.0,29.46
5855,2024-03-23,Meubles,Sousse,Magasin,Virement,1,215.82,32,3.9,215.82
932,2024-03-23,Jouets,Gabès,Magasin,Espèces,4,35.81,20,4.0,143.24
4377,2024-03-23,Beauté,Bizerte,Magasin,Espèces,6,34.59,34,5.0,207.54
3610,2024-03-23,Jouets,Tunis,Magasin,Paiement mobile,7,49.13,45,3.8,343.91
4504,2024-03-23,Électronique,Kairouan,En ligne,Espèces,7,585.41,18,3.2,4097.87
6499,2024-03-23,Jouets,Gabès,En ligne,Virement,3,51.18,34,5.0,153.54
6735,2024-03-23,Alimentation,Kairouan,Magasin,Virement,1,23.56,27,4.4,23.56
5255,2024-03-23,Vêtements,Tunis,En ligne,Carte bancaire,3,61.85,41,4.4,185.55
4357,2024-03-23,Alimentation,Tunis,Magasin,Carte bancaire,5,22.1,64,4.0,110.5
3112,2024-03-24,Électronique,Gabès,En ligne,Carte bancaire,1,624.5,43,3.8,624.5
7069,2024-03-24,Électronique,Nabeul,En ligne,Espèces,5,272.08,65,3.9,1360.4
3307,2024-03-24,Meubles,Sousse,Magasin,Virement,7,355.22,34,5.0,2486.54
4287,2024-03-24,Électronique,Kairouan,En ligne,Virement,5,351.79,54,4.3,1758.95
2856,2024-03-24,Sport,Sousse,En ligne,Carte bancaire,3,94.06,39,3.8,282.18
7969,2024-03-24,Sport,Nabeul,En ligne,Carte bancaire,6,71.77,37,2.4,430.62
5738,2024-03-24,Beauté,Tunis,En ligne,Espèces,1,56.35,65,3.6,56.35
1744,2024-03-24,Meubles,Gabès,Magasin,Espèces,3,326.36,58,4.0,979.08
1856,2024-03-24,Vêtements,Tunis,En ligne,Paiement mobile,4,42.31,50,5.0,169.24
2832,2024-03-24,Jouets,Tunis,En ligne,Carte bancaire,3,26.25,24,3.6,78.75
7214,2024-03-24,Sport,Kairouan,En ligne,Carte bancaire,3,111.07,62,4.1,333.21
1734,2024-03-24,Vêtements,Kairouan,En ligne,Virement,7,58.41,25,5.0,408.87
4503,2024-03-24,Alimentation,Nabeul,Magasin,Virement,7,29.59,25,3.5,207.13
1204,2024-03-24,Meubles,Sousse,En ligne,Carte bancaire,5,438.73,37,5.0,2193.65
3909,2024-03-24,Meubles,Nabeul,En ligne,Paiement mobile,3,343.01,63,4.4,1029.03
1861,2024-03-24,Vêtements,Sousse,En ligne,Carte bancaire,3,67.68,61,4.8,203.04
5130,2024-03-24,Meubles,Kairouan,Magasin,Virement,5,313.72,56,4.6,1568.6
4339,2024-03-24,Sport,Nabeul,Magasin,Carte bancaire,6,107.32,57,4.1,643.92
7752,2024-03-24,Jouets,Sousse,En ligne,Espèces,5,54.63,51,5.0,273.15
2191,2024-03-24,Vêtements,Kairouan,En ligne,Paiement mobile,1,38.48,59,5.0,38.48
1011,2024-03-24,Électronique,Bizerte,Magasin,Virement,6,346.61,47,5.0,2079.66
7039,2024-03-24,Meubles,Sfax,En ligne,Carte bancaire,4,368.09,42,3.8,1472.36
4085,2024-03-24,Jouets,Gabès,Magasin,Carte bancaire,2,43.03,26,5.0,86.06
1958,2024-03-24,Sport,Tunis,En ligne,Paiement mobile,7,93.64,25,4.2,655.48
563,2024-03-24,Alimentation,Sousse,En ligne,Carte bancaire,2,24.57,41,4.4,49.14
2339,2024-03-24,Alimentation,Nabeul,En ligne,Carte bancaire,2,30.94,36,3.7,61.88
7444,2024-03-24,Électronique,Tunis,Magasin,Espèces,2,602.54,34,4.3,1205.08
3328,2024-03-24,Alimentation,Sfax,En ligne,Carte bancaire,7,16.26,42,4.0,113.82
4989,2024-03-24,Alimentation,Kairouan,En ligne,Carte bancaire,1,26.99,53,3.2,26.99
7895,2024-03-24,Vêtements,Sfax,Magasin,Paiement mobile,1,51.87,68,5.0,51.87
3988,2024-03-24,Électronique,Sousse,En ligne,Carte bancaire,6,388.14,42,3.1,2328.84
6284,2024-03-25,Sport,Sousse,En ligne,Carte bancaire,5,89.84,50,4.0,449.2
2250,2024-03-25,Électronique,Sfax,Magasin,Paiement mobile,3,334.27,27,4.8,1002.81
6287,2024-03-25,Vêtements,Tunis,En ligne,Carte bancaire,6,95.48,41,4.1,572.88
5564,2024-03-25,Beauté,Bizerte,Magasin,Paiement mobile,5,42.11,62,3.7,210.55
4129,2024-03-25,Électronique,Tunis,Magasin,Paiement mobile,5,523.7,20,3.3,2618.5
754,2024-03-25,Vêtements,Gabès,Magasin,Espèces,2,76.8,36,4.6,153.6
4560,2024-03-25,Beauté,Sousse,Magasin,Espèces,4,30.68,32,3.7,122.72
6626,2024-03-25,Vêtements,Tunis,En ligne,Carte bancaire,3,52.69,51,3.7,158.07
6128,2024-03-25,Jouets,Tunis,Magasin,Carte bancaire,4,28.07,56,4.8,112.28
6639,2024-03-25,Vêtements,Sfax,Magasin,Espèces,2,49.44,41,4.2,98.88
7910,2024-03-25,Jouets,Bizerte,En ligne,Carte bancaire,2,27.23,29,4.0,54.46
7116,2024-03-25,Alimentation,Sfax,Magasin,Carte bancaire,6,18.53,46,4.2,111.18
6166,2024-03-25,Alimentation,Sfax,En ligne,Paiement mobile,3,12.02,42,3.9,36.06
2126,2024-03-25,Meubles,Sfax,Magasin,Carte bancaire,6,213.82,38,3.9,1282.92
2970,2024-03-25,Sport,Sousse,En ligne,Paiement mobile,5,95.82,29,3.4,479.1
1283,2024-03-25,Alimentation,Sousse,En ligne,Carte bancaire,5,25.75,57,4.7,128.75
7481,2024-03-25,Meubles,Tunis,Magasin,Virement,3,433.05,31,4.0,1299.15
2473,2024-03-26,Sport,Sfax,En ligne,Paiement mobile,6,105.43,21,3.6,632.58
3157,2024-03-26,Électronique,Tunis,En ligne,Virement,2,644.36,20,4.6,1288.72
912,2024-03-26,Électronique,Tunis,En ligne,Carte bancaire,5,575.91,40,4.4,2879.55
4643,2024-03-26,Électronique,Sousse,Magasin,Carte bancaire,7,276.34,62,2.4,1934.38
3993,2024-03-26,Beauté,Sousse,En ligne,Paiement mobile,1,24.47,56,4.2,24.47
157,2024-03-26,Électronique,Gabès,Magasin,Carte bancaire,6,479.04,65,3.7,2874.24
4837,2024-03-26,Jouets,Sousse,Magasin,Espèces,3,44.32,43,3.5,132.96
7165,2024-03-26,Alimentation,Tunis,En ligne,Paiement mobile,5,17.63,65,2.9,88.15
466,2024-03-26,Vêtements,Sfax,En ligne,Paiement mobile,4,43.55,65,3.4,174.2
5013,2024-03-26,Électronique,Nabeul,En ligne,Virement,4,343.64,28,5.0,1374.56
1817,2024-03-26,Vêtements,Tunis,Magasin,Carte bancaire,1,40.57,49,4.4,40.57
2921,2024-03-26,Vêtements,Tunis,En ligne,Virement,7,54.14,61,3.5,378.98
2053,2024-03-26,Alimentation,Nabeul,En ligne,Carte bancaire,1,14.18,61,4.5,14.18
1089,2024-03-26,Sport,Kairouan,Magasin,Virement,5,67.82,56,4.8,339.1
2901,2024-03-26,Alimentation,Sfax,En ligne,Virement,1,13.49,43,3.3,13.49
3924,2024-03-26,Électronique,Tunis,Magasin,Carte bancaire,4,706.02,37,3.8,2824.08
1458,2024-03-26,Meubles,Bizerte,En ligne,Espèces,4,320.68,26,4.1,1282.72
2691,2024-03-26,Électronique,Nabeul,En ligne,Paiement mobile,1,479.76,56,4.7,479.76
6082,2024-03-26,Sport,Bizerte,En ligne,Carte bancaire,4,86.93,38,3.6,347.72
2891,2024-03-26,Jouets,Sousse,Magasin,Virement,4,39.44,23,4.0,157.76
2637,2024-03-26,Jouets,Kairouan,En ligne,Carte bancaire,4,46.76,61,4.7,187.04
5917,2024-03-26,Jouets,Sfax,En ligne,Paiement mobile,5,46.19,18,4.3,230.95
3426,2024-03-27,Jouets,Sfax,Magasin,Carte bancaire,5,23.3,25,3.7,116.5
3216,2024-03-27,Jouets,Sfax,En ligne,Carte bancaire,7,30.4,50,4.5,212.8
1246,2024-03-27,Meubles,Tunis,Magasin,Espèces,3,200.75,24,4.4,602.25
7546,2024-03-27,Alimentation,Sousse,En ligne,Espèces,3,16.81,18,3.8,50.43
4552,2024-03-27,Meubles,Tunis,En ligne,Espèces,5,288.93,35,3.0,1444.65
4545,2024-03-27,Jouets,Sfax,Magasin,Carte bancaire,3,25.54,44,4.8,76.62
7827,2024-03-27,Beauté,Bizerte,En ligne,Espèces,6,29.56,24,4.1,177.36
2547,2024-03-27,Beauté,Sousse,Magasin,Carte bancaire,5,34.75,22,5.0,173.75
6830,2024-03-27,Électronique,Gabès,Magasin,Paiement mobile,1,375.07,24,2.5,375.07
1349,2024-03-27,Meubles,Sfax,Magasin,Carte bancaire,3,312.54,54,4.8,937.62
5302,2024-03-27,Électronique,Sousse,Magasin,Paiement mobile,2,502.76,22,4.4,1005.52
6011,2024-03-27,Vêtements,Sousse,Magasin,Virement,7,71.41,47,4.6,499.87
5829,2024-03-27,Alimentation,Gabès,En ligne,Espèces,2,14.77,31,5.0,29.54
5528,2024-03-27,Alimentation,Tunis,En ligne,Carte bancaire,7,20.07,18,5.0,140.49
2542,2024-03-27,Alimentation,Sfax,Magasin,Paiement mobile,5,22.79,27,2.8,113.95
1872,2024-03-27,Vêtements,Nabeul,En ligne,Paiement mobile,6,59.53,18,3.7,357.18
6686,2024-03-27,Vêtements,Gabès,En ligne,Virement,7,90.95,40,2.9,636.65
7031,2024-03-27,Sport,Sfax,Magasin,Virement,3,94.57,42,3.5,283.71
6557,2024-03-27,Meubles,Sfax,Magasin,Paiement mobile,6,272.85,54,2.2,1637.1
1945,2024-03-27,Vêtements,Kairouan,En ligne,Paiement mobile,7,63.74,19,4.4,446.18
2881,2024-03-27,Électronique,Kairouan,Magasin,Carte bancaire,6,277.87,33,3.6,1667.22
6075,2024-03-27,Électronique,Bizerte,En ligne,Virement,7,628.83,38,3.3,4401.81
12,2024-03-28,Meubles,Gabès,Magasin,Espèces,6,256.33,67,2.4,1537.98
1269,2024-03-28,Sport,Tunis,En ligne,Carte bancaire,2,67.93,57,3.3,135.86
7704,2024-03-28,Alimentation,Kairouan,Magasin,Carte bancaire,6,16.14,56,4.0,96.84
6305,2024-03-28,Électronique,Tunis,En ligne,Carte bancaire,7,351.59,59,3.5,2461.13
4952,2024-03-28,Beauté,Gabès,En ligne,Carte bancaire,5,24.36,62,4.8,121.8
4485,2024-03-28,Vêtements,Sfax,Magasin,Carte bancaire,4,41.7,53,3.9,166.8
3989,2024-03-28,Alimentation,Nabeul,En ligne,Espèces,5,19.23,54,3.7,96.15
7272,2024-03-28,Électronique,Tunis,Magasin,Carte bancaire,4,478.67,42,4.3,1914.68
2651,2024-03-28,Jouets,Sfax,En ligne,Carte bancaire,6,28.79,67,4.5,172.74
5965,2024-03-28,Vêtements,Sfax,Magasin,Carte bancaire,6,45.79,64,4.5,274.74
1810,2024-03-28,Alimentation,Kairouan,En ligne,Virement,1,27.01,27,4.9,27.01
7219,2024-03-28,Beauté,Sousse,En ligne,Espèces,6,29.01,36,4.8,174.06
7652,2024-03-28,Électronique,Sfax,Magasin,Carte bancaire,5,641.4,24,5.0,3207.0
5704,2024-03-28,Vêtements,Gabès,Magasin,Carte bancaire,5,46.12,37,3.4,230.6
6388,2024-03-28,Jouets,Sfax,Magasin,Carte bancaire,4,24.48,31,5.0,97.92
4186,2024-03-28,Jouets,Gabès,En ligne,Carte bancaire,2,34.69,18,4.0,69.38
3689,2024-03-28,Alimentation,Tunis,En ligne,Paiement mobile,7,25.75,50,4.9,180.25
5968,2024-03-29,Jouets,Tunis,En ligne,Paiement mobile,1,31.2,69,4.2,31.2
4246,2024-03-29,Alimentation,Nabeul,Magasin,Virement,6,24.3,46,4.0,145.8
2086,2024-03-29,Meubles,Gabès,En ligne,Virement,6,233.92,43,4.7,1403.52
454,2024-03-29,Électronique,Tunis,Magasin,Carte bancaire,7,353.68,24,4.6,2475.76
7802,2024-03-29,Alimentation,Kairouan,Magasin,Espèces,4,16.41,62,4.1,65.64
2960,2024-03-29,Alimentation,Nabeul,En ligne,Espèces,4,19.07,20,3.7,76.28
6621,2024-03-29,Sport,Bizerte,En ligne,Carte bancaire,6,116.47,43,2.6,698.82
5870,2024-03-29,Vêtements,Bizerte,En ligne,Carte bancaire,1,39.23,32,4.9,39.23
1583,2024-03-29,Électronique,Gabès,En ligne,Virement,4,626.86,69,3.1,2507.44
5045,2024-03-29,Électronique,Sfax,En ligne,Espèces,1,605.52,25,4.8,605.52
49,2024-03-29,Alimentation,Sfax,En ligne,Carte bancaire,2,23.63,31,5.0,47.26
1050,2024-03-29,Sport,Sousse,En ligne,Espèces,6,101.49,65,4.7,608.94
1053,2024-03-29,Vêtements,Tunis,En ligne,Carte bancaire,1,59.95,24,3.1,59.95
3960,2024-03-29,Sport,Gabès,Magasin,Espèces,7,96.69,25,3.5,676.83
7234,2024-03-29,Électronique,Gabès,En ligne,Carte bancaire,1,438.68,42,3.6,438.68
5763,2024-03-29,Alimentation,Tunis,Magasin,Paiement mobile,5,30.75,49,5.0,153.75
6452,2024-03-29,Sport,Bizerte,Magasin,Virement,1,109.39,66,5.0,109.39
3142,2024-03-29,Alimentation,Tunis,Magasin,Virement,3,17.75,46,2.5,53.25
1446,2024-03-29,Vêtements,Kairouan,En ligne,Virement,5,95.61,53,3.5,478.05
5307,2024-03-29,Jouets,Gabès,En ligne,Virement,7,45.56,63,2.2,318.92
6893,2024-03-29,Alimentation,Sousse,En ligne,Carte bancaire,7,12.07,66,4.1,84.49
4025,2024-03-29,Vêtements,Sousse,Magasin,Paiement mobile,4,93.64,48,3.3,374.56
2107,2024-03-29,Alimentation,Nabeul,Magasin,Paiement mobile,5,29.68,54,3.3,148.4
6862,2024-03-30,Électronique,Kairouan,En ligne,Espèces,2,342.81,55,3.1,685.62
2079,2024-03-30,Vêtements,Sousse,En ligne,Paiement mobile,1,64.5,54,3.2,64.5
7003,2024-03-30,Alimentation,Kairouan,Magasin,Espèces,2,26.83,69,3.7,53.66
2693,2024-03-30,Sport,Tunis,En ligne,Carte bancaire,3,62.19,50,3.8,186.57
2177,2024-03-30,Jouets,Tunis,Magasin,Paiement mobile,7,38.44,63,5.0,269.08
3882,2024-03-30,Meubles,Kairouan,En ligne,Espèces,7,388.21,50,4.8,2717.47
7940,2024-03-30,Électronique,Gabès,Magasin,Carte bancaire,6,565.31,27,4.4,3391.86
3246,2024-03-30,Électronique,Tunis,Magasin,Virement,6,435.28,47,3.5,2611.68
692,2024-03-30,Alimentation,Gabès,Magasin,Carte bancaire,4,26.41,67,4.9,105.64
7405,2024-03-30,Alimentation,Sousse,En ligne,Paiement mobile,6,17.25,65,3.6,103.5
6525,2024-03-30,Alimentation,Tunis,Magasin,Espèces,6,22.89,28,3.6,137.34
7323,2024-03-30,Électronique,Tunis,Magasin,Carte bancaire,1,523.4,48,3.7,523.4
1608,2024-03-30,Alimentation,Tunis,En ligne,Carte bancaire,6,28.77,68,3.7,172.62
5365,2024-03-30,Sport,Bizerte,En ligne,Carte bancaire,1,61.08,49,3.7,61.08
4922,2024-03-30,Meubles,Bizerte,En ligne,Espèces,3,356.2,60,2.5,1068.6
5398,2024-03-30,Sport,Tunis,En ligne,Espèces,2,104.4,38,3.9,208.8
3286,2024-03-30,Beauté,Bizerte,En ligne,Virement,6,62.91,27,2.9,377.46
6076,2024-03-30,Alimentation,Bizerte,Magasin,Paiement mobile,2,26.63,53,4.0,53.26
7259,2024-03-30,Jouets,Gabès,En ligne,Espèces,5,22.19,63,3.9,110.95
6069,2024-03-30,Électronique,Tunis,En ligne,Virement,5,658.82,19,3.9,3294.1
6321,2024-03-30,Alimentation,Sfax,Magasin,Carte bancaire,6,30.56,69,4.5,183.36
527,2024-03-30,Alimentation,Gabès,Magasin,Espèces,6,31.58,34,3.5,189.48
993,2024-03-30,Vêtements,Sfax,En ligne,Paiement mobile,1,74.44,46,4.7,74.44
1835,2024-03-30,Beauté,Sfax,En ligne,Carte bancaire,5,45.61,45,3.4,228.05
1179,2024-03-30,Beauté,Sfax,En ligne,Carte bancaire,7,40.41,53,5.0,282.87
530,2024-03-30,Vêtements,Sousse,Magasin,Virement,2,81.14,26,4.6,162.28
3868,2024-03-30,Sport,Tunis,En ligne,Carte bancaire,7,74.76,39,4.1,523.32
3956,2024-03-30,Alimentation,Sfax,En ligne,Carte bancaire,3,19.36,63,2.9,58.08
7986,2024-03-30,Électronique,Nabeul,Magasin,Paiement mobile,2,571.17,50,4.0,1142.34
5609,2024-03-30,Vêtements,Tunis,En ligne,Carte bancaire,7,77.56,25,4.1,542.92
2787,2024-03-30,Électronique,Tunis,En ligne,Carte bancaire,6,494.96,67,4.8,2969.76
2814,2024-03-30,Beauté,Sfax,Magasin,Carte bancaire,6,56.66,32,3.0,339.96
7984,2024-03-31,Vêtements,Kairouan,En ligne,Carte bancaire,4,47.28,58,3.2,189.12
5327,2024-03-31,Alimentation,Tunis,En ligne,Carte bancaire,1,19.0,18,2.5,19.0
3100,2024-03-31,Vêtements,Sousse,En ligne,Espèces,2,45.23,62,3.4,90.46
634,2024-03-31,Électronique,Tunis,Magasin,Espèces,3,586.73,31,3.6,1760.19
4439,2024-03-31,Beauté,Sousse,Magasin,Virement,6,63.54,44,4.3,381.24
4824,2024-03-31,Beauté,Bizerte,En ligne,Virement,3,42.74,42,3.3,128.22
4036,2024-03-31,Électronique,Sousse,En ligne,Carte bancaire,6,296.89,62,3.5,1781.34
7795,2024-03-31,Meubles,Gabès,En ligne,Carte bancaire,2,298.21,42,3.8,596.42
4045,2024-03-31,Vêtements,Nabeul,En ligne,Paiement mobile,2,45.13,45,4.9,90.26
7883,2024-03-31,Alimentation,Tunis,En ligne,Carte bancaire,1,23.7,68,4.4,23.7
3484,2024-03-31,Vêtements,Sousse,En ligne,Paiement mobile,1,39.01,36,4.8,39.01
4008,2024-03-31,Vêtements,Tunis,Magasin,Carte bancaire,2,87.41,57,3.4,174.82
4469,2024-04-01,Électronique,Tunis,En ligne,Espèces,7,710.96,65,4.3,4976.72
3458,2024-04-01,Vêtements,Sousse,Magasin,Carte bancaire,1,57.64,66,4.6,57.64
389,2024-04-01,Électronique,Sfax,Magasin,Paiement mobile,5,631.06,26,4.1,3155.3
6958,2024-04-01,Jouets,Bizerte,En ligne,Carte bancaire,3,50.49,43,3.9,151.47
1150,2024-04-01,Jouets,Sfax,Magasin,Paiement mobile,3,29.04,41,3.3,87.12
3523,2024-04-01,Beauté,Kairouan,En ligne,Carte bancaire,7,51.94,26,4.2,363.58
3822,2024-04-01,Alimentation,Nabeul,En ligne,Carte bancaire,3,18.23,68,4.3,54.69
436,2024-04-01,Alimentation,Kairouan,En ligne,Carte bancaire,5,28.18,32,4.7,140.9
7513,2024-04-01,Électronique,Bizerte,Magasin,Paiement mobile,3,415.8,58,4.0,1247.4
6332,2024-04-01,Jouets,Bizerte,En ligne,Virement,5,54.19,68,4.3,270.95
1265,2024-04-01,Jouets,Sousse,En ligne,Espèces,5,44.58,46,5.0,222.9
4728,2024-04-01,Alimentation,Tunis,Magasin,Paiement mobile,7,25.18,55,4.0,176.26
7478,2024-04-01,Électronique,Sfax,En ligne,Espèces,5,421.18,61,3.7,2105.9
7840,2024-04-01,Électronique,Bizerte,En ligne,Espèces,4,374.78,30,4.2,1499.12
844,2024-04-01,Alimentation,Bizerte,En ligne,Carte bancaire,2,27.03,53,4.6,54.06
2417,2024-04-01,Jouets,Bizerte,Magasin,Virement,6,23.97,28,3.8,143.82
1740,2024-04-01,Jouets,Sousse,En ligne,Espèces,2,31.01,47,3.1,62.02
57,2024-04-01,Alimentation,Tunis,Magasin,Paiement mobile,1,29.88,22,3.7,29.88
1818,2024-04-01,Électronique,Gabès,En ligne,Carte bancaire,7,563.73,19,2.5,3946.11
6208,2024-04-01,Alimentation,Nabeul,Magasin,Carte bancaire,5,30.06,45,4.2,150.3
1635,2024-04-01,Vêtements,Tunis,En ligne,Carte bancaire,3,56.66,31,4.4,169.98
2944,2024-04-01,Alimentation,Sfax,Magasin,Espèces,2,17.82,53,4.6,35.64
2470,2024-04-01,Vêtements,Sfax,En ligne,Carte bancaire,5,78.36,50,4.3,391.8
3992,2024-04-02,Sport,Gabès,En ligne,Espèces,5,118.17,58,2.4,590.85
1763,2024-04-02,Vêtements,Sfax,Magasin,Paiement mobile,1,60.03,64,3.7,60.03
529,2024-04-02,Alimentation,Tunis,Magasin,Virement,1,21.16,34,3.8,21.16
7695,2024-04-02,Meubles,Sousse,En ligne,Virement,6,446.12,68,4.9,2676.72
837,2024-04-02,Jouets,Sfax,En ligne,Espèces,5,29.24,67,5.0,146.2
4907,2024-04-02,Vêtements,Tunis,Magasin,Espèces,2,80.43,67,3.9,160.86
5498,2024-04-02,Alimentation,Bizerte,Magasin,Virement,4,22.54,53,3.3,90.16
2115,2024-04-02,Vêtements,Gabès,En ligne,Paiement mobile,5,41.01,48,2.9,205.05
5998,2024-04-02,Beauté,Nabeul,Magasin,Carte bancaire,4,63.63,52,4.5,254.52
4397,2024-04-02,Meubles,Bizerte,En ligne,Carte bancaire,1,324.12,38,3.5,324.12
7961,2024-04-02,Sport,Kairouan,En ligne,Paiement mobile,1,48.97,51,4.6,48.97
6122,2024-04-02,Électronique,Tunis,Magasin,Espèces,7,535.07,60,3.7,3745.49
6624,2024-04-02,Beauté,Nabeul,Magasin,Carte bancaire,6,48.28,54,4.3,289.68
4642,2024-04-02,Alimentation,Tunis,En ligne,Espèces,4,25.37,26,3.1,101.48
7527,2024-04-02,Alimentation,Sousse,En ligne,Paiement mobile,7,22.38,50,4.2,156.66
1902,2024-04-02,Alimentation,Tunis,Magasin,Paiement mobile,5,17.9,43,4.1,89.5
3332,2024-04-02,Sport,Sousse,Magasin,Espèces,1,61.88,34,4.5,61.88
4026,2024-04-02,Jouets,Sousse,Magasin,Paiement mobile,1,37.58,32,4.5,37.58
3228,2024-04-02,Sport,Tunis,Magasin,Paiement mobile,4,93.9,37,4.8,375.6
3933,2024-04-02,Alimentation,Nabeul,Magasin,Virement,3,30.63,24,3.4,91.89
6412,2024-04-02,Alimentation,Sfax,Magasin,Carte bancaire,7,26.26,24,5.0,183.82
4600,2024-04-02,Meubles,Kairouan,Magasin,Paiement mobile,5,385.15,34,4.2,1925.75
7975,2024-04-02,Alimentation,Kairouan,En ligne,Espèces,5,28.21,61,3.5,141.05
5000,2024-04-02,Meubles,Bizerte,Magasin,Carte bancaire,7,310.11,45,2.6,2170.77
1978,2024-04-02,Sport,Sfax,Magasin,Espèces,1,86.95,32,4.5,86.95
3194,2024-04-02,Meubles,Sfax,Magasin,Carte bancaire,5,339.07,50,4.6,1695.35
7086,2024-04-02,Électronique,Gabès,En ligne,Paiement mobile,3,598.43,49,4.3,1795.29
3729,2024-04-03,Meubles,Sousse,En ligne,Carte bancaire,6,223.58,33,4.3,1341.48
4750,2024-04-03,Alimentation,Tunis,Magasin,Carte bancaire,6,23.28,50,4.1,139.68
5553,2024-04-03,Électronique,Tunis,Magasin,Paiement mobile,7,294.42,32,2.9,2060.94
7964,2024-04-03,Vêtements,Sfax,Magasin,Paiement mobile,4,39.69,45,5.0,158.76
5164,2024-04-03,Jouets,Tunis,Magasin,Espèces,1,53.4,32,4.8,53.4
6223,2024-04-03,Vêtements,Sfax,En ligne,Carte bancaire,4,65.14,34,4.6,260.56
6623,2024-04-03,Meubles,Nabeul,Magasin,Virement,1,376.27,69,3.9,376.27
4031,2024-04-03,Alimentation,Kairouan,Magasin,Paiement mobile,4,31.0,56,3.6,124.0
5168,2024-04-03,Électronique,Nabeul,Magasin,Carte bancaire,1,475.47,48,3.7,475.47
1019,2024-04-03,Sport,Gabès,Magasin,Carte bancaire,3,54.5,37,3.8,163.5
4564,2024-04-03,Jouets,Sfax,Magasin,Virement,1,33.09,26,3.1,33.09
973,2024-04-03,Vêtements,Sfax,Magasin,Virement,1,38.71,38,3.7,38.71
6920,2024-04-03,Électronique,Bizerte,Magasin,Paiement mobile,1,577.87,39,3.8,577.87
5368,2024-04-03,Électronique,Sousse,En ligne,Paiement mobile,2,318.4,66,3.8,636.8
472,2024-04-03,Jouets,Nabeul,Magasin,Carte bancaire,5,37.06,26,2.6,185.3
4426,2024-04-03,Électronique,Gabès,Magasin,Carte bancaire,1,397.25,21,2.2,397.25
3983,2024-04-03,Meubles,Sousse,Magasin,Paiement mobile,4,194.73,68,2.6,778.92
4923,2024-04-03,Sport,Sfax,En ligne,Virement,4,98.43,61,4.9,393.72
954,2024-04-04,Jouets,Tunis,Magasin,Carte bancaire,2,41.26,39,4.4,82.52
1020,2024-04-04,Alimentation,Tunis,En ligne,Virement,7,29.61,55,2.4,207.27
828,2024-04-04,Alimentation,Kairouan,Magasin,Carte bancaire,1,12.96,65,3.6,12.96
6085,2024-04-04,Alimentation,Sfax,Magasin,Espèces,7,15.26,30,3.8,106.82
764,2024-04-04,Jouets,Tunis,En ligne,Paiement mobile,4,43.12,63,5.0,172.48
6116,2024-04-04,Jouets,Tunis,En ligne,Carte bancaire,5,32.28,52,4.5,161.4
4248,2024-04-04,Alimentation,Kairouan,Magasin,Carte bancaire,4,29.64,55,5.0,118.56
5688,2024-04-04,Jouets,Gabès,En ligne,Carte bancaire,4,42.26,43,3.6,169.04
343,2024-04-04,Vêtements,Gabès,En ligne,Espèces,7,48.69,46,3.9,340.83
4965,2024-04-04,Alimentation,Gabès,En ligne,Carte bancaire,3,18.13,38,3.7,54.39
6577,2024-04-04,Électronique,Sfax,En ligne,Espèces,3,646.88,35,4.0,1940.64
2399,2024-04-04,Meubles,Bizerte,En ligne,Virement,4,195.35,43,3.9,781.4
5679,2024-04-04,Vêtements,Gabès,Magasin,Carte bancaire,2,50.57,52,4.6,101.14
5710,2024-04-04,Beauté,Tunis,En ligne,Carte bancaire,2,40.6,43,5.0,81.2
2650,2024-04-04,Alimentation,Sousse,Magasin,Virement,3,29.65,65,4.6,88.95
6418,2024-04-04,Vêtements,Gabès,En ligne,Paiement mobile,7,40.21,35,2.8,281.47
1799,2024-04-04,Alimentation,Tunis,Magasin,Espèces,7,15.33,65,3.5,107.31
520,2024-04-04,Sport,Tunis,En ligne,Paiement mobile,6,65.31,37,3.3,391.86
7507,2024-04-04,Jouets,Gabès,En ligne,Carte bancaire,5,28.58,30,2.9,142.9
5084,2024-04-04,Alimentation,Tunis,En ligne,Paiement mobile,4,27.55,36,2.8,110.2
1114,2024-04-04,Vêtements,Tunis,Magasin,Virement,5,65.07,62,3.3,325.35
5866,2024-04-04,Jouets,Tunis,Magasin,Espèces,1,21.89,64,4.3,21.89
5742,2024-04-05,Jouets,Kairouan,En ligne,Virement,6,24.04,54,4.5,144.24
193,2024-04-05,Électronique,Sfax,Magasin,Virement,1,330.96,43,4.3,330.96
3873,2024-04-05,Électronique,Tunis,En ligne,Carte bancaire,2,699.94,28,2.7,1399.88
7616,2024-04-05,Meubles,Gabès,En ligne,Paiement mobile,1,390.83,66,3.5,390.83
4190,2024-04-05,Jouets,Gabès,En ligne,Espèces,2,21.27,61,3.4,42.54
5504,2024-04-05,Beauté,Bizerte,En ligne,Carte bancaire,4,28.08,41,4.2,112.32
5514,2024-04-05,Meubles,Nabeul,En ligne,Paiement mobile,6,464.93,55,3.4,2789.58
1919,2024-04-05,Vêtements,Nabeul,En ligne,Carte bancaire,6,75.58,31,4.0,453.48
6792,2024-04-05,Sport,Nabeul,Magasin,Carte bancaire,5,67.13,35,4.1,335.65
144,2024-04-05,Électronique,Bizerte,Magasin,Virement,6,709.95,27,5.0,4259.7
5161,2024-04-05,Meubles,Tunis,Magasin,Espèces,7,307.07,18,4.6,2149.49
1502,2024-04-05,Vêtements,Bizerte,Magasin,Carte bancaire,2,60.42,28,4.3,120.84
450,2024-04-05,Vêtements,Sfax,En ligne,Espèces,1,79.5,68,4.5,79.5
4700,2024-04-05,Vêtements,Bizerte,En ligne,Carte bancaire,2,77.22,65,4.6,154.44
5103,2024-04-05,Alimentation,Gabès,Magasin,Virement,3,14.54,64,3.9,43.62
547,2024-04-05,Sport,Kairouan,Magasin,Paiement mobile,5,93.85,35,3.5,469.25
2416,2024-04-05,Électronique,Bizerte,En ligne,Carte bancaire,3,367.62,32,2.7,1102.86
5024,2024-04-05,Beauté,Bizerte,Magasin,Virement,7,58.22,27,4.0,407.54
5876,2024-04-05,Électronique,Sousse,Magasin,Paiement mobile,4,295.66,32,5.0,1182.64
1268,2024-04-05,Sport,Tunis,Magasin,Carte bancaire,1,53.25,26,4.2,53.25
3684,2024-04-05,Meubles,Sousse,Magasin,Carte bancaire,2,185.26,50,4.0,370.52
5812,2024-04-05,Vêtements,Sousse,En ligne,Carte bancaire,7,89.37,25,3.8,625.59
494,2024-04-05,Beauté,Nabeul,En ligne,Carte bancaire,7,42.62,45,4.2,298.34
4795,2024-04-05,Électronique,Sousse,En ligne,Virement,7,284.42,19,3.5,1990.94
234,2024-04-06,Sport,Tunis,En ligne,Carte bancaire,7,49.42,23,3.7,345.94
4534,2024-04-06,Alimentation,Bizerte,Magasin,Virement,7,20.78,36,4.5,145.46
321,2024-04-06,Vêtements,Sousse,En ligne,Carte bancaire,3,59.69,49,2.4,179.07
7874,2024-04-06,Vêtements,Tunis,En ligne,Virement,5,73.02,40,4.3,365.1
5266,2024-04-06,Beauté,Sfax,En ligne,Espèces,2,60.01,62,4.6,120.02
7947,2024-04-06,Électronique,Tunis,En ligne,Paiement mobile,3,582.77,27,5.0,1748.31
2449,2024-04-06,Beauté,Sfax,En ligne,Paiement mobile,6,30.74,46,3.7,184.44
6828,2024-04-06,Électronique,Tunis,En ligne,Paiement mobile,3,322.63,31,5.0,967.89
4270,2024-04-06,Vêtements,Sousse,En ligne,Carte bancaire,5,55.45,51,3.1,277.25
1085,2024-04-06,Électronique,Nabeul,En ligne,Carte bancaire,4,463.85,52,3.8,1855.4
7501,2024-04-06,Alimentation,Bizerte,En ligne,Carte bancaire,4,25.42,41,3.3,101.68
1264,2024-04-06,Électronique,Tunis,Magasin,Paiement mobile,7,499.12,51,4.1,3493.84
6868,2024-04-06,Sport,Sfax,En ligne,Paiement mobile,6,90.27,41,4.6,541.62
6906,2024-04-06,Alimentation,Tunis,En ligne,Paiement mobile,4,19.35,67,3.4,77.4
6663,2024-04-06,Alimentation,Sfax,En ligne,Espèces,4,17.55,47,4.1,70.2
6666,2024-04-06,Beauté,Sfax,Magasin,Espèces,6,40.65,23,4.2,243.9
2524,2024-04-06,Électronique,Tunis,En ligne,Carte bancaire,2,382.27,51,3.8,764.54
6817,2024-04-06,Vêtements,Tunis,En ligne,Virement,2,91.7,52,5.0,183.4
6810,2024-04-06,Alimentation,Sousse,En ligne,Paiement mobile,7,25.19,22,4.0,176.33
6841,2024-04-06,Vêtements,Gabès,En ligne,Carte bancaire,7,43.88,43,4.0,307.16
2954,2024-04-06,Électronique,Bizerte,Magasin,Carte bancaire,5,482.06,67,4.4,2410.3
6746,2024-04-07,Alimentation,Nabeul,Magasin,Carte bancaire,7,27.2,47,4.5,190.4
3861,2024-04-07,Vêtements,Bizerte,Magasin,Carte bancaire,5,60.42,44,3.6,302.1
2904,2024-04-07,Vêtements,Sfax,En ligne,Virement,3,66.67,62,4.1,200.01
1333,2024-04-07,Jouets,Kairouan,Magasin,Carte bancaire,5,52.1,33,3.7,260.5
5944,2024-04-07,Vêtements,Sousse,Magasin,Paiement mobile,1,48.38,63,4.5,48.38
2906,2024-04-07,Alimentation,Sfax,En ligne,Paiement mobile,6,29.36,20,3.8,176.16
1359,2024-04-07,Jouets,Sousse,En ligne,Paiement mobile,3,23.18,38,4.4,69.54
7422,2024-04-07,Vêtements,Sousse,Magasin,Paiement mobile,3,41.83,39,4.2,125.49
7833,2024-04-07,Vêtements,Bizerte,En ligne,Espèces,4,70.36,26,3.4,281.44
1479,2024-04-07,Jouets,Bizerte,Magasin,Paiement mobile,6,33.68,37,4.9,202.08
5840,2024-04-07,Vêtements,Tunis,Magasin,Paiement mobile,5,48.52,62,3.7,242.6
7372,2024-04-07,Vêtements,Gabès,Magasin,Carte bancaire,3,57.45,30,3.7,172.35
5189,2024-04-07,Alimentation,Sfax,Magasin,Espèces,1,19.17,55,3.7,19.17
1587,2024-04-07,Électronique,Bizerte,En ligne,Paiement mobile,4,623.15,29,4.6,2492.6
230,2024-04-07,Alimentation,Gabès,En ligne,Carte bancaire,4,26.23,37,4.3,104.92
2917,2024-04-07,Électronique,Tunis,Magasin,Espèces,4,698.93,64,4.9,2795.72
5490,2024-04-07,Meubles,Sfax,En ligne,Espèces,7,474.5,44,2.1,3321.5
1388,2024-04-07,Électronique,Sousse,En ligne,Carte bancaire,4,274.01,24,3.5,1096.04
6611,2024-04-07,Électronique,Kairouan,En ligne,Carte bancaire,6,534.13,28,3.4,3204.78
4977,2024-04-07,Alimentation,Gabès,En ligne,Carte bancaire,6,18.47,38,4.5,110.82
7024,2024-04-07,Électronique,Sfax,En ligne,Carte bancaire,1,380.2,20,3.5,380.2
6267,2024-04-07,Vêtements,Sousse,En ligne,Carte bancaire,3,59.23,59,3.5,177.69
738,2024-04-07,Meubles,Nabeul,En ligne,Paiement mobile,1,183.15,67,4.4,183.15
4368,2024-04-07,Alimentation,Bizerte,Magasin,Virement,7,17.46,49,4.2,122.22
6121,2024-04-07,Vêtements,Nabeul,Magasin,Carte bancaire,3,50.5,36,3.1,151.5
4320,2024-04-07,Sport,Sousse,Magasin,Espèces,3,84.17,51,4.5,252.51
2094,2024-04-07,Beauté,Sfax,Magasin,Carte bancaire,6,32.86,36,3.8,197.16
793,2024-04-07,Alimentation,Bizerte,En ligne,Paiement mobile,4,31.89,31,2.4,127.56
2927,2024-04-08,Vêtements,Sfax,En ligne,Carte bancaire,5,36.4,25,5.0,182.0
4071,2024-04-08,Vêtements,Bizerte,En ligne,Virement,7,66.85,44,3.1,467.95
2441,2024-04-08,Sport,Tunis,En ligne,Carte bancaire,5,83.12,63,4.3,415.6
3465,2024-04-08,Vêtements,Sousse,Magasin,Carte bancaire,5,43.2,69,3.6,216.0
5883,2024-04-08,Alimentation,Tunis,En ligne,Espèces,6,15.21,33,4.9,91.26
344,2024-04-08,Vêtements,Nabeul,En ligne,Espèces,4,53.22,21,4.3,212.88
336,2024-04-08,Beauté,Gabès,En ligne,Paiement mobile,5,25.24,66,3.9,126.2
3355,2024-04-08,Jouets,Bizerte,En ligne,Carte bancaire,7,49.54,52,4.7,346.78
6572,2024-04-08,Alimentation,Tunis,En ligne,Espèces,2,15.71,49,3.7,31.42
6266,2024-04-08,Meubles,Sousse,En ligne,Carte bancaire,5,367.83,52,4.0,1839.15
5112,2024-04-08,Électronique,Sousse,En ligne,Carte bancaire,7,588.17,26,4.0,4117.19
272,2024-04-08,Beauté,Bizerte,Magasin,Carte bancaire,7,53.4,54,3.3,373.8
6468,2024-04-08,Électronique,Sfax,Magasin,Paiement mobile,6,330.02,61,4.5,1980.12
1569,2024-04-08,Beauté,Bizerte,En ligne,Espèces,3,42.59,27,4.2,127.77
7335,2024-04-08,Jouets,Sousse,Magasin,Carte bancaire,3,42.1,55,4.0,126.3
7889,2024-04-08,Meubles,Sousse,Magasin,Carte bancaire,7,437.22,69,2.4,3060.54
740,2024-04-08,Alimentation,Sousse,En ligne,Carte bancaire,6,14.13,57,3.7,84.78
6739,2024-04-08,Électronique,Bizerte,En ligne,Espèces,7,373.13,18,3.3,2611.91
5391,2024-04-08,Vêtements,Nabeul,En ligne,Virement,7,94.89,63,2.8,664.23
120,2024-04-08,Meubles,Sfax,Magasin,Carte bancaire,4,258.96,69,4.4,1035.84
1725,2024-04-08,Meubles,Tunis,En ligne,Virement,1,388.01,38,3.5,388.01
5562,2024-04-08,Électronique,Sfax,Magasin,Paiement mobile,6,419.4,20,4.3,2516.4
257,2024-04-08,Beauté,Sfax,Magasin,Virement,3,31.92,63,3.3,95.76
289,2024-04-08,Électronique,Tunis,En ligne,Carte bancaire,2,563.34,18,3.0,1126.68
4033,2024-04-08,Vêtements,Sousse,En ligne,Carte bancaire,3,66.58,54,2.8,199.74
6402,2024-04-08,Alimentation,Sfax,En ligne,Carte bancaire,2,30.11,31,4.3,60.22
545,2024-04-08,Meubles,Bizerte,En ligne,Carte bancaire,7,246.66,42,4.4,1726.62
580,2024-04-08,Beauté,Sousse,En ligne,Virement,4,54.49,19,4.5,217.96
6427,2024-04-08,Alimentation,Nabeul,En ligne,Paiement mobile,5,31.31,22,4.1,156.55
7593,2024-04-08,Électronique,Gabès,Magasin,Espèces,2,478.92,32,3.9,957.84
1943,2024-04-09,Vêtements,Nabeul,En ligne,Espèces,4,70.18,35,3.0,280.72
6655,2024-04-09,Électronique,Sousse,En ligne,Carte bancaire,5,612.83,63,4.8,3064.15
4218,2024-04-09,Alimentation,Sousse,En ligne,Paiement mobile,5,14.06,68,4.1,70.3
3105,2024-04-09,Jouets,Sfax,Magasin,Paiement mobile,6,37.73,26,3.6,226.38
3759,2024-04-09,Vêtements,Sfax,Magasin,Carte bancaire,7,69.33,38,2.9,485.31
3752,2024-04-09,Vêtements,Sfax,En ligne,Espèces,7,44.66,54,4.4,312.62
13,2024-04-09,Jouets,Tunis,En ligne,Virement,3,23.53,29,5.0,70.59
7564,2024-04-09,Jouets,Bizerte,Magasin,Paiement mobile,4,36.98,19,3.0,147.92
2221,2024-04-09,Électronique,Sfax,Magasin,Espèces,4,458.58,59,2.7,1834.32
3376,2024-04-09,Vêtements,Sousse,En ligne,Paiement mobile,1,86.1,65,4.4,86.1
6487,2024-04-09,Alimentation,Sousse,Magasin,Carte bancaire,7,28.99,65,4.0,202.93
7047,2024-04-09,Jouets,Tunis,Magasin,Paiement mobile,3,48.73,58,5.0,146.19
488,2024-04-09,Jouets,Tunis,Magasin,Paiement mobile,1,28.85,60,3.9,28.85
5439,2024-04-09,Vêtements,Kairouan,En ligne,Virement,1,54.47,29,5.0,54.47
2822,2024-04-09,Alimentation,Sfax,Magasin,Virement,3,23.57,40,4.5,70.71
6775,2024-04-09,Meubles,Sfax,En ligne,Carte bancaire,3,439.44,39,3.7,1318.32
478,2024-04-09,Vêtements,Sousse,Magasin,Virement,3,50.9,59,4.5,152.7
569,2024-04-09,Vêtements,Nabeul,En ligne,Carte bancaire,1,74.71,45,3.9,74.71
4353,2024-04-09,Vêtements,Sousse,En ligne,Carte bancaire,2,44.39,32,4.8,88.78
3703,2024-04-09,Électronique,Sousse,En ligne,Carte bancaire,7,553.31,55,4.9,3873.17
2994,2024-04-10,Alimentation,Tunis,En ligne,Espèces,5,17.07,19,4.4,85.35
2707,2024-04-10,Vêtements,Sfax,En ligne,Virement,2,38.0,60,4.0,76.0
5381,2024-04-10,Vêtements,Gabès,En ligne,Espèces,7,38.99,69,4.8,272.93
6084,2024-04-10,Beauté,Gabès,En ligne,Carte bancaire,7,34.04,33,3.6,238.28
2455,2024-04-10,Meubles,Tunis,En ligne,Virement,2,390.22,55,3.3,780.44
6899,2024-04-10,Beauté,Kairouan,En ligne,Virement,5,33.91,65,5.0,169.55
6329,2024-04-10,Alimentation,Gabès,En ligne,Carte bancaire,7,27.16,67,3.0,190.12
2543,2024-04-10,Meubles,Tunis,En ligne,Virement,7,224.61,20,4.8,1572.27
202,2024-04-10,Meubles,Nabeul,Magasin,Paiement mobile,6,264.87,21,4.0,1589.22
5617,2024-04-10,Jouets,Sfax,En ligne,Carte bancaire,2,31.03,62,3.9,62.06
934,2024-04-10,Vêtements,Tunis,Magasin,Espèces,2,44.08,24,5.0,88.16
2991,2024-04-10,Vêtements,Nabeul,Magasin,Paiement mobile,1,87.66,21,5.0,87.66
126,2024-04-10,Beauté,Tunis,Magasin,Virement,6,32.63,37,2.9,195.78
3998,2024-04-10,Alimentation,Sousse,Magasin,Carte bancaire,5,14.92,67,3.9,74.6
2367,2024-04-10,Vêtements,Sfax,Magasin,Espèces,6,60.22,34,3.2,361.32
5788,2024-04-10,Beauté,Sfax,En ligne,Espèces,4,49.87,34,4.2,199.48
1426,2024-04-10,Vêtements,Sfax,En ligne,Espèces,7,70.33,26,3.6,492.31
3723,2024-04-10,Beauté,Sousse,Magasin,Carte bancaire,6,27.66,31,3.3,165.96
510,2024-04-10,Électronique,Sfax,En ligne,Carte bancaire,1,419.66,36,4.8,419.66
3737,2024-04-10,Jouets,Gabès,En ligne,Paiement mobile,3,22.35,68,5.0,67.05
7373,2024-04-10,Sport,Sfax,En ligne,Carte bancaire,5,114.83,37,4.0,574.15
7353,2024-04-10,Meubles,Gabès,En ligne,Carte bancaire,5,281.15,20,3.1,1405.75
1014,2024-04-10,Jouets,Sousse,Magasin,Paiement mobile,4,51.04,39,3.9,204.16
3480,2024-04-10,Alimentation,Gabès,Magasin,Espèces,4,30.78,69,2.9,123.12
4010,2024-04-10,Électronique,Sfax,Magasin,Carte bancaire,7,657.8,46,4.5,4604.6
6932,2024-04-10,Meubles,Nabeul,Magasin,Virement,5,409.08,20,3.8,2045.4
411,2024-04-10,Meubles,Sfax,En ligne,Carte bancaire,3,269.97,57,3.0,809.91
1160,2024-04-10,Alimentation,Bizerte,En ligne,Espèces,5,19.74,50,2.7,98.7
5011,2024-04-10,Meubles,Tunis,En ligne,Virement,2,278.39,52,3.5,556.78
7977,2024-04-11,Électronique,Bizerte,Magasin,Carte bancaire,4,461.12,32,2.7,1844.48
1422,2024-04-11,Beauté,Sfax,Magasin,Paiement mobile,3,31.21,49,2.7,93.63
2263,2024-04-11,Alimentation,Nabeul,Magasin,Carte bancaire,1,14.12,44,4.0,14.12
6180,2024-04-11,Jouets,Tunis,En ligne,Paiement mobile,7,29.13,42,3.6,203.91
2097,2024-04-11,Jouets,Gabès,Magasin,Carte bancaire,4,42.63,61,3.3,170.52
5912,2024-04-11,Alimentation,Bizerte,En ligne,Espèces,2,21.76,48,4.4,43.52
2119,2024-04-11,Beauté,Gabès,Magasin,Carte bancaire,4,60.44,30,5.0,241.76
1806,2024-04-11,Sport,Sfax,En ligne,Espèces,5,109.49,56,5.0,547.45
2095,2024-04-11,Électronique,Sfax,Magasin,Espèces,6,308.82,54,3.8,1852.92
3898,2024-04-11,Vêtements,Gabès,En ligne,Carte bancaire,7,58.93,43,3.5,412.51
3513,2024-04-11,Vêtements,Nabeul,Magasin,Carte bancaire,1,57.39,58,4.0,57.39
5215,2024-04-11,Alimentation,Tunis,En ligne,Virement,2,23.04,21,3.1,46.08
3011,2024-04-11,Électronique,Nabeul,Magasin,Espèces,6,548.26,69,5.0,3289.56
3804,2024-04-11,Beauté,Kairouan,En ligne,Carte bancaire,5,35.92,27,3.5,179.6
3796,2024-04-11,Sport,Bizerte,En ligne,Paiement mobile,7,48.52,43,3.7,339.64
4178,2024-04-11,Meubles,Gabès,Magasin,Espèces,1,188.58,69,3.7,188.58
4493,2024-04-11,Sport,Sfax,Magasin,Paiement mobile,7,73.53,47,5.0,514.71
7880,2024-04-11,Vêtements,Bizerte,En ligne,Carte bancaire,7,79.75,54,4.0,558.25
2300,2024-04-11,Sport,Sousse,En ligne,Espèces,2,123.67,69,2.4,247.34
3117,2024-04-11,Alimentation,Bizerte,En ligne,Carte bancaire,5,26.21,55,2.0,131.05
4128,2024-04-12,Alimentation,Sousse,Magasin,Virement,7,31.89,68,4.2,223.23
6442,2024-04-12,Vêtements,Nabeul,En ligne,Espèces,3,43.06,35,3.5,129.18
2452,2024-04-12,Alimentation,Tunis,Magasin,Espèces,2,28.98,24,3.9,57.96
5369,2024-04-12,Jouets,Kairouan,Magasin,Carte bancaire,7,27.79,30,4.7,194.53
3287,2024-04-12,Électronique,Bizerte,En ligne,Virement,2,469.48,49,5.0,938.96
6302,2024-04-12,Électronique,Sfax,En ligne,Paiement mobile,7,500.16,28,4.2,3501.12
4093,2024-04-12,Meubles,Sfax,Magasin,Espèces,3,397.26,18,2.9,1191.78
4620,2024-04-12,Électronique,Bizerte,En ligne,Virement,6,297.44,22,3.4,1784.64
6859,2024-04-12,Vêtements,Nabeul,En ligne,Carte bancaire,7,88.43,23,5.0,619.01
5481,2024-04-12,Alimentation,Bizerte,Magasin,Espèces,6,22.45,32,4.1,134.7
5206,2024-04-12,Alimentation,Sousse,En ligne,Espèces,7,12.67,28,4.5,88.69
1,2024-04-12,Vêtements,Sfax,En ligne,Virement,6,69.42,53,3.0,416.52
7617,2024-04-12,Beauté,Tunis,Magasin,Espèces,7,45.94,43,3.1,321.58
417,2024-04-12,Jouets,Tunis,Magasin,Paiement mobile,5,51.26,48,3.4,256.3
1471,2024-04-12,Jouets,Tunis,En ligne,Paiement mobile,7,43.48,62,4.9,304.36
1831,2024-04-12,Sport,Sousse,En ligne,Espèces,7,62.51,48,3.2,437.57
8,2024-04-12,Meubles,Bizerte,En ligne,Carte bancaire,3,184.68,40,4.4,554.04
7339,2024-04-12,Beauté,Tunis,En ligne,Virement,3,38.79,58,3.8,116.37
787,2024-04-12,Vêtements,Sfax,En ligne,Carte bancaire,1,50.92,36,4.6,50.92
7753,2024-04-12,Sport,Tunis,En ligne,Carte bancaire,1,119.4,47,3.8,119.4
7892,2024-04-12,Électronique,Tunis,Magasin,Carte bancaire,6,420.64,31,4.0,2523.84
1140,2024-04-13,Vêtements,Sfax,En ligne,Paiement mobile,5,68.45,56,4.3,342.25
4188,2024-04-13,Sport,Nabeul,Magasin,Paiement mobile,3,127.75,55,4.1,383.25
1137,2024-04-13,Électronique,Sfax,Magasin,Paiement mobile,7,591.5,53,3.9,4140.5
4903,2024-04-13,Électronique,Tunis,En ligne,Carte bancaire,2,700.68,50,2.5,1401.36
2329,2024-04-13,Vêtements,Tunis,Magasin,Paiement mobile,3,80.7,49,4.5,242.1
5823,2024-04-13,Jouets,Kairouan,En ligne,Paiement mobile,5,54.76,23,4.5,273.8
7317,2024-04-13,Sport,Bizerte,Magasin,Carte bancaire,1,50.49,35,4.3,50.49
3595,2024-04-13,Sport,Bizerte,En ligne,Virement,5,66.63,52,3.6,333.15
3858,2024-04-13,Vêtements,Gabès,En ligne,Espèces,5,51.74,28,4.1,258.7
2679,2024-04-13,Alimentation,Sousse,En ligne,Espèces,2,14.04,69,5.0,28.08
3468,2024-04-13,Sport,Gabès,En ligne,Paiement mobile,4,127.54,62,4.9,510.16
3869,2024-04-13,Vêtements,Bizerte,En ligne,Espèces,7,77.7,66,4.0,543.9
4559,2024-04-13,Sport,Nabeul,Magasin,Paiement mobile,4,66.2,55,4.4,264.8
1071,2024-04-13,Jouets,Nabeul,Magasin,Carte bancaire,7,45.45,24,4.9,318.15
6550,2024-04-13,Sport,Gabès,Magasin,Virement,6,90.94,49,4.5,545.64
4809,2024-04-13,Alimentation,Kairouan,En ligne,Paiement mobile,7,17.3,66,5.0,121.1
1413,2024-04-13,Vêtements,Tunis,Magasin,Espèces,4,65.25,38,3.4,261.0
1057,2024-04-13,Alimentation,Kairouan,En ligne,Carte bancaire,5,27.64,35,5.0,138.2
3821,2024-04-13,Meubles,Tunis,Magasin,Paiement mobile,2,240.75,52,3.5,481.5
7260,2024-04-13,Vêtements,Tunis,Magasin,Carte bancaire,5,81.01,56,4.5,405.05
4745,2024-04-13,Vêtements,Gabès,Magasin,Carte bancaire,5,58.47,69,3.4,292.35
284,2024-04-13,Meubles,Sousse,En ligne,Paiement mobile,4,455.17,19,3.8,1820.68
5845,2024-04-13,Meubles,Gabès,En ligne,Paiement mobile,7,479.77,20,4.4,3358.39
2975,2024-04-13,Alimentation,Bizerte,En ligne,Carte bancaire,2,21.0,64,4.4,42.0
1070,2024-04-13,Alimentation,Sousse,Magasin,Paiement mobile,5,17.49,50,4.1,87.45
5227,2024-04-13,Alimentation,Bizerte,En ligne,Carte bancaire,2,30.11,65,3.8,60.22
369,2024-04-13,Sport,Bizerte,En ligne,Espèces,6,91.21,52,4.1,547.26
7381,2024-04-14,Jouets,Kairouan,Magasin,Espèces,2,44.15,35,4.1,88.3
6852,2024-04-14,Alimentation,Gabès,Magasin,Paiement mobile,3,25.0,34,3.2,75.0
739,2024-04-14,Électronique,Kairouan,En ligne,Carte bancaire,4,612.75,24,3.7,2451.0
3316,2024-04-14,Meubles,Gabès,Magasin,Carte bancaire,3,198.23,62,3.1,594.69
6680,2024-04-14,Meubles,Sfax,Magasin,Carte bancaire,1,180.55,45,4.6,180.55
4059,2024-04-14,Électronique,Sfax,En ligne,Paiement mobile,1,481.65,50,3.8,481.65
1920,2024-04-14,Alimentation,Tunis,Magasin,Virement,5,31.19,25,4.0,155.95
7351,2024-04-14,Sport,Tunis,Magasin,Carte bancaire,5,120.14,39,5.0,600.7
2582,2024-04-14,Sport,Sfax,Magasin,Virement,6,104.5,41,3.7,627.0
5292,2024-04-14,Vêtements,Sfax,Magasin,Paiement mobile,6,74.39,50,3.6,446.34
6647,2024-04-14,Vêtements,Tunis,Magasin,Espèces,3,95.29,36,2.6,285.87
5251,2024-04-14,Électronique,Tunis,En ligne,Carte bancaire,6,696.86,56,2.8,4181.16
2515,2024-04-14,Meubles,Sousse,Magasin,Carte bancaire,6,341.61,26,4.8,2049.66
6419,2024-04-14,Alimentation,Tunis,Magasin,Virement,1,17.91,31,4.3,17.91
1589,2024-04-14,Meubles,Sfax,En ligne,Carte bancaire,3,393.78,45,4.3,1181.34
532,2024-04-14,Vêtements,Gabès,Magasin,Espèces,6,49.98,19,2.9,299.88
6710,2024-04-15,Alimentation,Gabès,En ligne,Espèces,1,28.99,39,3.2,28.99
6004,2024-04-15,Jouets,Tunis,En ligne,Carte bancaire,1,34.03,26,4.1,34.03
2846,2024-04-15,Alimentation,Sousse,En ligne,Paiement mobile,1,21.42,46,3.8,21.42
5719,2024-04-15,Électronique,Nabeul,En ligne,Paiement mobile,2,380.92,25,2.5,761.84
429,2024-04-15,Vêtements,Sousse,Magasin,Carte bancaire,4,79.78,64,5.0,319.12
5628,2024-04-15,Sport,Tunis,Magasin,Virement,2,62.48,51,2.7,124.96
3252,2024-04-15,Meubles,Bizerte,Magasin,Espèces,1,443.21,42,3.2,443.21
5501,2024-04-15,Électronique,Nabeul,Magasin,Carte bancaire,5,352.9,32,4.7,1764.5
7340,2024-04-15,Beauté,Sousse,En ligne,Virement,5,28.94,20,3.5,144.7
7115,2024-04-15,Sport,Sfax,Magasin,Paiement mobile,6,99.94,18,4.0,599.64
5511,2024-04-15,Alimentation,Tunis,En ligne,Carte bancaire,7,16.97,50,3.7,118.79
1149,2024-04-15,Alimentation,Nabeul,En ligne,Espèces,6,23.34,49,4.0,140.04
7093,2024-04-15,Vêtements,Bizerte,Magasin,Carte bancaire,3,36.66,28,3.8,109.98
1839,2024-04-15,Vêtements,Tunis,Magasin,Espèces,3,73.23,23,3.6,219.69
804,2024-04-15,Meubles,Sfax,En ligne,Espèces,6,192.83,38,4.9,1156.98
2171,2024-04-15,Beauté,Bizerte,En ligne,Carte bancaire,7,56.51,44,2.6,395.57
5039,2024-04-15,Jouets,Gabès,En ligne,Espèces,2,50.85,55,4.8,101.7
6464,2024-04-15,Sport,Tunis,En ligne,Carte bancaire,5,123.9,51,4.9,619.5
66,2024-04-15,Alimentation,Tunis,Magasin,Carte bancaire,7,14.86,34,5.0,104.02
5678,2024-04-15,Beauté,Tunis,En ligne,Virement,1,53.45,52,4.9,53.45
6679,2024-04-15,Électronique,Tunis,En ligne,Espèces,4,482.07,36,4.4,1928.28
2315,2024-04-15,Vêtements,Tunis,Magasin,Virement,1,50.26,33,3.6,50.26
7659,2024-04-15,Vêtements,Tunis,Magasin,Carte bancaire,4,84.27,42,3.4,337.08
4382,2024-04-15,Vêtements,Sousse,Magasin,Espèces,2,87.58,51,3.5,175.16
2837,2024-04-15,Sport,Tunis,Magasin,Virement,2,124.16,29,2.6,248.32
5717,2024-04-15,Électronique,Gabès,Magasin,Virement,2,335.05,62,4.9,670.1
5048,2024-04-15,Vêtements,Bizerte,En ligne,Carte bancaire,3,87.14,45,3.3,261.42
4699,2024-04-16,Alimentation,Gabès,En ligne,Virement,2,21.2,31,4.6,42.4
2793,2024-04-16,Vêtements,Bizerte,Magasin,Carte bancaire,7,45.84,22,4.1,320.88
868,2024-04-16,Beauté,Tunis,En ligne,Carte bancaire,1,38.99,43,5.0,38.99
5703,2024-04-16,Beauté,Tunis,Magasin,Espèces,1,60.44,38,4.8,60.44
3353,2024-04-16,Électronique,Tunis,En ligne,Paiement mobile,6,639.46,29,4.0,3836.76
3973,2024-04-16,Vêtements,Sousse,Magasin,Espèces,3,78.59,63,4.6,235.77
2147,2024-04-16,Alimentation,Sfax,Magasin,Paiement mobile,6,28.42,47,5.0,170.52
2993,2024-04-16,Alimentation,Tunis,En ligne,Paiement mobile,3,15.51,32,4.3,46.53
1993,2024-04-16,Alimentation,Tunis,En ligne,Carte bancaire,1,24.8,56,3.5,24.8
1555,2024-04-16,Beauté,Kairouan,En ligne,Carte bancaire,2,28.79,27,3.3,57.58
4,2024-04-16,Électronique,Tunis,Magasin,Virement,1,413.59,31,3.3,413.59
7747,2024-04-16,Meubles,Sfax,En ligne,Virement,3,253.95,28,4.9,761.85
3699,2024-04-16,Vêtements,Nabeul,En ligne,Carte bancaire,2,63.66,60,4.4,127.32
2855,2024-04-16,Beauté,Bizerte,Magasin,Carte bancaire,6,46.11,30,3.8,276.66
5201,2024-04-16,Électronique,Nabeul,En ligne,Carte bancaire,6,285.02,19,4.6,1710.12
4445,2024-04-16,Alimentation,Bizerte,Magasin,Espèces,2,21.85,64,4.4,43.7
4466,2024-04-16,Beauté,Gabès,Magasin,Carte bancaire,2,47.3,43,2.6,94.6
7072,2024-04-16,Électronique,Kairouan,Magasin,Carte bancaire,3,508.63,29,1.8,1525.89
6943,2024-04-16,Jouets,Nabeul,En ligne,Paiement mobile,5,35.29,58,3.6,176.45
2182,2024-04-17,Sport,Kairouan,En ligne,Paiement mobile,3,75.79,32,4.3,227.37
7668,2024-04-17,Beauté,Gabès,En ligne,Carte bancaire,4,47.33,44,5.0,189.32
166,2024-04-17,Alimentation,Sfax,En ligne,Espèces,3,19.76,50,2.6,59.28
6784,2024-04-17,Vêtements,Tunis,En ligne,Paiement mobile,7,73.1,37,3.1,511.7
2003,2024-04-17,Jouets,Tunis,Magasin,Carte bancaire,7,49.25,29,4.6,344.75
7265,2024-04-17,Meubles,Sfax,Magasin,Paiement mobile,2,295.47,58,4.2,590.94
7303,2024-04-17,Alimentation,Bizerte,En ligne,Carte bancaire,3,19.94,38,3.7,59.82
7505,2024-04-17,Jouets,Gabès,En ligne,Virement,1,35.81,47,3.8,35.81
4338,2024-04-17,Alimentation,Tunis,En ligne,Espèces,3,26.1,32,4.3,78.3
6944,2024-04-17,Jouets,Sousse,En ligne,Carte bancaire,2,29.15,39,5.0,58.3
7725,2024-04-17,Vêtements,Tunis,En ligne,Paiement mobile,7,88.17,38,3.3,617.19
3278,2024-04-17,Électronique,Sfax,En ligne,Carte bancaire,1,604.34,58,3.7,604.34
3967,2024-04-17,Alimentation,Tunis,Magasin,Paiement mobile,3,30.65,67,4.2,91.95
3057,2024-04-17,Jouets,Tunis,Magasin,Paiement mobile,1,49.05,57,2.8,49.05
1420,2024-04-17,Jouets,Nabeul,Magasin,Espèces,4,28.87,21,4.0,115.48
2232,2024-04-17,Alimentation,Kairouan,Magasin,Carte bancaire,7,20.33,67,5.0,142.31
3505,2024-04-17,Alimentation,Tunis,En ligne,Espèces,6,13.39,58,4.1,80.34
7015,2024-04-17,Vêtements,Bizerte,En ligne,Paiement mobile,2,40.44,43,5.0,80.88
3936,2024-04-17,Alimentation,Bizerte,En ligne,Virement,1,17.01,18,3.8,17.01
5496,2024-04-17,Électronique,Sfax,En ligne,Espèces,3,414.44,66,3.4,1243.32
5722,2024-04-17,Sport,Sfax,Magasin,Virement,5,64.87,45,4.7,324.35
4562,2024-04-17,Alimentation,Tunis,Magasin,Carte bancaire,2,16.56,47,4.3,33.12
1476,2024-04-17,Sport,Tunis,En ligne,Virement,4,87.85,18,4.7,351.4
415,2024-04-17,Jouets,Tunis,Magasin,Espèces,5,39.47,25,3.8,197.35
2665,2024-04-17,Électronique,Nabeul,Magasin,Carte bancaire,3,697.79,56,4.9,2093.37
7661,2024-04-17,Alimentation,Sousse,Magasin,Paiement mobile,2,27.91,51,3.3,55.82
1492,2024-04-17,Sport,Sfax,En ligne,Paiement mobile,7,50.81,19,3.8,355.67
6064,2024-04-17,Jouets,Sfax,En ligne,Espèces,5,44.08,56,4.0,220.4
5363,2024-04-17,Sport,Sousse,Magasin,Espèces,5,86.36,46,5.0,431.8
4501,2024-04-18,Vêtements,Bizerte,Magasin,Carte bancaire,1,42.33,41,3.5,42.33
1332,2024-04-18,Électronique,Sousse,Magasin,Paiement mobile,3,412.22,53,2.3,1236.66
6541,2024-04-18,Sport,Tunis,Magasin,Espèces,5,116.51,35,3.4,582.55
4088,2024-04-18,Alimentation,Nabeul,En ligne,Carte bancaire,1,15.86,18,3.3,15.86
587,2024-04-18,Vêtements,Bizerte,En ligne,Carte bancaire,7,92.86,61,3.9,650.02
3449,2024-04-18,Vêtements,Tunis,Magasin,Paiement mobile,1,51.2,33,3.9,51.2
6415,2024-04-18,Beauté,Sousse,Magasin,Espèces,3,46.45,46,3.5,139.35
6819,2024-04-18,Meubles,Sousse,Magasin,Carte bancaire,2,433.74,39,3.5,867.48
7542,2024-04-18,Beauté,Kairouan,Magasin,Carte bancaire,4,29.56,35,4.3,118.24
4074,2024-04-18,Électronique,Tunis,Magasin,Carte bancaire,5,349.21,48,3.1,1746.05
5142,2024-04-18,Vêtements,Bizerte,En ligne,Virement,4,40.82,43,4.4,163.28
7611,2024-04-18,Meubles,Sousse,En ligne,Carte bancaire,3,222.61,34,2.4,667.83
3005,2024-04-18,Alimentation,Sfax,Magasin,Carte bancaire,3,12.61,63,3.7,37.83
5905,2024-04-18,Vêtements,Tunis,Magasin,Paiement mobile,6,59.74,42,2.5,358.44
6396,2024-04-18,Meubles,Tunis,En ligne,Paiement mobile,5,402.09,68,3.3,2010.45
3229,2024-04-18,Alimentation,Nabeul,Magasin,Virement,7,27.13,53,5.0,189.91
3435,2024-04-18,Vêtements,Kairouan,Magasin,Carte bancaire,3,38.67,41,3.3,116.01
6317,2024-04-18,Sport,Sfax,Magasin,Paiement mobile,4,116.64,48,4.7,466.56
2549,2024-04-18,Alimentation,Nabeul,En ligne,Espèces,3,23.18,61,5.0,69.54
5842,2024-04-18,Alimentation,Bizerte,En ligne,Carte bancaire,1,22.6,36,3.9,22.6
923,2024-04-18,Vêtements,Sfax,En ligne,Carte bancaire,3,45.86,43,4.5,137.58
2267,2024-04-18,Beauté,Nabeul,Magasin,Virement,2,35.63,55,3.3,71.26
3760,2024-04-18,Sport,Tunis,Magasin,Virement,3,59.29,43,4.3,177.87
2750,2024-04-18,Sport,Gabès,Magasin,Carte bancaire,5,117.45,59,2.4,587.25
4539,2024-04-18,Électronique,Tunis,En ligne,Virement,7,708.14,50,4.4,4956.98
4212,2024-04-18,Vêtements,Kairouan,Magasin,Paiement mobile,4,70.56,56,4.0,282.24
3282,2024-04-18,Électronique,Sfax,En ligne,Carte bancaire,2,357.54,69,3.9,715.08
6187,2024-04-19,Alimentation,Sfax,En ligne,Carte bancaire,4,21.47,55,5.0,85.88
4776,2024-04-19,Sport,Sousse,Magasin,Espèces,1,111.59,42,4.8,111.59
5856,2024-04-19,Électronique,Nabeul,En ligne,Carte bancaire,7,409.57,59,4.1,2866.99
2122,2024-04-19,Meubles,Tunis,En ligne,Espèces,4,249.86,60,4.0,999.44
1162,2024-04-19,Alimentation,Nabeul,En ligne,Carte bancaire,5,17.87,46,3.0,89.35
6001,2024-04-19,Électronique,Sfax,Magasin,Carte bancaire,7,386.02,50,4.0,2702.14
7217,2024-04-19,Alimentation,Gabès,Magasin,Paiement mobile,1,17.66,60,3.9,17.66
3121,2024-04-19,Vêtements,Sousse,En ligne,Carte bancaire,6,43.81,64,5.0,262.86
4998,2024-04-19,Sport,Tunis,En ligne,Paiement mobile,1,106.54,61,4.0,106.54
5794,2024-04-19,Alimentation,Tunis,Magasin,Espèces,2,21.86,65,3.2,43.72
7191,2024-04-19,Beauté,Sousse,En ligne,Carte bancaire,1,60.29,36,3.5,60.29
4867,2024-04-19,Beauté,Sfax,Magasin,Paiement mobile,4,42.4,21,3.6,169.6
3156,2024-04-19,Meubles,Tunis,Magasin,Virement,4,335.36,43,4.0,1341.44
4528,2024-04-19,Vêtements,Sfax,En ligne,Espèces,4,60.1,53,3.9,240.4
6755,2024-04-19,Électronique,Bizerte,En ligne,Carte bancaire,3,418.56,56,3.2,1255.68
2402,2024-04-19,Vêtements,Tunis,En ligne,Paiement mobile,4,46.47,47,5.0,185.88
1858,2024-04-20,Beauté,Nabeul,Magasin,Carte bancaire,1,49.59,34,4.6,49.59
3461,2024-04-20,Alimentation,Gabès,En ligne,Carte bancaire,4,17.02,39,3.5,68.08
1139,2024-04-20,Meubles,Sfax,En ligne,Carte bancaire,1,236.4,23,3.8,236.4
1955,2024-04-20,Meubles,Nabeul,En ligne,Paiement mobile,6,476.2,35,4.3,2857.2
3847,2024-04-20,Beauté,Gabès,En ligne,Espèces,3,57.99,62,3.2,173.97
2710,2024-04-20,Jouets,Tunis,En ligne,Paiement mobile,5,54.12,61,4.2,270.6
2570,2024-04-20,Électronique,Sfax,En ligne,Virement,3,424.14,55,3.7,1272.42
897,2024-04-20,Alimentation,Gabès,En ligne,Carte bancaire,6,31.37,61,5.0,188.22
4174,2024-04-20,Vêtements,Nabeul,En ligne,Carte bancaire,4,57.93,43,3.0,231.72
6155,2024-04-20,Beauté,Nabeul,Magasin,Carte bancaire,5,63.4,28,4.7,317.0
2669,2024-04-20,Jouets,Sousse,En ligne,Carte bancaire,2,55.4,32,3.3,110.8
5888,2024-04-20,Électronique,Tunis,En ligne,Virement,2,270.15,47,5.0,540.3
1079,2024-04-20,Électronique,Sfax,En ligne,Carte bancaire,2,337.97,21,3.0,675.94
7885,2024-04-20,Électronique,Tunis,Magasin,Carte bancaire,4,534.47,56,3.5,2137.88
4410,2024-04-20,Alimentation,Kairouan,En ligne,Carte bancaire,4,26.32,36,3.5,105.28
6213,2024-04-20,Jouets,Bizerte,En ligne,Carte bancaire,2,23.96,58,4.3,47.92
5148,2024-04-20,Beauté,Nabeul,Magasin,Virement,7,27.23,21,5.0,190.61
929,2024-04-20,Alimentation,Sousse,Magasin,Paiement mobile,7,31.81,43,4.1,222.67
6410,2024-04-20,Électronique,Sfax,Magasin,Carte bancaire,1,697.47,37,2.9,697.47
1390,2024-04-20,Électronique,Sousse,En ligne,Carte bancaire,4,580.17,52,3.7,2320.68
5919,2024-04-20,Électronique,Tunis,Magasin,Carte bancaire,2,577.56,63,4.3,1155.12
927,2024-04-20,Sport,Sfax,Magasin,Espèces,2,56.95,36,4.4,113.9
3624,2024-04-20,Beauté,Nabeul,En ligne,Paiement mobile,4,52.6,46,3.7,210.4
6492,2024-04-20,Beauté,Nabeul,En ligne,Paiement mobile,3,32.66,51,4.4,97.98
5382,2024-04-20,Meubles,Sousse,En ligne,Paiement mobile,2,402.52,42,4.1,805.04
6237,2024-04-20,Alimentation,Tunis,Magasin,Paiement mobile,2,12.86,38,4.7,25.72
3803,2024-04-20,Vêtements,Sfax,En ligne,Carte bancaire,7,95.41,41,3.1,667.87
823,2024-04-20,Alimentation,Tunis,Magasin,Paiement mobile,6,14.79,62,3.4,88.74
925,2024-04-20,Alimentation,Tunis,Magasin,Espèces,4,15.59,33,5.0,62.36
4909,2024-04-21,Alimentation,Bizerte,En ligne,Paiement mobile,2,22.13,45,3.4,44.26
5031,2024-04-21,Alimentation,Nabeul,Magasin,Virement,3,31.81,24,3.4,95.43
1285,2024-04-21,Vêtements,Sfax,En ligne,Carte bancaire,7,50.47,48,4.4,353.29
5324,2024-04-21,Jouets,Bizerte,Magasin,Carte bancaire,5,44.43,51,3.9,222.15
4092,2024-04-21,Meubles,Kairouan,Magasin,Espèces,2,398.08,19,4.3,796.16
7252,2024-04-21,Jouets,Kairouan,En ligne,Carte bancaire,7,42.63,66,3.9,298.41
6536,2024-04-21,Vêtements,Sousse,En ligne,Virement,3,67.81,51,4.7,203.43
5896,2024-04-21,Jouets,Sousse,En ligne,Carte bancaire,2,25.64,30,4.1,51.28
2689,2024-04-21,Électronique,Kairouan,En ligne,Espèces,2,411.64,49,3.2,823.28
5170,2024-04-21,Meubles,Kairouan,En ligne,Paiement mobile,5,378.46,45,3.8,1892.3
5509,2024-04-21,Alimentation,Kairouan,En ligne,Espèces,5,18.08,43,3.4,90.4
2504,2024-04-21,Meubles,Bizerte,Magasin,Carte bancaire,6,413.37,46,3.7,2480.22
2913,2024-04-21,Vêtements,Sfax,En ligne,Paiement mobile,3,38.52,26,3.6,115.56
262,2024-04-21,Sport,Tunis,En ligne,Carte bancaire,4,74.77,18,3.4,299.08
779,2024-04-21,Électronique,Nabeul,Magasin,Paiement mobile,1,552.81,61,4.0,552.81
4147,2024-04-21,Beauté,Sousse,En ligne,Carte bancaire,1,49.25,40,3.1,49.25
288,2024-04-21,Vêtements,Gabès,En ligne,Virement,6,57.43,38,3.9,344.58
6323,2024-04-21,Meubles,Tunis,Magasin,Paiement mobile,6,201.03,66,4.7,1206.18
3710,2024-04-21,Électronique,Tunis,Magasin,Carte bancaire,6,303.84,34,4.0,1823.04
948,2024-04-21,Vêtements,Bizerte,Magasin,Espèces,4,37.03,34,3.8,148.12
4556,2024-04-21,Sport,Bizerte,Magasin,Carte bancaire,7,89.56,60,3.8,626.92
6749,2024-04-21,Alimentation,Sousse,En ligne,Paiement mobile,6,27.67,57,3.3,166.02
7143,2024-04-21,Alimentation,Sfax,En ligne,Carte bancaire,3,30.25,59,3.4,90.75
6183,2024-04-22,Sport,Sousse,En ligne,Paiement mobile,6,79.93,44,1.9,479.58
5322,2024-04-22,Sport,Kairouan,Magasin,Espèces,4,121.29,40,2.1,485.16
6634,2024-04-22,Vêtements,Tunis,En ligne,Espèces,4,87.69,47,4.1,350.76
1233,2024-04-22,Sport,Bizerte,Magasin,Carte bancaire,5,70.31,40,4.3,351.55
5289,2024-04-22,Sport,Gabès,En ligne,Espèces,6,88.52,50,2.7,531.12
2767,2024-04-22,Meubles,Sousse,En ligne,Virement,4,329.81,37,3.6,1319.24
2514,2024-04-22,Beauté,Nabeul,Magasin,Carte bancaire,4,56.06,48,4.0,224.24
206,2024-04-22,Alimentation,Sfax,Magasin,Carte bancaire,4,27.06,29,4.0,108.24
5532,2024-04-22,Alimentation,Bizerte,En ligne,Carte bancaire,1,12.4,36,4.9,12.4
196,2024-04-22,Beauté,Bizerte,En ligne,Virement,7,55.63,53,4.1,389.41
2762,2024-04-22,Vêtements,Sousse,Magasin,Carte bancaire,1,93.38,34,3.4,93.38
283,2024-04-22,Sport,Nabeul,En ligne,Virement,5,70.87,52,3.7,354.35
6689,2024-04-22,Sport,Tunis,Magasin,Espèces,4,105.93,39,4.6,423.72
3572,2024-04-22,Alimentation,Tunis,En ligne,Espèces,2,30.99,46,4.0,61.98
203,2024-04-22,Beauté,Sousse,Magasin,Virement,1,44.38,57,4.6,44.38
6693,2024-04-22,Électronique,Sousse,En ligne,Carte bancaire,7,335.57,20,4.8,2348.99
4878,2024-04-22,Alimentation,Sousse,Magasin,Carte bancaire,3,20.09,69,4.4,60.27
2616,2024-04-22,Jouets,Tunis,En ligne,Virement,2,33.12,36,3.3,66.24
3308,2024-04-22,Meubles,Tunis,En ligne,Virement,6,314.57,50,4.2,1887.42
989,2024-04-22,Électronique,Tunis,En ligne,Espèces,7,667.01,67,2.0,4669.07
4263,2024-04-22,Vêtements,Bizerte,En ligne,Carte bancaire,7,67.01,46,4.5,469.07
201,2024-04-22,Électronique,Nabeul,En ligne,Carte bancaire,1,364.77,57,4.6,364.77
1674,2024-04-22,Électronique,Tunis,En ligne,Carte bancaire,2,394.65,28,3.0,789.3
4034,2024-04-22,Électronique,Nabeul,En ligne,Virement,6,352.21,57,3.4,2113.26
1382,2024-04-22,Beauté,Nabeul,Magasin,Paiement mobile,7,27.44,32,3.7,192.08
2794,2024-04-22,Vêtements,Nabeul,Magasin,Paiement mobile,5,56.77,56,3.8,283.85
3400,2024-04-22,Vêtements,Gabès,Magasin,Carte bancaire,6,62.08,46,3.1,372.48
877,2024-04-22,Électronique,Bizerte,Magasin,Carte bancaire,4,334.11,35,3.8,1336.44
3547,2024-04-23,Électronique,Bizerte,En ligne,Paiement mobile,4,343.29,57,4.0,1373.16
4839,2024-04-23,Jouets,Sfax,Magasin,Carte bancaire,1,28.12,69,5.0,28.12
7907,2024-04-23,Jouets,Gabès,En ligne,Carte bancaire,5,54.12,66,4.4,270.6
5134,2024-04-23,Sport,Gabès,En ligne,Paiement mobile,3,60.14,21,3.5,180.42
362,2024-04-23,Alimentation,Tunis,En ligne,Espèces,3,23.53,34,3.6,70.59
2060,2024-04-23,Électronique,Tunis,Magasin,Paiement mobile,3,501.26,32,3.1,1503.78
6236,2024-04-23,Vêtements,Sfax,Magasin,Carte bancaire,6,75.64,27,4.1,453.84
4048,2024-04-23,Meubles,Nabeul,En ligne,Carte bancaire,2,299.54,40,4.2,599.08
7431,2024-04-23,Vêtements,Bizerte,Magasin,Virement,7,45.79,33,2.2,320.53
2610,2024-04-23,Vêtements,Kairouan,En ligne,Paiement mobile,1,60.82,58,3.6,60.82
7812,2024-04-23,Alimentation,Tunis,En ligne,Carte bancaire,5,28.99,46,3.2,144.95
4464,2024-04-23,Beauté,Sfax,En ligne,Virement,6,56.99,34,4.3,341.94
2349,2024-04-23,Électronique,Sfax,En ligne,Carte bancaire,6,508.74,68,4.2,3052.44
1234,2024-04-23,Alimentation,Sfax,En ligne,Espèces,2,16.07,31,5.0,32.14
2985,2024-04-23,Vêtements,Kairouan,Magasin,Espèces,4,78.93,60,3.2,315.72
535,2024-04-23,Électronique,Bizerte,Magasin,Paiement mobile,5,278.19,57,3.5,1390.95
4256,2024-04-23,Électronique,Sousse,En ligne,Paiement mobile,5,690.69,24,5.0,3453.45
1614,2024-04-23,Alimentation,Kairouan,Magasin,Espèces,5,27.9,46,3.6,139.5
6760,2024-04-23,Électronique,Nabeul,En ligne,Paiement mobile,6,625.72,54,4.2,3754.32
6889,2024-04-23,Vêtements,Kairouan,En ligne,Espèces,1,36.09,36,4.2,36.09
1317,2024-04-24,Alimentation,Tunis,En ligne,Carte bancaire,2,27.11,36,3.8,54.22
6291,2024-04-24,Électronique,Gabès,Magasin,Carte bancaire,2,440.33,34,4.7,880.66
6870,2024-04-24,Sport,Nabeul,Magasin,Paiement mobile,7,59.95,60,4.7,419.65
1115,2024-04-24,Vêtements,Sfax,En ligne,Espèces,3,49.47,35,3.5,148.41
531,2024-04-24,Électronique,Bizerte,En ligne,Paiement mobile,2,626.72,37,4.1,1253.44
1620,2024-04-24,Électronique,Gabès,Magasin,Virement,4,621.36,20,4.2,2485.44
5928,2024-04-24,Vêtements,Gabès,Magasin,Paiement mobile,1,50.33,27,2.9,50.33
3095,2024-04-24,Jouets,Nabeul,En ligne,Paiement mobile,1,49.22,18,5.0,49.22
6519,2024-04-24,Sport,Sfax,Magasin,Espèces,3,52.58,46,3.3,157.74
4573,2024-04-24,Meubles,Sfax,En ligne,Carte bancaire,3,224.11,40,4.1,672.33
2328,2024-04-24,Alimentation,Sousse,Magasin,Virement,7,31.13,69,3.0,217.91
5225,2024-04-24,Électronique,Tunis,En ligne,Carte bancaire,3,369.13,55,4.6,1107.39
2943,2024-04-25,Vêtements,Sfax,Magasin,Carte bancaire,5,78.3,43,4.3,391.5
5971,2024-04-25,Alimentation,Sfax,En ligne,Paiement mobile,3,21.01,63,4.3,63.03
5558,2024-04-25,Vêtements,Tunis,En ligne,Carte bancaire,1,62.97,38,3.7,62.97
3396,2024-04-25,Vêtements,Sfax,En ligne,Carte bancaire,6,45.65,23,3.9,273.9
2766,2024-04-25,Alimentation,Tunis,En ligne,Espèces,7,30.99,56,3.6,216.93
7390,2024-04-25,Sport,Sousse,En ligne,Virement,6,75.17,56,4.1,451.02
5312,2024-04-25,Sport,Nabeul,Magasin,Paiement mobile,3,49.94,58,4.2,149.82
4942,2024-04-25,Vêtements,Sfax,En ligne,Carte bancaire,5,48.95,37,4.8,244.75
346,2024-04-25,Alimentation,Nabeul,Magasin,Carte bancaire,5,22.06,54,3.3,110.3
3532,2024-04-25,Vêtements,Kairouan,Magasin,Carte bancaire,5,47.8,19,3.5,239.0
4042,2024-04-25,Alimentation,Gabès,En ligne,Espèces,7,31.06,34,4.2,217.42
178,2024-04-25,Sport,Tunis,Magasin,Carte bancaire,1,92.74,30,3.8,92.74
4672,2024-04-25,Jouets,Tunis,Magasin,Carte bancaire,5,29.07,59,4.1,145.35
6573,2024-04-25,Vêtements,Sfax,En ligne,Carte bancaire,2,85.44,41,4.7,170.88
5173,2024-04-25,Vêtements,Sfax,Magasin,Carte bancaire,5,51.87,31,4.4,259.35
4053,2024-04-25,Sport,Sfax,Magasin,Carte bancaire,5,96.19,63,4.1,480.95
6580,2024-04-25,Électronique,Tunis,Magasin,Carte bancaire,1,408.32,38,3.0,408.32
2305,2024-04-25,Jouets,Sfax,En ligne,Virement,1,53.14,26,3.5,53.14
4087,2024-04-25,Alimentation,Sfax,En ligne,Carte bancaire,7,25.94,19,4.5,181.58
2464,2024-04-25,Alimentation,Gabès,En ligne,Paiement mobile,1,18.33,66,4.5,18.33
281,2024-04-25,Beauté,Nabeul,En ligne,Carte bancaire,2,37.48,29,4.0,74.96
1829,2024-04-25,Jouets,Tunis,En ligne,Carte bancaire,1,27.68,34,4.0,27.68
4110,2024-04-25,Vêtements,Bizerte,En ligne,Carte bancaire,6,82.8,32,4.4,496.8
7777,2024-04-25,Sport,Sfax,Magasin,Espèces,4,115.98,60,3.5,463.92
5658,2024-04-25,Électronique,Tunis,En ligne,Carte bancaire,3,709.85,38,3.5,2129.55
1462,2024-04-26,Vêtements,Gabès,Magasin,Paiement mobile,3,87.85,45,4.6,263.55
2150,2024-04-26,Alimentation,Bizerte,En ligne,Carte bancaire,2,12.55,36,4.4,25.1
1350,2024-04-26,Alimentation,Sfax,En ligne,Carte bancaire,6,26.86,32,4.2,161.16
2408,2024-04-26,Alimentation,Sousse,En ligne,Paiement mobile,5,31.31,58,3.5,156.55
1173,2024-04-26,Électronique,Sfax,En ligne,Carte bancaire,5,670.73,34,3.8,3353.65
3330,2024-04-26,Vêtements,Sfax,Magasin,Espèces,2,84.66,42,3.4,169.32
4030,2024-04-26,Beauté,Gabès,Magasin,Espèces,6,62.2,38,3.9,373.2
6331,2024-04-26,Beauté,Tunis,En ligne,Paiement mobile,1,53.13,64,2.8,53.13
3086,2024-04-26,Électronique,Tunis,En ligne,Paiement mobile,6,717.77,46,4.9,4306.62
4632,2024-04-26,Électronique,Bizerte,Magasin,Carte bancaire,2,639.37,28,2.7,1278.74
1788,2024-04-26,Jouets,Kairouan,Magasin,Paiement mobile,2,45.27,20,3.8,90.54
6103,2024-04-26,Électronique,Sfax,En ligne,Carte bancaire,4,435.86,34,3.1,1743.44
7948,2024-04-26,Sport,Gabès,En ligne,Paiement mobile,1,76.61,44,4.2,76.61
6425,2024-04-26,Électronique,Tunis,En ligne,Carte bancaire,1,398.68,28,4.8,398.68
5962,2024-04-26,Vêtements,Bizerte,En ligne,Virement,4,91.11,22,4.9,364.44
6918,2024-04-26,Vêtements,Tunis,Magasin,Carte bancaire,1,67.81,65,3.4,67.81
440,2024-04-26,Sport,Tunis,En ligne,Carte bancaire,7,86.72,34,3.4,607.04
6901,2024-04-26,Meubles,Sfax,En ligne,Paiement mobile,4,235.87,52,3.3,943.48
1922,2024-04-26,Beauté,Nabeul,Magasin,Espèces,5,43.29,20,5.0,216.45
2754,2024-04-26,Électronique,Gabès,En ligne,Carte bancaire,4,535.73,20,3.5,2142.92
7463,2024-04-26,Meubles,Sousse,Magasin,Virement,6,365.34,56,4.3,2192.04
2888,2024-04-26,Sport,Nabeul,En ligne,Paiement mobile,4,74.19,68,5.0,296.76
654,2024-04-26,Meubles,Tunis,Magasin,Carte bancaire,7,445.62,44,4.2,3119.34
3485,2024-04-26,Beauté,Bizerte,En ligne,Espèces,5,57.2,65,3.9,286.0
7774,2024-04-26,Meubles,Tunis,En ligne,Virement,3,214.44,24,5.0,643.32
2130,2024-04-26,Vêtements,Tunis,Magasin,Carte bancaire,5,79.29,49,4.6,396.45
2499,2024-04-26,Électronique,Bizerte,En ligne,Carte bancaire,5,587.56,20,3.9,2937.8
2797,2024-04-27,Meubles,Sousse,En ligne,Carte bancaire,6,362.96,47,5.0,2177.76
3375,2024-04-27,Électronique,Kairouan,Magasin,Carte bancaire,6,515.87,52,5.0,3095.22
770,2024-04-27,Électronique,Sousse,En ligne,Carte bancaire,5,352.45,46,3.5,1762.25
5972,2024-04-27,Vêtements,Sfax,En ligne,Carte bancaire,6,47.5,35,4.4,285.0
2199,2024-04-27,Alimentation,Tunis,En ligne,Carte bancaire,6,20.01,24,4.8,120.06
1975,2024-04-27,Alimentation,Kairouan,En ligne,Carte bancaire,4,19.34,18,4.5,77.36
983,2024-04-27,Vêtements,Gabès,Magasin,Paiement mobile,5,54.83,32,4.8,274.15
452,2024-04-27,Vêtements,Bizerte,En ligne,Paiement mobile,7,53.36,34,4.1,373.52
5613,2024-04-27,Meubles,Tunis,Magasin,Espèces,2,209.8,62,3.9,419.6
1208,2024-04-27,Jouets,Nabeul,Magasin,Espèces,4,26.29,32,4.0,105.16
6990,2024-04-27,Vêtements,Kairouan,En ligne,Paiement mobile,2,81.92,45,3.4,163.84
6093,2024-04-27,Électronique,Gabès,Magasin,Carte bancaire,5,651.54,37,4.4,3257.7
4646,2024-04-27,Jouets,Tunis,En ligne,Paiement mobile,5,49.42,63,3.7,247.1
3785,2024-04-27,Alimentation,Bizerte,En ligne,Espèces,5,21.73,18,4.7,108.65
2330,2024-04-27,Alimentation,Bizerte,En ligne,Paiement mobile,2,23.34,46,5.0,46.68
972,2024-04-27,Électronique,Bizerte,En ligne,Espèces,2,644.94,30,4.3,1289.88
6228,2024-04-27,Alimentation,Nabeul,Magasin,Espèces,6,22.03,31,3.0,132.18
5969,2024-04-27,Meubles,Sfax,En ligne,Carte bancaire,5,333.76,59,4.0,1668.8
2660,2024-04-27,Beauté,Sfax,En ligne,Carte bancaire,3,50.01,61,5.0,150.03
4543,2024-04-27,Meubles,Tunis,Magasin,Paiement mobile,2,221.54,50,4.8,443.08
5278,2024-04-27,Alimentation,Bizerte,En ligne,Paiement mobile,2,19.91,27,3.8,39.82
2772,2024-04-27,Meubles,Nabeul,En ligne,Carte bancaire,3,199.19,34,4.2,597.57
6978,2024-04-27,Vêtements,Bizerte,En ligne,Carte bancaire,7,66.2,47,4.4,463.4
3631,2024-04-27,Meubles,Nabeul,En ligne,Carte bancaire,6,318.29,45,3.3,1909.74
1096,2024-04-27,Électronique,Sousse,En ligne,Espèces,5,454.43,26,3.2,2272.15
7552,2024-04-27,Vêtements,Sousse,En ligne,Carte bancaire,7,60.84,61,4.1,425.88
4586,2024-04-27,Vêtements,Kairouan,En ligne,Carte bancaire,7,62.54,47,5.0,437.78
3323,2024-04-27,Meubles,Sousse,En ligne,Carte bancaire,2,283.99,52,4.1,567.98
4275,2024-04-27,Vêtements,Bizerte,En ligne,Carte bancaire,7,44.03,61,3.5,308.21
4915,2024-04-27,Vêtements,Sousse,Magasin,Carte bancaire,3,67.48,36,3.7,202.44
4970,2024-04-28,Alimentation,Tunis,Magasin,Virement,2,15.24,38,4.9,30.48
722,2024-04-28,Alimentation,Kairouan,Magasin,Virement,1,27.7,55,4.3,27.7
906,2024-04-28,Alimentation,Kairouan,En ligne,Carte bancaire,2,28.97,24,4.0,57.94
3669,2024-04-28,Alimentation,Kairouan,Magasin,Espèces,3,27.41,22,3.1,82.23
1296,2024-04-28,Vêtements,Tunis,En ligne,Carte bancaire,2,38.31,41,3.9,76.62
4961,2024-04-28,Alimentation,Bizerte,En ligne,Carte bancaire,1,26.66,67,3.8,26.66
7102,2024-04-28,Meubles,Tunis,Magasin,Carte bancaire,6,286.78,45,5.0,1720.68
7676,2024-04-28,Meubles,Tunis,Magasin,Paiement mobile,3,367.5,32,3.9,1102.5
1884,2024-04-28,Sport,Tunis,En ligne,Espèces,2,127.34,34,4.6,254.68
2012,2024-04-28,Jouets,Sousse,Magasin,Espèces,4,26.05,31,4.2,104.2
6137,2024-04-28,Meubles,Gabès,En ligne,Espèces,2,226.86,53,2.9,453.72
6832,2024-04-28,Alimentation,Tunis,En ligne,Espèces,2,14.21,23,4.4,28.42
2235,2024-04-28,Alimentation,Gabès,Magasin,Virement,1,18.86,24,3.6,18.86
5237,2024-04-28,Meubles,Nabeul,Magasin,Carte bancaire,6,441.51,65,4.6,2649.06
3870,2024-04-28,Vêtements,Nabeul,Magasin,Paiement mobile,2,83.52,38,4.4,167.04
3817,2024-04-28,Électronique,Gabès,Magasin,Carte bancaire,3,410.66,27,3.3,1231.98
2058,2024-04-28,Vêtements,Bizerte,Magasin,Carte bancaire,6,83.59,36,3.8,501.54
2620,2024-04-28,Meubles,Tunis,En ligne,Espèces,6,402.74,42,3.3,2416.44
2727,2024-04-28,Alimentation,Bizerte,Magasin,Paiement mobile,3,21.14,35,4.2,63.42
2585,2024-04-28,Électronique,Tunis,En ligne,Paiement mobile,4,702.87,59,3.6,2811.48
7095,2024-04-28,Électronique,Gabès,Magasin,Espèces,5,637.39,67,3.8,3186.95
279,2024-04-29,Vêtements,Sousse,Magasin,Carte bancaire,7,54.59,45,2.3,382.13
3158,2024-04-29,Électronique,Gabès,En ligne,Espèces,1,610.66,61,2.2,610.66
1704,2024-04-29,Jouets,Gabès,En ligne,Carte bancaire,4,38.95,29,3.1,155.8
1998,2024-04-29,Alimentation,Gabès,En ligne,Carte bancaire,1,28.74,32,4.9,28.74
7522,2024-04-29,Meubles,Tunis,Magasin,Espèces,6,440.28,57,4.0,2641.68
4639,2024-04-29,Vêtements,Sfax,Magasin,Paiement mobile,5,66.61,36,3.9,333.05
1311,2024-04-29,Meubles,Bizerte,En ligne,Carte bancaire,3,330.64,23,4.7,991.92
3134,2024-04-29,Électronique,Tunis,Magasin,Carte bancaire,3,655.9,22,4.2,1967.7
6905,2024-04-29,Jouets,Sfax,Magasin,Carte bancaire,3,46.01,34,4.0,138.03
7761,2024-04-29,Jouets,Tunis,En ligne,Carte bancaire,1,34.13,22,3.1,34.13
1272,2024-04-29,Alimentation,Sfax,Magasin,Espèces,2,17.01,36,4.4,34.02
3717,2024-04-29,Sport,Tunis,En ligne,Carte bancaire,1,113.82,44,5.0,113.82
7174,2024-04-29,Meubles,Sfax,Magasin,Carte bancaire,2,433.61,30,3.6,867.22
2518,2024-04-29,Vêtements,Nabeul,En ligne,Carte bancaire,6,49.06,38,4.8,294.36
4800,2024-04-29,Vêtements,Tunis,Magasin,Paiement mobile,1,40.77,21,2.5,40.77
2843,2024-04-29,Électronique,Tunis,En ligne,Carte bancaire,7,350.52,45,4.6,2453.64
5094,2024-04-29,Alimentation,Tunis,En ligne,Espèces,5,21.31,68,2.6,106.55
433,2024-04-29,Électronique,Nabeul,En ligne,Carte bancaire,5,319.14,28,5.0,1595.7
1582,2024-04-29,Meubles,Gabès,Magasin,Paiement mobile,1,473.73,56,3.8,473.73
3628,2024-04-29,Jouets,Sousse,Magasin,Carte bancaire,6,30.34,49,4.1,182.04
4492,2024-04-30,Sport,Kairouan,En ligne,Carte bancaire,3,104.82,41,3.9,314.46
2317,2024-04-30,Vêtements,Tunis,En ligne,Paiement mobile,2,59.23,68,5.0,118.46
7379,2024-04-30,Vêtements,Tunis,En ligne,Carte bancaire,2,82.64,62,3.1,165.28
7008,2024-04-30,Alimentation,Tunis,Magasin,Carte bancaire,7,14.78,42,5.0,103.46
177,2024-04-30,Meubles,Gabès,En ligne,Paiement mobile,5,335.09,41,4.9,1675.45
2207,2024-04-30,Électronique,Nabeul,Magasin,Virement,3,467.55,27,4.8,1402.65
3697,2024-04-30,Vêtements,Sousse,En ligne,Carte bancaire,6,68.44,69,2.9,410.64
2699,2024-04-30,Jouets,Sfax,En ligne,Espèces,2,36.19,68,3.7,72.38
5571,2024-04-30,Vêtements,Bizerte,Magasin,Espèces,1,60.78,62,4.2,60.78
2336,2024-04-30,Meubles,Kairouan,En ligne,Carte bancaire,1,202.11,18,4.2,202.11
7118,2024-04-30,Sport,Sfax,Magasin,Espèces,7,80.35,59,4.5,562.45
1992,2024-04-30,Électronique,Sousse,Magasin,Carte bancaire,5,541.13,69,2.0,2705.65
3132,2024-04-30,Électronique,Sfax,En ligne,Carte bancaire,6,343.24,65,5.0,2059.44
863,2024-04-30,Vêtements,Gabès,Magasin,Carte bancaire,2,90.59,18,4.0,181.18
6377,2024-05-01,Électronique,Tunis,En ligne,Virement,4,406.09,32,2.4,1624.36
446,2024-05-01,Sport,Nabeul,En ligne,Carte bancaire,1,77.59,68,3.3,77.59
4571,2024-05-01,Alimentation,Nabeul,Magasin,Paiement mobile,2,25.6,19,4.5,51.2
5977,2024-05-01,Électronique,Nabeul,Magasin,Virement,6,719.12,37,3.5,4314.72
6461,2024-05-01,Vêtements,Kairouan,Magasin,Paiement mobile,7,61.9,42,4.0,433.3
7107,2024-05-01,Vêtements,Tunis,Magasin,Espèces,3,57.13,50,3.6,171.39
6751,2024-05-01,Vêtements,Nabeul,Magasin,Espèces,3,69.51,42,2.0,208.53
689,2024-05-01,Jouets,Sousse,En ligne,Espèces,5,45.84,25,4.1,229.2
5495,2024-05-01,Jouets,Sfax,En ligne,Paiement mobile,7,45.92,42,3.9,321.44
3357,2024-05-01,Alimentation,Kairouan,Magasin,Carte bancaire,5,13.93,61,5.0,69.65
9,2024-05-01,Vêtements,Tunis,Magasin,Espèces,2,48.63,53,3.1,97.26
6162,2024-05-01,Vêtements,Sfax,Magasin,Virement,2,87.49,67,4.5,174.98
3419,2024-05-01,Meubles,Nabeul,En ligne,Carte bancaire,6,431.02,57,4.7,2586.12
6632,2024-05-01,Jouets,Sfax,En ligne,Espèces,7,26.04,67,3.3,182.28
4698,2024-05-01,Jouets,Sousse,Magasin,Espèces,4,32.81,57,3.5,131.24
840,2024-05-01,Alimentation,Nabeul,Magasin,Paiement mobile,4,18.37,25,3.4,73.48
1877,2024-05-01,Sport,Sfax,Magasin,Carte bancaire,5,111.1,24,4.4,555.5
5441,2024-05-01,Beauté,Tunis,En ligne,Carte bancaire,3,36.18,41,3.6,108.54
1837,2024-05-01,Meubles,Sousse,En ligne,Paiement mobile,7,287.3,69,3.1,2011.1
592,2024-05-01,Vêtements,Sousse,En ligne,Carte bancaire,3,76.58,18,3.9,229.74
2617,2024-05-01,Alimentation,Tunis,En ligne,Espèces,7,23.34,68,3.8,163.38
7669,2024-05-01,Vêtements,Nabeul,En ligne,Paiement mobile,3,63.7,43,4.5,191.1
1365,2024-05-01,Vêtements,Gabès,En ligne,Espèces,6,77.88,28,4.4,467.28
3919,2024-05-01,Meubles,Kairouan,En ligne,Carte bancaire,7,217.4,32,4.8,1521.8
612,2024-05-01,Sport,Tunis,Magasin,Espèces,7,114.8,35,4.4,803.6
4176,2024-05-02,Vêtements,Kairouan,En ligne,Carte bancaire,4,80.6,26,2.8,322.4
7925,2024-05-02,Meubles,Sfax,Magasin,Carte bancaire,6,479.36,22,3.4,2876.16
1843,2024-05-02,Sport,Tunis,Magasin,Carte bancaire,6,97.68,64,2.9,586.08
7061,2024-05-02,Jouets,Tunis,Magasin,Carte bancaire,2,31.83,45,4.2,63.66
3611,2024-05-02,Jouets,Sfax,En ligne,Espèces,5,43.33,27,3.4,216.65
1591,2024-05-02,Électronique,Sfax,En ligne,Paiement mobile,7,299.61,27,2.9,2097.27
1093,2024-05-02,Jouets,Tunis,Magasin,Virement,5,54.32,66,4.0,271.6
7823,2024-05-02,Alimentation,Gabès,En ligne,Virement,3,12.9,27,4.2,38.7
7887,2024-05-02,Électronique,Tunis,En ligne,Espèces,7,534.6,24,2.9,3742.2
6148,2024-05-02,Meubles,Bizerte,En ligne,Virement,1,332.1,49,3.7,332.1
7312,2024-05-02,Alimentation,Bizerte,Magasin,Carte bancaire,3,21.1,37,4.9,63.3
4683,2024-05-02,Jouets,Tunis,Magasin,Carte bancaire,4,28.11,52,5.0,112.44
225,2024-05-02,Jouets,Gabès,Magasin,Carte bancaire,3,35.45,46,3.6,106.35
5820,2024-05-02,Vêtements,Sfax,En ligne,Carte bancaire,3,68.64,59,4.0,205.92
6559,2024-05-02,Sport,Sousse,Magasin,Virement,4,81.11,61,3.7,324.44
4460,2024-05-02,Vêtements,Nabeul,En ligne,Carte bancaire,4,63.64,23,4.2,254.56
6040,2024-05-02,Électronique,Tunis,En ligne,Virement,2,438.12,44,5.0,876.24
3865,2024-05-03,Vêtements,Gabès,Magasin,Carte bancaire,2,59.6,32,3.9,119.2
7138,2024-05-03,Meubles,Sousse,En ligne,Espèces,4,356.78,53,2.3,1427.12
236,2024-05-03,Alimentation,Tunis,En ligne,Carte bancaire,2,17.06,52,2.7,34.12
2460,2024-05-03,Vêtements,Sfax,En ligne,Virement,6,64.17,69,5.0,385.02
4262,2024-05-03,Beauté,Bizerte,Magasin,Carte bancaire,2,41.04,21,4.4,82.08
3071,2024-05-03,Meubles,Tunis,En ligne,Virement,6,420.91,32,4.8,2525.46
2609,2024-05-03,Électronique,Gabès,En ligne,Virement,5,541.48,24,4.1,2707.4
428,2024-05-03,Vêtements,Bizerte,Magasin,Carte bancaire,2,94.21,48,3.1,188.42
3423,2024-05-03,Électronique,Nabeul,Magasin,Virement,4,512.9,51,4.9,2051.6
4708,2024-05-03,Jouets,Tunis,En ligne,Carte bancaire,3,52.95,64,3.7,158.85
1603,2024-05-03,Beauté,Bizerte,Magasin,Carte bancaire,6,61.43,30,4.5,368.58
2151,2024-05-03,Beauté,Tunis,Magasin,Carte bancaire,6,51.85,36,5.0,311.1
5622,2024-05-03,Électronique,Sfax,Magasin,Espèces,7,469.62,32,4.3,3287.34
5779,2024-05-03,Beauté,Tunis,En ligne,Espèces,7,29.52,59,3.5,206.64
3131,2024-05-03,Électronique,Nabeul,En ligne,Carte bancaire,1,540.69,60,3.8,540.69
4325,2024-05-03,Électronique,Tunis,Magasin,Espèces,1,290.25,44,3.2,290.25
7433,2024-05-03,Jouets,Sfax,En ligne,Virement,7,52.79,55,3.8,369.53
2783,2024-05-03,Jouets,Tunis,Magasin,Paiement mobile,4,53.39,34,5.0,213.56
5539,2024-05-04,Meubles,Sousse,En ligne,Carte bancaire,7,373.88,31,3.4,2617.16
400,2024-05-04,Jouets,Sfax,En ligne,Espèces,4,21.71,40,4.7,86.84
1061,2024-05-04,Électronique,Sousse,Magasin,Espèces,5,467.29,37,3.6,2336.45
2254,2024-05-04,Électronique,Tunis,En ligne,Paiement mobile,5,379.64,52,4.1,1898.2
5482,2024-05-04,Vêtements,Gabès,En ligne,Paiement mobile,1,72.01,35,3.3,72.01
3970,2024-05-04,Alimentation,Sfax,En ligne,Carte bancaire,5,17.28,42,3.3,86.4
7866,2024-05-04,Beauté,Gabès,En ligne,Carte bancaire,7,62.87,37,2.9,440.09
3420,2024-05-04,Sport,Sfax,En ligne,Paiement mobile,4,106.14,52,3.5,424.56
1932,2024-05-04,Vêtements,Tunis,Magasin,Paiement mobile,4,63.35,55,4.1,253.4
5008,2024-05-04,Alimentation,Sfax,Magasin,Espèces,2,12.72,60,3.6,25.44
6671,2024-05-04,Vêtements,Sfax,En ligne,Carte bancaire,1,67.23,28,4.0,67.23
3416,2024-05-04,Vêtements,Bizerte,En ligne,Paiement mobile,1,39.98,21,2.9,39.98
6796,2024-05-04,Jouets,Tunis,En ligne,Virement,5,50.14,21,3.5,250.7
5791,2024-05-04,Jouets,Gabès,En ligne,Paiement mobile,3,28.8,30,3.9,86.4
3460,2024-05-04,Meubles,Sfax,En ligne,Espèces,3,396.25,64,4.3,1188.75
3155,2024-05-04,Meubles,Sousse,En ligne,Carte bancaire,3,463.51,18,4.7,1390.53
2919,2024-05-04,Vêtements,Sousse,Magasin,Espèces,4,49.28,45,3.6,197.12
2208,2024-05-04,Alimentation,Nabeul,En ligne,Carte bancaire,6,27.94,45,4.0,167.64
4850,2024-05-04,Jouets,Tunis,En ligne,Carte bancaire,2,28.52,48,4.6,57.04
7129,2024-05-04,Électronique,Tunis,Magasin,Carte bancaire,5,515.52,34,4.2,2577.6
3434,2024-05-05,Électronique,Nabeul,Magasin,Paiement mobile,7,639.77,27,5.0,4478.39
3556,2024-05-05,Alimentation,Sousse,Magasin,Carte bancaire,4,19.55,66,5.0,78.2
6513,2024-05-05,Alimentation,Bizerte,Magasin,Virement,5,21.28,39,4.7,106.4
2816,2024-05-05,Électronique,Bizerte,Magasin,Virement,2,450.15,19,2.6,900.3
451,2024-05-05,Alimentation,Sousse,En ligne,Carte bancaire,5,12.31,37,5.0,61.55
4569,2024-05-05,Sport,Tunis,En ligne,Paiement mobile,2,79.99,55,3.2,159.98
819,2024-05-05,Alimentation,Tunis,Magasin,Carte bancaire,2,22.3,61,4.7,44.6
3840,2024-05-05,Alimentation,Sousse,Magasin,Paiement mobile,4,19.61,38,3.2,78.44
7899,2024-05-05,Sport,Sfax,En ligne,Paiement mobile,5,125.7,34,4.1,628.5
4194,2024-05-05,Électronique,Sfax,En ligne,Carte bancaire,6,665.19,59,5.0,3991.14
2028,2024-05-05,Alimentation,Sousse,Magasin,Virement,7,15.25,69,5.0,106.75
4991,2024-05-05,Meubles,Tunis,Magasin,Paiement mobile,3,188.91,69,4.5,566.73
2040,2024-05-05,Électronique,Tunis,En ligne,Espèces,1,534.04,25,3.1,534.04
644,2024-05-05,Vêtements,Sousse,Magasin,Paiement mobile,7,82.44,26,4.7,577.08
6263,2024-05-05,Alimentation,Sfax,Magasin,Carte bancaire,5,20.77,53,4.9,103.85
639,2024-05-05,Beauté,Bizerte,En ligne,Virement,5,31.3,39,3.8,156.5
3390,2024-05-05,Meubles,Bizerte,En ligne,Espèces,6,388.63,38,3.8,2331.78
6358,2024-05-05,Vêtements,Gabès,Magasin,Carte bancaire,1,40.19,29,5.0,40.19
214,2024-05-05,Alimentation,Sousse,Magasin,Paiement mobile,2,12.89,31,4.2,25.78
2627,2024-05-05,Électronique,Nabeul,En ligne,Carte bancaire,4,591.91,55,4.7,2367.64
6273,2024-05-05,Sport,Gabès,En ligne,Carte bancaire,7,80.17,47,3.1,561.19
6866,2024-05-05,Vêtements,Nabeul,En ligne,Virement,2,46.28,55,5.0,92.56
6744,2024-05-05,Vêtements,Sfax,En ligne,Carte bancaire,6,82.15,22,5.0,492.9
913,2024-05-05,Meubles,Nabeul,En ligne,Espèces,7,258.91,68,3.3,1812.37
5668,2024-05-05,Meubles,Tunis,En ligne,Carte bancaire,3,295.96,35,4.2,887.88
4265,2024-05-05,Vêtements,Sfax,Magasin,Carte bancaire,1,42.88,53,3.8,42.88
7514,2024-05-06,Alimentation,Tunis,En ligne,Carte bancaire,6,29.28,65,3.9,175.68
1148,2024-05-06,Vêtements,Gabès,En ligne,Espèces,4,82.76,36,4.0,331.04
3273,2024-05-06,Sport,Tunis,En ligne,Espèces,2,66.88,58,5.0,133.76
5133,2024-05-06,Sport,Bizerte,Magasin,Carte bancaire,2,66.82,68,4.6,133.64
3589,2024-05-06,Électronique,Sfax,Magasin,Espèces,1,450.12,37,4.1,450.12
6887,2024-05-06,Meubles,Bizerte,En ligne,Virement,6,338.58,66,5.0,2031.48
5125,2024-05-06,Alimentation,Sfax,Magasin,Virement,5,28.46,29,4.9,142.3
4394,2024-05-06,Meubles,Gabès,En ligne,Carte bancaire,2,421.36,66,4.2,842.72
1866,2024-05-06,Jouets,Bizerte,En ligne,Paiement mobile,7,49.57,65,4.4,346.99
3347,2024-05-06,Vêtements,Sfax,En ligne,Espèces,7,71.46,65,3.5,500.22
7291,2024-05-06,Sport,Tunis,Magasin,Virement,5,95.43,39,4.4,477.15
4584,2024-05-06,Électronique,Tunis,Magasin,Espèces,4,429.12,65,3.3,1716.48
2865,2024-05-06,Électronique,Nabeul,Magasin,Paiement mobile,1,325.22,38,4.7,325.22
883,2024-05-06,Électronique,Gabès,En ligne,Carte bancaire,1,560.31,32,5.0,560.31
3159,2024-05-06,Meubles,Nabeul,En ligne,Virement,2,335.5,20,3.9,671.0
7538,2024-05-06,Alimentation,Tunis,En ligne,Carte bancaire,7,26.86,23,4.6,188.02
3303,2024-05-06,Vêtements,Kairouan,En ligne,Espèces,4,73.24,26,2.4,292.96
4431,2024-05-06,Électronique,Nabeul,En ligne,Carte bancaire,3,680.22,59,3.4,2040.66
5808,2024-05-06,Alimentation,Nabeul,Magasin,Virement,4,24.34,43,3.5,97.36
6268,2024-05-06,Électronique,Bizerte,Magasin,Virement,1,295.29,44,4.7,295.29
7270,2024-05-06,Meubles,Nabeul,En ligne,Carte bancaire,6,279.7,42,3.7,1678.2
5554,2024-05-06,Sport,Gabès,En ligne,Paiement mobile,3,92.07,41,3.7,276.21
443,2024-05-06,Jouets,Sfax,Magasin,Espèces,3,54.95,31,4.6,164.85
366,2024-05-06,Vêtements,Sousse,En ligne,Carte bancaire,1,70.5,66,4.2,70.5
3674,2024-05-06,Sport,Nabeul,En ligne,Espèces,7,76.18,65,4.0,533.26
5800,2024-05-07,Meubles,Tunis,En ligne,Espèces,3,384.65,37,3.5,1153.95
352,2024-05-07,Jouets,Sfax,Magasin,Carte bancaire,1,54.3,26,2.8,54.3
4293,2024-05-07,Sport,Tunis,Magasin,Espèces,5,127.29,51,3.2,636.45
3075,2024-05-07,Alimentation,Tunis,Magasin,Espèces,4,19.55,24,3.9,78.2
305,2024-05-07,Électronique,Tunis,En ligne,Paiement mobile,1,497.92,53,2.9,497.92
171,2024-05-07,Jouets,Bizerte,Magasin,Carte bancaire,7,39.81,19,3.4,278.67
1314,2024-05-07,Alimentation,Sousse,En ligne,Espèces,5,28.85,27,5.0,144.25
6633,2024-05-07,Vêtements,Sousse,En ligne,Espèces,3,41.95,20,4.1,125.85
2667,2024-05-07,Vêtements,Gabès,En ligne,Virement,7,47.52,29,3.0,332.64
7850,2024-05-07,Alimentation,Nabeul,Magasin,Paiement mobile,4,21.89,46,3.3,87.56
3015,2024-05-07,Électronique,Sousse,En ligne,Carte bancaire,2,576.1,33,4.3,1152.2
4221,2024-05-07,Alimentation,Nabeul,Magasin,Espèces,3,15.85,50,4.2,47.55
2415,2024-05-07,Vêtements,Sousse,Magasin,Carte bancaire,3,55.48,19,3.7,166.44
249,2024-05-07,Électronique,Sousse,En ligne,Carte bancaire,5,585.86,67,5.0,2929.3
4940,2024-05-07,Électronique,Sousse,En ligne,Carte bancaire,4,416.35,18,3.9,1665.4
1185,2024-05-07,Alimentation,Nabeul,Magasin,Carte bancaire,1,29.73,41,3.2,29.73
5028,2024-05-07,Électronique,Nabeul,Magasin,Carte bancaire,4,397.5,39,3.9,1590.0
6728,2024-05-07,Vêtements,Bizerte,En ligne,Virement,1,42.01,24,3.2,42.01
7475,2024-05-07,Sport,Bizerte,En ligne,Paiement mobile,5,78.96,53,4.3,394.8
5455,2024-05-07,Alimentation,Tunis,Magasin,Carte bancaire,1,31.9,61,3.5,31.9
3587,2024-05-07,Sport,Nabeul,Magasin,Virement,1,60.37,42,4.1,60.37
4608,2024-05-07,Jouets,Tunis,En ligne,Virement,3,27.16,43,3.2,81.48
7766,2024-05-07,Vêtements,Tunis,En ligne,Espèces,3,49.38,63,3.3,148.14
1339,2024-05-07,Électronique,Tunis,Magasin,Espèces,7,516.09,52,2.9,3612.63
2104,2024-05-08,Alimentation,Gabès,Magasin,Carte bancaire,2,29.76,64,4.7,59.52
7596,2024-05-08,Vêtements,Nabeul,En ligne,Carte bancaire,3,56.28,61,3.6,168.84
100,2024-05-08,Jouets,Kairouan,En ligne,Virement,7,26.11,58,5.0,182.77
5305,2024-05-08,Meubles,Tunis,En ligne,Espèces,6,282.97,23,5.0,1697.82
5705,2024-05-08,Électronique,Sousse,Magasin,Paiement mobile,5,298.89,59,4.8,1494.45
4023,2024-05-08,Alimentation,Sfax,En ligne,Carte bancaire,5,16.3,48,5.0,81.5
4507,2024-05-08,Sport,Sousse,En ligne,Espèces,3,107.32,40,5.0,321.96
5889,2024-05-08,Alimentation,Sfax,En ligne,Paiement mobile,2,14.28,55,3.2,28.56
4488,2024-05-08,Sport,Sousse,En ligne,Paiement mobile,2,114.74,37,4.2,229.48
5873,2024-05-08,Alimentation,Sousse,Magasin,Carte bancaire,2,27.23,66,5.0,54.46
6367,2024-05-08,Meubles,Nabeul,En ligne,Carte bancaire,2,467.11,37,3.9,934.22
1410,2024-05-08,Alimentation,Bizerte,Magasin,Espèces,4,28.04,21,4.6,112.16
4773,2024-05-08,Sport,Nabeul,En ligne,Virement,5,55.55,30,3.7,277.75
444,2024-05-08,Meubles,Sfax,Magasin,Carte bancaire,2,310.48,55,5.0,620.96
7612,2024-05-08,Vêtements,Bizerte,Magasin,Paiement mobile,3,81.11,19,4.6,243.33
2989,2024-05-08,Alimentation,Sfax,Magasin,Espèces,1,24.4,62,2.4,24.4
6986,2024-05-08,Beauté,Bizerte,En ligne,Espèces,7,26.32,56,4.0,184.24
253,2024-05-08,Vêtements,Tunis,Magasin,Virement,6,77.49,24,3.9,464.94
2519,2024-05-08,Meubles,Sousse,En ligne,Virement,4,427.12,63,3.5,1708.48
2675,2024-05-08,Électronique,Bizerte,En ligne,Espèces,3,280.31,35,3.0,840.93
2819,2024-05-08,Sport,Sfax,En ligne,Espèces,2,61.5,46,4.7,123.0
6804,2024-05-08,Sport,Nabeul,En ligne,Carte bancaire,2,118.52,27,4.4,237.04
3003,2024-05-08,Alimentation,Sfax,Magasin,Carte bancaire,1,21.05,31,2.7,21.05
7160,2024-05-08,Beauté,Kairouan,Magasin,Virement,2,58.68,37,3.3,117.36
2047,2024-05-08,Électronique,Sousse,Magasin,Espèces,5,302.77,69,3.5,1513.85
6637,2024-05-09,Meubles,Nabeul,En ligne,Espèces,4,361.77,33,4.2,1447.08
2296,2024-05-09,Électronique,Gabès,En ligne,Paiement mobile,5,347.89,49,5.0,1739.45
1368,2024-05-09,Sport,Tunis,En ligne,Carte bancaire,1,121.97,63,4.1,121.97
2281,2024-05-09,Électronique,Sfax,En ligne,Carte bancaire,6,708.08,24,3.4,4248.48
208,2024-05-09,Jouets,Sfax,En ligne,Carte bancaire,5,50.15,45,3.7,250.75
1010,2024-05-09,Vêtements,Bizerte,En ligne,Paiement mobile,5,60.29,44,3.1,301.45
2388,2024-05-09,Sport,Gabès,En ligne,Carte bancaire,1,60.61,31,4.9,60.61
5591,2024-05-09,Vêtements,Tunis,En ligne,Virement,6,75.73,56,4.5,454.38
7038,2024-05-09,Alimentation,Sfax,Magasin,Carte bancaire,4,31.74,69,3.6,126.96
5694,2024-05-09,Alimentation,Sfax,En ligne,Virement,1,16.3,64,4.6,16.3
1113,2024-05-09,Meubles,Kairouan,En ligne,Virement,6,393.71,30,2.6,2362.26
6458,2024-05-09,Jouets,Nabeul,Magasin,Carte bancaire,3,46.6,45,1.8,139.8
6437,2024-05-09,Jouets,Sousse,Magasin,Espèces,7,54.17,24,3.8,379.19
7799,2024-05-09,Meubles,Bizerte,En ligne,Carte bancaire,2,217.45,18,3.8,434.9
1959,2024-05-09,Alimentation,Sfax,En ligne,Carte bancaire,2,31.95,33,3.5,63.9
5020,2024-05-09,Jouets,Sfax,Magasin,Carte bancaire,5,47.7,67,2.9,238.5
6826,2024-05-09,Alimentation,Tunis,En ligne,Paiement mobile,6,27.75,54,4.9,166.5
2520,2024-05-09,Sport,Kairouan,Magasin,Carte bancaire,4,94.55,48,3.8,378.2
1732,2024-05-09,Sport,Kairouan,En ligne,Carte bancaire,4,105.34,45,3.3,421.36
6911,2024-05-09,Sport,Sousse,En ligne,Carte bancaire,7,83.31,46,3.7,583.17
215,2024-05-09,Électronique,Bizerte,En ligne,Carte bancaire,4,415.1,32,3.4,1660.4
2006,2024-05-09,Jouets,Gabès,En ligne,Virement,1,31.22,25,3.9,31.22
2435,2024-05-09,Vêtements,Tunis,En ligne,Virement,1,93.07,22,3.1,93.07
2428,2024-05-09,Jouets,Gabès,Magasin,Carte bancaire,7,52.18,50,4.5,365.26
6886,2024-05-09,Meubles,Sousse,Magasin,Carte bancaire,6,266.69,52,2.8,1600.14
7123,2024-05-09,Meubles,Gabès,En ligne,Carte bancaire,3,216.61,60,5.0,649.83
1418,2024-05-10,Beauté,Tunis,Magasin,Carte bancaire,6,51.29,31,4.1,307.74
3019,2024-05-10,Électronique,Gabès,Magasin,Carte bancaire,1,500.72,37,4.1,500.72
3036,2024-05-10,Électronique,Tunis,En ligne,Virement,6,529.61,59,4.1,3177.66
127,2024-05-10,Sport,Bizerte,En ligne,Paiement mobile,3,68.45,38,3.9,205.35
1934,2024-05-10,Meubles,Kairouan,En ligne,Paiement mobile,7,183.82,19,3.3,1286.74
42,2024-05-10,Beauté,Kairouan,En ligne,Carte bancaire,6,56.37,41,4.6,338.22
5898,2024-05-10,Alimentation,Tunis,En ligne,Carte bancaire,3,29.1,49,3.0,87.3
1898,2024-05-10,Sport,Bizerte,Magasin,Virement,3,123.1,38,4.4,369.3
1242,2024-05-10,Électronique,Bizerte,Magasin,Carte bancaire,6,448.25,43,3.5,2689.5
4919,2024-05-10,Vêtements,Tunis,Magasin,Paiement mobile,1,37.86,31,4.5,37.86
2880,2024-05-10,Électronique,Sfax,En ligne,Carte bancaire,2,530.06,28,4.4,1060.12
16,2024-05-10,Beauté,Sousse,En ligne,Virement,1,63.91,65,4.7,63.91
1480,2024-05-10,Électronique,Sfax,Magasin,Carte bancaire,6,562.96,53,3.3,3377.76
5098,2024-05-10,Jouets,Nabeul,En ligne,Paiement mobile,2,42.44,55,3.9,84.88
6969,2024-05-10,Alimentation,Tunis,En ligne,Paiement mobile,7,27.97,68,4.9,195.79
6961,2024-05-10,Alimentation,Gabès,En ligne,Carte bancaire,4,23.47,38,3.1,93.88
276,2024-05-10,Alimentation,Tunis,En ligne,Carte bancaire,4,25.01,29,4.2,100.04
6028,2024-05-11,Jouets,Sousse,En ligne,Carte bancaire,1,44.92,61,3.4,44.92
5301,2024-05-11,Beauté,Sfax,Magasin,Carte bancaire,5,29.38,51,4.1,146.9
6669,2024-05-11,Meubles,Sfax,En ligne,Paiement mobile,1,320.18,19,4.9,320.18
626,2024-05-11,Jouets,Kairouan,En ligne,Carte bancaire,4,54.25,62,3.9,217.0
6058,2024-05-11,Alimentation,Tunis,En ligne,Paiement mobile,3,21.15,41,5.0,63.45
6638,2024-05-11,Sport,Tunis,En ligne,Espèces,7,77.35,60,3.7,541.45
7409,2024-05-11,Beauté,Tunis,Magasin,Espèces,5,24.48,25,4.0,122.4
4695,2024-05-11,Alimentation,Tunis,Magasin,Carte bancaire,2,20.72,42,4.2,41.44
3202,2024-05-11,Alimentation,Sfax,Magasin,Virement,2,14.36,65,3.3,28.72
2711,2024-05-11,Meubles,Sousse,En ligne,Carte bancaire,3,293.35,61,3.7,880.05
6940,2024-05-11,Alimentation,Nabeul,En ligne,Carte bancaire,6,21.38,21,3.9,128.28
2096,2024-05-11,Alimentation,Nabeul,En ligne,Carte bancaire,5,20.33,31,5.0,101.65
1238,2024-05-11,Sport,Kairouan,Magasin,Carte bancaire,5,86.54,59,2.7,432.7
2176,2024-05-11,Électronique,Sfax,Magasin,Espèces,3,658.26,36,4.0,1974.78
5086,2024-05-11,Meubles,Sousse,Magasin,Paiement mobile,7,406.49,52,3.6,2845.43
7119,2024-05-11,Vêtements,Kairouan,Magasin,Carte bancaire,4,95.04,56,3.6,380.16
3857,2024-05-11,Électronique,Tunis,En ligne,Espèces,3,553.58,21,3.2,1660.74
1049,2024-05-11,Alimentation,Tunis,En ligne,Espèces,7,19.05,63,4.4,133.35
2709,2024-05-11,Meubles,Nabeul,En ligne,Carte bancaire,3,404.96,66,3.1,1214.88
4396,2024-05-11,Sport,Bizerte,En ligne,Carte bancaire,4,93.8,36,3.6,375.2
4082,2024-05-11,Alimentation,Nabeul,En ligne,Espèces,2,26.18,51,5.0,52.36
5862,2024-05-12,Jouets,Sfax,Magasin,Carte bancaire,1,42.51,48,4.5,42.51
1652,2024-05-12,Jouets,Sousse,En ligne,Espèces,6,33.2,58,3.6,199.2
4891,2024-05-12,Meubles,Sfax,En ligne,Carte bancaire,6,461.52,35,5.0,2769.12
1984,2024-05-12,Alimentation,Tunis,En ligne,Carte bancaire,6,20.1,62,3.9,120.6
850,2024-05-12,Meubles,Sousse,Magasin,Paiement mobile,6,386.86,32,3.2,2321.16
7814,2024-05-12,Vêtements,Tunis,Magasin,Paiement mobile,3,80.77,24,4.4,242.31
2474,2024-05-12,Électronique,Sousse,En ligne,Carte bancaire,3,363.23,29,4.1,1089.69
745,2024-05-12,Alimentation,Tunis,En ligne,Espèces,3,24.92,69,5.0,74.76
1145,2024-05-12,Électronique,Bizerte,En ligne,Virement,7,371.5,56,3.4,2600.5
2135,2024-05-12,Alimentation,Tunis,En ligne,Espèces,4,29.58,67,2.6,118.32
2552,2024-05-12,Beauté,Nabeul,En ligne,Espèces,5,34.54,43,2.4,172.7
7660,2024-05-12,Électronique,Bizerte,En ligne,Espèces,2,587.88,35,4.9,1175.76
807,2024-05-12,Sport,Kairouan,En ligne,Carte bancaire,1,52.92,44,3.6,52.92
3024,2024-05-12,Alimentation,Sfax,Magasin,Virement,6,15.42,20,4.4,92.52
3871,2024-05-12,Alimentation,Kairouan,Magasin,Virement,1,15.8,41,4.1,15.8
593,2024-05-12,Électronique,Kairouan,En ligne,Carte bancaire,7,348.92,60,4.5,2442.44
981,2024-05-12,Alimentation,Tunis,En ligne,Carte bancaire,6,16.92,59,2.8,101.52
4081,2024-05-12,Jouets,Sousse,Magasin,Carte bancaire,2,38.82,46,4.8,77.64
4496,2024-05-12,Électronique,Bizerte,En ligne,Carte bancaire,1,470.56,32,3.9,470.56
6313,2024-05-13,Meubles,Sfax,Magasin,Virement,4,219.78,56,5.0,879.12
7707,2024-05-13,Alimentation,Sfax,Magasin,Carte bancaire,4,24.52,56,4.3,98.08
6995,2024-05-13,Alimentation,Nabeul,En ligne,Virement,7,22.44,64,4.2,157.08
6125,2024-05-13,Vêtements,Tunis,En ligne,Carte bancaire,4,72.46,49,4.8,289.84
971,2024-05-13,Vêtements,Tunis,Magasin,Carte bancaire,2,39.4,69,2.7,78.8
3832,2024-05-13,Électronique,Nabeul,En ligne,Carte bancaire,2,462.87,23,3.3,925.74
4561,2024-05-13,Jouets,Kairouan,En ligne,Carte bancaire,2,21.69,27,3.7,43.38
3028,2024-05-13,Sport,Bizerte,Magasin,Espèces,7,105.51,47,4.2,738.57
655,2024-05-13,Sport,Gabès,En ligne,Carte bancaire,7,102.28,22,3.3,715.96
3427,2024-05-13,Jouets,Bizerte,En ligne,Paiement mobile,3,54.07,47,1.7,162.21
6375,2024-05-13,Vêtements,Tunis,En ligne,Carte bancaire,2,75.94,54,2.2,151.88
4344,2024-05-13,Vêtements,Sousse,En ligne,Carte bancaire,6,72.58,47,4.6,435.48
1356,2024-05-13,Électronique,Sfax,Magasin,Paiement mobile,4,541.81,23,3.9,2167.24
1718,2024-05-13,Alimentation,Gabès,En ligne,Espèces,7,17.6,57,4.8,123.2
163,2024-05-13,Jouets,Tunis,Magasin,Espèces,1,27.4,30,5.0,27.4
1128,2024-05-13,Alimentation,Tunis,Magasin,Carte bancaire,6,19.69,20,4.1,118.14
6337,2024-05-13,Sport,Nabeul,En ligne,Espèces,4,63.32,22,4.7,253.28
6511,2024-05-13,Vêtements,Tunis,Magasin,Carte bancaire,7,69.28,31,5.0,484.96
3097,2024-05-13,Vêtements,Kairouan,En ligne,Carte bancaire,1,58.37,60,3.5,58.37
1074,2024-05-13,Sport,Tunis,En ligne,Virement,4,90.79,49,3.4,363.16
6197,2024-05-13,Alimentation,Bizerte,En ligne,Virement,7,13.09,37,4.6,91.63
6289,2024-05-13,Jouets,Sousse,En ligne,Carte bancaire,4,28.36,39,3.0,113.44
2379,2024-05-13,Sport,Nabeul,Magasin,Virement,7,117.7,65,4.7,823.9
7054,2024-05-13,Meubles,Tunis,Magasin,Paiement mobile,2,190.2,43,4.1,380.4
303,2024-05-14,Meubles,Bizerte,Magasin,Espèces,7,280.65,36,4.1,1964.55
2631,2024-05-14,Électronique,Bizerte,En ligne,Virement,5,631.67,57,2.7,3158.35
44,2024-05-14,Électronique,Gabès,Magasin,Espèces,4,445.12,32,3.3,1780.48
4481,2024-05-14,Meubles,Bizerte,En ligne,Carte bancaire,5,192.58,63,5.0,962.9
3575,2024-05-14,Électronique,Tunis,En ligne,Carte bancaire,4,449.05,58,4.5,1796.2
3845,2024-05-14,Meubles,Bizerte,En ligne,Carte bancaire,1,425.94,33,3.2,425.94
5680,2024-05-14,Alimentation,Sfax,Magasin,Carte bancaire,5,22.08,66,3.8,110.4
7075,2024-05-14,Vêtements,Sfax,Magasin,Carte bancaire,3,82.2,69,3.2,246.6
6309,2024-05-14,Sport,Gabès,Magasin,Carte bancaire,4,70.47,53,4.0,281.88
7159,2024-05-14,Alimentation,Sousse,En ligne,Paiement mobile,2,17.82,19,5.0,35.64
6110,2024-05-14,Alimentation,Sfax,En ligne,Espèces,5,20.71,39,3.3,103.55
7994,2024-05-14,Meubles,Sfax,En ligne,Paiement mobile,4,358.93,38,4.4,1435.72
7655,2024-05-14,Électronique,Kairouan,Magasin,Paiement mobile,7,290.01,23,3.0,2030.07
111,2024-05-14,Meubles,Bizerte,En ligne,Carte bancaire,5,438.26,38,5.0,2191.3
2670,2024-05-15,Vêtements,Nabeul,En ligne,Carte bancaire,4,58.41,18,3.9,233.64
618,2024-05-15,Alimentation,Sousse,Magasin,Paiement mobile,3,28.43,66,3.6,85.29
2274,2024-05-15,Électronique,Sfax,Magasin,Virement,1,715.07,46,3.6,715.07
5471,2024-05-15,Meubles,Bizerte,Magasin,Carte bancaire,3,449.08,60,4.5,1347.24
101,2024-05-15,Alimentation,Sfax,En ligne,Carte bancaire,7,31.1,45,4.6,217.7
4662,2024-05-15,Alimentation,Sfax,En ligne,Paiement mobile,6,25.0,69,5.0,150.0
2063,2024-05-15,Électronique,Sfax,Magasin,Carte bancaire,1,347.23,54,3.0,347.23
2169,2024-05-15,Alimentation,Tunis,Magasin,Espèces,5,14.64,35,4.5,73.2
6168,2024-05-15,Sport,Gabès,Magasin,Carte bancaire,3,119.54,51,4.2,358.62
2574,2024-05-15,Alimentation,Sfax,En ligne,Paiement mobile,7,30.76,34,3.2,215.32
3226,2024-05-15,Beauté,Tunis,En ligne,Carte bancaire,4,63.51,28,5.0,254.04
1106,2024-05-15,Alimentation,Sousse,Magasin,Paiement mobile,6,25.55,45,4.4,153.3
3243,2024-05-15,Beauté,Tunis,En ligne,Carte bancaire,6,48.77,62,3.7,292.62
4712,2024-05-15,Vêtements,Nabeul,Magasin,Carte bancaire,5,81.21,31,4.4,406.05
2321,2024-05-15,Vêtements,Sfax,Magasin,Carte bancaire,2,53.59,21,2.3,107.18
693,2024-05-15,Meubles,Sousse,En ligne,Paiement mobile,2,306.57,66,3.2,613.14
3585,2024-05-15,Alimentation,Sousse,Magasin,Paiement mobile,2,22.52,18,3.3,45.04
3995,2024-05-16,Alimentation,Sousse,Magasin,Virement,7,28.1,43,3.7,196.7
1170,2024-05-16,Vêtements,Gabès,En ligne,Carte bancaire,5,48.69,33,3.2,243.45
1026,2024-05-16,Sport,Nabeul,Magasin,Paiement mobile,5,51.36,60,2.4,256.8
6214,2024-05-16,Jouets,Sousse,En ligne,Espèces,5,50.43,61,3.0,252.15
4452,2024-05-16,Alimentation,Sfax,En ligne,Espèces,7,22.12,66,4.0,154.84
3755,2024-05-16,Électronique,Kairouan,Magasin,Carte bancaire,5,546.45,57,4.4,2732.25
6315,2024-05-16,Vêtements,Sfax,Magasin,Carte bancaire,1,57.74,68,4.5,57.74
3701,2024-05-16,Alimentation,Nabeul,En ligne,Carte bancaire,2,29.63,69,2.7,59.26
6397,2024-05-16,Alimentation,Sousse,En ligne,Carte bancaire,4,27.77,58,5.0,111.08
2786,2024-05-16,Jouets,Kairouan,En ligne,Carte bancaire,3,23.48,69,4.6,70.44
1464,2024-05-16,Jouets,Sfax,Magasin,Virement,1,32.16,53,4.5,32.16
183,2024-05-16,Jouets,Sousse,Magasin,Paiement mobile,3,47.4,38,3.5,142.2
5677,2024-05-16,Meubles,Tunis,En ligne,Virement,2,383.03,34,4.1,766.06
5183,2024-05-16,Alimentation,Sousse,En ligne,Paiement mobile,6,12.32,40,4.8,73.92
5268,2024-05-16,Électronique,Tunis,En ligne,Carte bancaire,1,604.22,42,3.2,604.22
2999,2024-05-16,Électronique,Sfax,Magasin,Paiement mobile,4,542.42,41,4.4,2169.68
1593,2024-05-16,Alimentation,Kairouan,Magasin,Paiement mobile,1,31.05,36,2.1,31.05
4375,2024-05-16,Vêtements,Nabeul,En ligne,Carte bancaire,1,73.49,45,4.2,73.49
4590,2024-05-16,Alimentation,Sfax,Magasin,Carte bancaire,5,28.31,42,3.9,141.55
6914,2024-05-16,Électronique,Sousse,En ligne,Espèces,3,331.64,65,4.2,994.92
5932,2024-05-16,Vêtements,Kairouan,En ligne,Espèces,5,78.93,69,4.5,394.65
4537,2024-05-16,Alimentation,Sfax,En ligne,Carte bancaire,4,15.29,41,4.1,61.16
957,2024-05-16,Meubles,Kairouan,En ligne,Carte bancaire,1,325.71,65,4.1,325.71
5693,2024-05-17,Sport,Gabès,En ligne,Carte bancaire,1,70.86,23,2.9,70.86
4572,2024-05-17,Meubles,Tunis,En ligne,Carte bancaire,4,289.33,39,2.8,1157.32
7702,2024-05-17,Vêtements,Tunis,Magasin,Espèces,4,46.56,40,3.9,186.24
2568,2024-05-17,Vêtements,Sfax,Magasin,Carte bancaire,2,46.77,22,3.5,93.54
4428,2024-05-17,Jouets,Tunis,Magasin,Carte bancaire,4,53.71,38,3.8,214.84
5337,2024-05-17,Meubles,Kairouan,Magasin,Carte bancaire,1,186.8,69,3.4,186.8
6019,2024-05-17,Alimentation,Tunis,Magasin,Carte bancaire,6,17.8,26,2.8,106.8
809,2024-05-17,Alimentation,Bizerte,Magasin,Virement,5,31.86,28,4.2,159.3
2790,2024-05-17,Alimentation,Tunis,Magasin,Carte bancaire,3,14.57,63,3.9,43.71
3801,2024-05-17,Meubles,Tunis,En ligne,Virement,4,461.01,68,2.8,1844.04
2926,2024-05-17,Électronique,Nabeul,Magasin,Virement,4,643.14,29,3.0,2572.56
2482,2024-05-17,Meubles,Sousse,Magasin,Carte bancaire,1,271.85,36,4.5,271.85
7820,2024-05-17,Alimentation,Bizerte,Magasin,Paiement mobile,7,19.35,60,5.0,135.45
4378,2024-05-17,Meubles,Nabeul,En ligne,Virement,5,302.44,63,4.4,1512.2
5004,2024-05-17,Jouets,Sousse,En ligne,Carte bancaire,3,26.42,60,2.9,79.26
2242,2024-05-17,Beauté,Gabès,Magasin,Carte bancaire,6,28.98,22,2.8,173.88
4126,2024-05-17,Sport,Tunis,En ligne,Virement,1,101.35,68,2.9,101.35
4851,2024-05-17,Jouets,Bizerte,En ligne,Paiement mobile,1,35.17,43,1.6,35.17
1006,2024-05-17,Vêtements,Bizerte,En ligne,Carte bancaire,1,54.14,51,2.9,54.14
4753,2024-05-17,Électronique,Nabeul,En ligne,Virement,7,437.38,43,5.0,3061.66
3787,2024-05-17,Jouets,Kairouan,En ligne,Carte bancaire,3,49.84,20,4.6,149.52
4474,2024-05-18,Meubles,Bizerte,En ligne,Carte bancaire,2,423.19,41,4.6,846.38
5221,2024-05-18,Vêtements,Sousse,En ligne,Paiement mobile,6,45.7,60,4.7,274.2
5205,2024-05-18,Alimentation,Sousse,Magasin,Carte bancaire,5,22.76,26,4.1,113.8
3455,2024-05-18,Vêtements,Bizerte,En ligne,Carte bancaire,7,57.18,40,4.6,400.26
4653,2024-05-18,Électronique,Tunis,En ligne,Carte bancaire,6,501.64,65,3.0,3009.84
2558,2024-05-18,Sport,Kairouan,En ligne,Carte bancaire,5,119.29,66,4.7,596.45
4168,2024-05-18,Alimentation,Kairouan,En ligne,Carte bancaire,2,23.03,43,5.0,46.06
5512,2024-05-18,Vêtements,Bizerte,Magasin,Espèces,6,85.28,31,3.3,511.68
4866,2024-05-18,Alimentation,Gabès,En ligne,Carte bancaire,7,28.96,22,4.6,202.72
103,2024-05-18,Vêtements,Tunis,Magasin,Carte bancaire,4,41.75,41,4.1,167.0
3463,2024-05-18,Meubles,Kairouan,Magasin,Virement,2,263.42,20,3.2,526.84
4068,2024-05-18,Jouets,Bizerte,Magasin,Espèces,7,36.25,66,3.8,253.75
3058,2024-05-18,Sport,Nabeul,En ligne,Espèces,3,99.9,34,4.7,299.7
3696,2024-05-18,Alimentation,Gabès,En ligne,Paiement mobile,7,15.62,67,5.0,109.34
3958,2024-05-18,Alimentation,Gabès,En ligne,Paiement mobile,4,21.9,25,3.3,87.6
7226,2024-05-18,Alimentation,Bizerte,Magasin,Paiement mobile,4,16.59,36,3.6,66.36
998,2024-05-18,Alimentation,Tunis,En ligne,Paiement mobile,3,18.93,67,3.2,56.79
7137,2024-05-18,Électronique,Kairouan,Magasin,Espèces,2,346.77,29,4.9,693.54
7246,2024-05-19,Vêtements,Sousse,Magasin,Paiement mobile,7,92.79,44,3.7,649.53
1530,2024-05-19,Alimentation,Tunis,En ligne,Carte bancaire,2,16.21,65,3.5,32.42
4509,2024-05-19,Alimentation,Tunis,En ligne,Carte bancaire,2,25.52,27,3.9,51.04
4269,2024-05-19,Meubles,Sousse,Magasin,Carte bancaire,6,259.12,35,3.1,1554.72
5194,2024-05-19,Beauté,Sousse,Magasin,Paiement mobile,2,25.24,33,3.7,50.48
267,2024-05-19,Vêtements,Kairouan,En ligne,Carte bancaire,5,56.6,53,4.9,283.0
990,2024-05-19,Alimentation,Bizerte,En ligne,Virement,6,31.01,64,4.1,186.06
5300,2024-05-19,Beauté,Sousse,Magasin,Paiement mobile,2,44.77,61,2.9,89.54
6798,2024-05-19,Alimentation,Bizerte,Magasin,Carte bancaire,3,17.06,24,5.0,51.18
7018,2024-05-19,Alimentation,Nabeul,En ligne,Paiement mobile,5,15.42,63,4.3,77.1
3491,2024-05-19,Alimentation,Sousse,En ligne,Espèces,3,17.84,24,5.0,53.52
7099,2024-05-19,Jouets,Tunis,Magasin,Paiement mobile,5,27.35,65,3.2,136.75
7132,2024-05-19,Meubles,Sousse,En ligne,Carte bancaire,1,331.66,47,3.6,331.66
3734,2024-05-19,Vêtements,Sfax,Magasin,Carte bancaire,5,79.28,68,4.5,396.4
2591,2024-05-19,Vêtements,Sfax,Magasin,Paiement mobile,4,58.48,33,3.8,233.92
5960,2024-05-19,Vêtements,Sousse,En ligne,Carte bancaire,5,54.32,35,3.7,271.6
4821,2024-05-19,Sport,Tunis,Magasin,Espèces,1,125.88,33,3.7,125.88
7658,2024-05-19,Électronique,Tunis,En ligne,Carte bancaire,7,489.08,54,4.0,3423.56
5915,2024-05-20,Jouets,Sousse,En ligne,Carte bancaire,7,51.16,22,4.9,358.12
641,2024-05-20,Vêtements,Bizerte,En ligne,Carte bancaire,2,49.51,53,3.6,99.02
3979,2024-05-20,Sport,Sfax,En ligne,Espèces,1,88.82,53,4.2,88.82
6430,2024-05-20,Jouets,Tunis,Magasin,Espèces,7,37.53,30,4.3,262.71
5648,2024-05-20,Jouets,Tunis,En ligne,Carte bancaire,5,30.83,50,2.9,154.15
2418,2024-05-20,Électronique,Sousse,Magasin,Carte bancaire,1,549.32,43,4.0,549.32
6201,2024-05-20,Alimentation,Kairouan,Magasin,Carte bancaire,4,18.59,30,3.3,74.36
2407,2024-05-20,Alimentation,Nabeul,Magasin,Paiement mobile,1,28.8,37,4.2,28.8
3583,2024-05-20,Vêtements,Sousse,En ligne,Paiement mobile,3,79.51,64,4.0,238.53
4598,2024-05-20,Jouets,Sousse,En ligne,Espèces,5,49.99,64,2.6,249.95
4014,2024-05-20,Alimentation,Tunis,En ligne,Carte bancaire,6,27.24,43,4.1,163.44
608,2024-05-20,Vêtements,Tunis,En ligne,Virement,7,68.45,20,3.4,479.15
5453,2024-05-20,Électronique,Tunis,En ligne,Paiement mobile,6,374.03,42,4.2,2244.18
3238,2024-05-20,Sport,Tunis,Magasin,Carte bancaire,7,97.85,21,3.6,684.95
4200,2024-05-20,Beauté,Tunis,Magasin,Carte bancaire,5,33.48,67,4.3,167.4
3706,2024-05-20,Électronique,Sousse,Magasin,Virement,2,604.8,43,3.4,1209.6
2198,2024-05-20,Sport,Bizerte,En ligne,Carte bancaire,4,68.18,68,4.6,272.72
4553,2024-05-20,Jouets,Sousse,Magasin,Espèces,6,27.8,33,4.6,166.8
1217,2024-05-20,Jouets,Tunis,Magasin,Carte bancaire,6,29.76,29,5.0,178.56
5600,2024-05-20,Sport,Kairouan,En ligne,Virement,6,82.54,34,4.7,495.24
2159,2024-05-20,Alimentation,Tunis,En ligne,Espèces,6,29.99,38,3.0,179.94
7730,2024-05-20,Vêtements,Nabeul,En ligne,Paiement mobile,7,79.07,46,3.7,553.49
7499,2024-05-20,Électronique,Nabeul,En ligne,Carte bancaire,2,462.26,55,4.7,924.52
5399,2024-05-20,Électronique,Tunis,Magasin,Carte bancaire,1,711.28,39,3.9,711.28
4286,2024-05-20,Vêtements,Nabeul,En ligne,Carte bancaire,6,77.61,22,4.6,465.66
1136,2024-05-20,Vêtements,Sfax,En ligne,Carte bancaire,3,63.27,55,5.0,189.81
1500,2024-05-20,Alimentation,Kairouan,En ligne,Carte bancaire,4,21.8,60,3.8,87.2
3143,2024-05-21,Alimentation,Gabès,En ligne,Espèces,7,13.54,45,3.6,94.78
2074,2024-05-21,Alimentation,Sousse,Magasin,Paiement mobile,5,12.97,39,2.6,64.85
387,2024-05-21,Vêtements,Tunis,En ligne,Espèces,3,69.11,33,3.7,207.33
6342,2024-05-21,Beauté,Kairouan,En ligne,Carte bancaire,7,63.15,69,4.0,442.05
5830,2024-05-21,Sport,Bizerte,En ligne,Carte bancaire,1,63.31,31,4.5,63.31
994,2024-05-21,Sport,Nabeul,Magasin,Carte bancaire,1,81.12,27,4.2,81.12
2346,2024-05-21,Vêtements,Tunis,Magasin,Paiement mobile,4,93.6,56,2.6,374.4
3232,2024-05-21,Électronique,Sousse,Magasin,Carte bancaire,3,564.46,23,4.3,1693.38
2873,2024-05-21,Alimentation,Kairouan,En ligne,Paiement mobile,5,30.83,68,5.0,154.15
1520,2024-05-21,Électronique,Sfax,En ligne,Virement,3,686.87,43,4.2,2060.61
4908,2024-05-21,Beauté,Nabeul,Magasin,Virement,3,54.6,62,3.4,163.8
3088,2024-05-21,Vêtements,Sousse,Magasin,Carte bancaire,2,41.58,65,3.8,83.16
5272,2024-05-21,Beauté,Tunis,Magasin,Carte bancaire,7,54.22,56,4.4,379.54
3104,2024-05-21,Alimentation,Tunis,En ligne,Carte bancaire,3,26.52,44,3.7,79.56
7296,2024-05-22,Électronique,Sousse,En ligne,Espèces,4,636.13,29,3.8,2544.52
2870,2024-05-22,Alimentation,Tunis,En ligne,Carte bancaire,7,31.24,69,4.9,218.68
2938,2024-05-22,Meubles,Gabès,Magasin,Paiement mobile,1,376.02,51,3.9,376.02
2239,2024-05-22,Jouets,Sfax,En ligne,Carte bancaire,2,46.86,23,3.3,93.72
4902,2024-05-22,Jouets,Sousse,Magasin,Paiement mobile,6,30.29,18,4.6,181.74
4830,2024-05-22,Meubles,Sfax,En ligne,Carte bancaire,7,188.28,25,2.6,1317.96
2364,2024-05-22,Jouets,Tunis,En ligne,Paiement mobile,4,22.31,52,2.1,89.24
3875,2024-05-22,Jouets,Sousse,En ligne,Carte bancaire,5,48.63,52,3.5,243.15
3081,2024-05-22,Alimentation,Bizerte,En ligne,Paiement mobile,3,15.67,38,5.0,47.01
1448,2024-05-22,Beauté,Sfax,En ligne,Carte bancaire,4,30.52,23,2.9,122.08
677,2024-05-22,Alimentation,Sfax,En ligne,Virement,7,26.81,66,3.6,187.67
3312,2024-05-22,Alimentation,Gabès,Magasin,Paiement mobile,6,16.48,37,4.9,98.88
148,2024-05-22,Jouets,Bizerte,Magasin,Carte bancaire,6,22.28,67,3.7,133.68
1838,2024-05-22,Électronique,Nabeul,En ligne,Virement,2,608.23,31,4.8,1216.46
5316,2024-05-22,Alimentation,Gabès,En ligne,Virement,6,27.23,44,4.5,163.38
2109,2024-05-22,Sport,Bizerte,En ligne,Carte bancaire,7,103.91,19,5.0,727.37
7078,2024-05-22,Meubles,Gabès,Magasin,Virement,7,461.21,66,3.6,3228.47
7288,2024-05-22,Meubles,Bizerte,Magasin,Espèces,2,411.16,36,3.1,822.32
7358,2024-05-22,Alimentation,Tunis,En ligne,Carte bancaire,6,26.21,57,3.7,157.26
1065,2024-05-22,Alimentation,Nabeul,En ligne,Carte bancaire,2,19.97,53,3.9,39.94
388,2024-05-22,Alimentation,Sfax,Magasin,Virement,6,28.66,53,4.6,171.96
2113,2024-05-22,Sport,Sousse,Magasin,Carte bancaire,2,107.58,69,4.0,215.16
5174,2024-05-22,Électronique,Tunis,En ligne,Paiement mobile,6,299.92,31,4.7,1799.52
5409,2024-05-22,Électronique,Gabès,Magasin,Espèces,5,283.53,49,5.0,1417.65
6401,2024-05-22,Alimentation,Nabeul,En ligne,Carte bancaire,3,29.91,38,3.5,89.73
2673,2024-05-23,Alimentation,Sfax,Magasin,Carte bancaire,4,29.28,22,4.2,117.12
260,2024-05-23,Alimentation,Sfax,En ligne,Espèces,5,22.49,43,3.2,112.45
681,2024-05-23,Électronique,Sfax,En ligne,Espèces,1,623.44,32,4.0,623.44
2918,2024-05-23,Vêtements,Tunis,En ligne,Paiement mobile,1,45.84,45,2.3,45.84
6477,2024-05-23,Vêtements,Sfax,En ligne,Carte bancaire,5,47.49,55,3.4,237.45
578,2024-05-23,Alimentation,Nabeul,Magasin,Espèces,7,18.3,67,4.7,128.1
4634,2024-05-23,Meubles,Sousse,Magasin,Carte bancaire,4,246.78,63,3.2,987.12
584,2024-05-23,Alimentation,Sousse,Magasin,Carte bancaire,4,29.66,29,5.0,118.64
7313,2024-05-23,Beauté,Tunis,Magasin,Carte bancaire,3,55.16,65,5.0,165.48
6991,2024-05-23,Meubles,Tunis,En ligne,Paiement mobile,4,204.45,29,5.0,817.8
2323,2024-05-23,Électronique,Tunis,En ligne,Carte bancaire,7,299.67,26,4.4,2097.69
3618,2024-05-23,Vêtements,Sfax,Magasin,Espèces,3,71.19,22,5.0,213.57
2170,2024-05-23,Sport,Kairouan,En ligne,Carte bancaire,2,113.1,21,2.7,226.2
1226,2024-05-23,Électronique,Sfax,En ligne,Carte bancaire,3,424.88,30,3.6,1274.64
6491,2024-05-23,Électronique,Sfax,Magasin,Carte bancaire,7,555.67,32,4.2,3889.69
4943,2024-05-23,Meubles,Tunis,Magasin,Espèces,5,414.56,40,3.7,2072.8
5734,2024-05-23,Beauté,Sousse,En ligne,Carte bancaire,1,36.79,64,2.9,36.79
426,2024-05-23,Meubles,Bizerte,En ligne,Espèces,2,368.59,49,4.3,737.18
6131,2024-05-23,Jouets,Tunis,Magasin,Virement,2,40.5,50,3.3,81.0
233,2024-05-23,Sport,Gabès,Magasin,Paiement mobile,4,51.09,51,4.5,204.36
5581,2024-05-23,Alimentation,Sousse,Magasin,Paiement mobile,2,29.41,41,4.2,58.82
7926,2024-05-23,Sport,Nabeul,Magasin,Espèces,6,53.72,37,4.8,322.32
465,2024-05-23,Alimentation,Sousse,Magasin,Paiement mobile,1,14.82,43,2.0,14.82
5699,2024-05-23,Meubles,Tunis,Magasin,Carte bancaire,7,409.76,22,3.7,2868.32
7928,2024-05-23,Jouets,Tunis,Magasin,Virement,6,54.26,42,3.5,325.56
753,2024-05-24,Alimentation,Gabès,En ligne,Carte bancaire,3,13.57,18,2.8,40.71
5034,2024-05-24,Vêtements,Kairouan,En ligne,Carte bancaire,5,80.48,59,3.3,402.4
7168,2024-05-24,Vêtements,Sfax,Magasin,Paiement mobile,4,51.0,68,2.5,204.0
2320,2024-05-24,Sport,Sousse,En ligne,Carte bancaire,4,121.56,50,4.0,486.24
5400,2024-05-24,Alimentation,Kairouan,En ligne,Virement,2,12.79,34,3.6,25.58
1067,2024-05-24,Sport,Sousse,Magasin,Virement,7,75.64,68,3.6,529.48
5445,2024-05-24,Beauté,Bizerte,Magasin,Carte bancaire,1,40.31,22,2.5,40.31
3615,2024-05-24,Vêtements,Gabès,En ligne,Virement,5,47.79,53,3.7,238.95
6907,2024-05-24,Alimentation,Kairouan,Magasin,Carte bancaire,4,14.98,35,3.7,59.92
7486,2024-05-24,Alimentation,Gabès,Magasin,Paiement mobile,3,15.71,47,4.3,47.13
916,2024-05-24,Alimentation,Tunis,En ligne,Virement,6,27.31,40,3.7,163.86
1576,2024-05-24,Électronique,Bizerte,Magasin,Espèces,1,506.29,47,4.2,506.29
3479,2024-05-24,Vêtements,Tunis,En ligne,Carte bancaire,3,48.44,61,3.7,145.32
7697,2024-05-24,Beauté,Sousse,En ligne,Carte bancaire,4,33.91,66,3.8,135.64
1762,2024-05-24,Vêtements,Nabeul,En ligne,Carte bancaire,6,38.61,42,3.0,231.66
2061,2024-05-24,Électronique,Sfax,Magasin,Paiement mobile,1,285.45,48,3.5,285.45
7792,2024-05-24,Jouets,Tunis,En ligne,Carte bancaire,3,33.86,54,5.0,101.58
703,2024-05-24,Sport,Bizerte,Magasin,Espèces,3,83.5,39,5.0,250.5
622,2024-05-24,Meubles,Kairouan,Magasin,Carte bancaire,4,341.5,43,4.0,1366.0
4387,2024-05-24,Électronique,Sousse,Magasin,Virement,7,431.5,51,3.1,3020.5
1962,2024-05-24,Électronique,Sfax,En ligne,Carte bancaire,4,474.83,52,3.9,1899.32
7108,2024-05-24,Alimentation,Nabeul,En ligne,Carte bancaire,5,20.94,67,5.0,104.7
432,2024-05-24,Jouets,Nabeul,Magasin,Carte bancaire,1,41.13,52,3.6,41.13
7450,2024-05-24,Alimentation,Sfax,Magasin,Paiement mobile,5,31.24,34,3.1,156.2
924,2024-05-25,Beauté,Gabès,En ligne,Espèces,2,29.22,21,2.5,58.44
7619,2024-05-25,Alimentation,Sousse,Magasin,Carte bancaire,7,19.05,23,5.0,133.35
3354,2024-05-25,Électronique,Sfax,Magasin,Virement,6,405.18,49,2.8,2431.08
6350,2024-05-25,Électronique,Nabeul,Magasin,Paiement mobile,5,501.79,52,2.8,2508.95
5429,2024-05-25,Alimentation,Tunis,Magasin,Carte bancaire,6,19.9,23,3.0,119.4
3744,2024-05-25,Alimentation,Sfax,Magasin,Virement,3,16.4,20,4.0,49.2
6045,2024-05-25,Alimentation,Gabès,Magasin,Paiement mobile,2,14.59,28,4.7,29.18
1338,2024-05-25,Meubles,Gabès,En ligne,Virement,1,239.42,60,4.2,239.42
6298,2024-05-25,Électronique,Bizerte,En ligne,Carte bancaire,2,330.89,20,4.2,661.78
7584,2024-05-25,Jouets,Sousse,En ligne,Espèces,1,27.05,68,5.0,27.05
6205,2024-05-25,Meubles,Bizerte,Magasin,Paiement mobile,3,215.28,49,4.7,645.84
7666,2024-05-25,Vêtements,Nabeul,En ligne,Virement,3,56.61,54,3.4,169.83
1523,2024-05-25,Alimentation,Kairouan,En ligne,Carte bancaire,2,27.35,34,2.8,54.7
3300,2024-05-25,Sport,Nabeul,Magasin,Carte bancaire,4,69.83,53,3.0,279.32
725,2024-05-25,Électronique,Gabès,Magasin,Paiement mobile,4,353.87,26,4.7,1415.48
599,2024-05-25,Électronique,Tunis,Magasin,Espèces,4,699.88,19,3.0,2799.52
7377,2024-05-25,Alimentation,Tunis,Magasin,Espèces,2,31.64,43,3.6,63.28
6409,2024-05-25,Vêtements,Tunis,Magasin,Carte bancaire,3,42.95,59,5.0,128.85
5486,2024-05-25,Électronique,Sfax,Magasin,Espèces,6,693.89,34,2.3,4163.34
2251,2024-05-25,Vêtements,Sousse,Magasin,Paiement mobile,7,39.33,20,4.0,275.31
6699,2024-05-25,Beauté,Sfax,Magasin,Carte bancaire,2,33.32,22,3.2,66.64
2173,2024-05-25,Alimentation,Bizerte,En ligne,Carte bancaire,2,27.21,40,4.4,54.42
5642,2024-05-25,Sport,Nabeul,En ligne,Espèces,3,98.74,40,4.2,296.22
5502,2024-05-25,Jouets,Gabès,En ligne,Carte bancaire,6,42.47,50,4.1,254.82
4658,2024-05-25,Vêtements,Sousse,Magasin,Paiement mobile,1,42.56,33,3.3,42.56
2764,2024-05-25,Jouets,Tunis,En ligne,Virement,1,35.18,21,3.7,35.18
4763,2024-05-25,Électronique,Tunis,En ligne,Carte bancaire,5,346.85,56,4.2,1734.25
2422,2024-05-25,Jouets,Gabès,Magasin,Paiement mobile,5,43.47,21,4.7,217.35
6709,2024-05-25,Électronique,Bizerte,Magasin,Carte bancaire,3,329.45,31,3.1,988.35
5797,2024-05-25,Vêtements,Bizerte,En ligne,Virement,5,76.39,59,4.4,381.95
2226,2024-05-25,Jouets,Tunis,En ligne,Espèces,2,48.91,52,4.8,97.82
1878,2024-05-26,Électronique,Tunis,En ligne,Espèces,6,475.36,60,4.5,2852.16
3538,2024-05-26,Sport,Sfax,En ligne,Carte bancaire,5,71.43,25,5.0,357.15
1284,2024-05-26,Jouets,Sfax,Magasin,Espèces,3,33.46,24,5.0,100.38
3700,2024-05-26,Jouets,Nabeul,Magasin,Paiement mobile,3,37.43,43,3.6,112.29
273,2024-05-26,Électronique,Sousse,Magasin,Carte bancaire,1,297.84,23,2.8,297.84
1632,2024-05-26,Beauté,Kairouan,En ligne,Virement,5,40.07,32,4.0,200.35
493,2024-05-26,Alimentation,Bizerte,En ligne,Espèces,7,31.46,64,5.0,220.22
7862,2024-05-26,Beauté,Sousse,En ligne,Carte bancaire,1,27.83,23,4.9,27.83
6159,2024-05-26,Alimentation,Sfax,En ligne,Paiement mobile,5,16.99,32,4.5,84.95
5233,2024-05-26,Vêtements,Bizerte,Magasin,Carte bancaire,7,42.04,26,3.6,294.28
4242,2024-05-26,Alimentation,Tunis,En ligne,Virement,3,19.86,45,2.6,59.58
3109,2024-05-26,Vêtements,Sfax,En ligne,Paiement mobile,7,57.23,44,3.0,400.61
7496,2024-05-26,Jouets,Sousse,En ligne,Carte bancaire,5,43.07,43,4.2,215.35
431,2024-05-26,Vêtements,Kairouan,En ligne,Paiement mobile,7,79.45,21,2.4,556.15
4585,2024-05-26,Vêtements,Bizerte,Magasin,Espèces,7,95.67,44,3.7,669.69
6793,2024-05-26,Électronique,Gabès,Magasin,Paiement mobile,3,668.06,51,4.7,2004.18
3305,2024-05-26,Jouets,Bizerte,En ligne,Carte bancaire,7,38.41,53,3.5,268.87
3271,2024-05-26,Électronique,Tunis,En ligne,Paiement mobile,5,579.7,18,5.0,2898.5
1746,2024-05-26,Meubles,Kairouan,Magasin,Paiement mobile,3,215.07,38,4.3,645.21
4091,2024-05-26,Vêtements,Sfax,Magasin,Carte bancaire,4,92.74,63,5.0,370.96
4651,2024-05-26,Électronique,Sousse,Magasin,Paiement mobile,5,510.58,19,4.2,2552.9
5682,2024-05-26,Électronique,Bizerte,Magasin,Carte bancaire,2,440.96,49,4.5,881.92
3502,2024-05-26,Vêtements,Bizerte,Magasin,Espèces,5,42.11,39,2.1,210.55
2072,2024-05-26,Alimentation,Sfax,En ligne,Espèces,7,27.11,60,4.3,189.77
671,2024-05-26,Meubles,Nabeul,En ligne,Paiement mobile,5,216.99,53,5.0,1084.95
325,2024-05-26,Vêtements,Sfax,Magasin,Carte bancaire,4,41.98,33,3.1,167.92
3482,2024-05-26,Alimentation,Tunis,En ligne,Paiement mobile,5,13.02,40,3.4,65.1
244,2024-05-26,Alimentation,Sfax,Magasin,Carte bancaire,6,19.72,67,2.8,118.32
3191,2024-05-26,Vêtements,Sfax,En ligne,Carte bancaire,5,82.14,25,5.0,410.7
6240,2024-05-26,Vêtements,Sousse,En ligne,Carte bancaire,1,89.6,38,5.0,89.6
245,2024-05-27,Beauté,Bizerte,En ligne,Espèces,1,30.4,39,4.8,30.4
2869,2024-05-27,Électronique,Tunis,En ligne,Espèces,4,453.12,50,3.8,1812.48
6227,2024-05-27,Électronique,Gabès,En ligne,Virement,4,342.69,39,2.6,1370.76
2553,2024-05-27,Alimentation,Tunis,Magasin,Carte bancaire,5,16.62,46,3.7,83.1
3386,2024-05-27,Électronique,Sousse,En ligne,Espèces,2,441.15,35,4.5,882.3
1122,2024-05-27,Électronique,Gabès,En ligne,Paiement mobile,2,566.57,38,3.6,1133.14
6996,2024-05-27,Électronique,Nabeul,Magasin,Espèces,3,457.65,42,3.2,1372.95
4247,2024-05-27,Alimentation,Sousse,Magasin,Carte bancaire,3,26.33,63,5.0,78.99
1399,2024-05-27,Vêtements,Sousse,En ligne,Carte bancaire,1,80.57,35,4.4,80.57
7608,2024-05-27,Vêtements,Tunis,En ligne,Carte bancaire,6,73.73,36,4.3,442.38
5814,2024-05-27,Sport,Tunis,Magasin,Paiement mobile,6,75.85,35,4.1,455.1
1549,2024-05-27,Sport,Tunis,En ligne,Carte bancaire,1,66.25,30,3.3,66.25
646,2024-05-27,Jouets,Tunis,Magasin,Carte bancaire,1,35.98,62,4.0,35.98
6644,2024-05-27,Beauté,Sfax,Magasin,Carte bancaire,6,34.83,46,4.1,208.98
2777,2024-05-27,Électronique,Sfax,Magasin,Espèces,4,646.38,23,4.4,2585.52
6328,2024-05-27,Alimentation,Nabeul,En ligne,Carte bancaire,7,17.91,32,2.9,125.37
4337,2024-05-27,Beauté,Kairouan,Magasin,Virement,5,38.7,37,3.8,193.5
241,2024-05-27,Vêtements,Sfax,En ligne,Carte bancaire,3,38.89,65,3.2,116.67
5661,2024-05-27,Jouets,Bizerte,En ligne,Carte bancaire,1,21.92,56,4.0,21.92
1819,2024-05-27,Alimentation,Nabeul,Magasin,Carte bancaire,7,22.53,34,3.1,157.71
7844,2024-05-27,Beauté,Bizerte,En ligne,Carte bancaire,4,40.57,44,3.8,162.28
5635,2024-05-27,Vêtements,Sousse,Magasin,Carte bancaire,4,50.1,47,4.9,200.4
4935,2024-05-27,Alimentation,Tunis,Magasin,Carte bancaire,1,21.33,48,3.5,21.33
5056,2024-05-27,Vêtements,Sfax,En ligne,Espèces,4,41.49,62,3.8,165.96
3655,2024-05-27,Vêtements,Bizerte,En ligne,Paiement mobile,6,59.7,50,4.8,358.2
3070,2024-05-27,Sport,Sousse,En ligne,Carte bancaire,1,62.66,36,5.0,62.66
1207,2024-05-27,Sport,Bizerte,Magasin,Paiement mobile,2,73.45,36,5.0,146.9
2236,2024-05-28,Sport,Gabès,Magasin,Carte bancaire,2,92.97,53,4.8,185.94
7027,2024-05-28,Alimentation,Tunis,Magasin,Carte bancaire,4,21.42,55,3.0,85.68
4874,2024-05-28,Sport,Gabès,En ligne,Carte bancaire,4,48.37,62,4.3,193.48
663,2024-05-28,Vêtements,Tunis,En ligne,Carte bancaire,1,78.84,59,4.7,78.84
7936,2024-05-28,Sport,Gabès,En ligne,Paiement mobile,5,97.16,26,5.0,485.8
3773,2024-05-28,Alimentation,Sousse,En ligne,Carte bancaire,3,26.14,21,3.6,78.42
5310,2024-05-28,Vêtements,Bizerte,En ligne,Virement,7,49.66,21,4.7,347.62
4157,2024-05-28,Électronique,Sousse,En ligne,Espèces,4,636.13,33,4.7,2544.52
5169,2024-05-28,Jouets,Sfax,Magasin,Carte bancaire,5,27.11,54,3.0,135.55
4070,2024-05-28,Électronique,Sfax,En ligne,Carte bancaire,6,423.13,24,4.9,2538.78
2589,2024-05-28,Alimentation,Gabès,En ligne,Carte bancaire,4,27.69,29,5.0,110.76
1377,2024-05-28,Vêtements,Bizerte,Magasin,Carte bancaire,6,76.64,58,3.4,459.84
5822,2024-05-28,Beauté,Sfax,En ligne,Carte bancaire,4,53.14,37,3.7,212.56
2481,2024-05-28,Vêtements,Tunis,En ligne,Paiement mobile,5,77.15,59,5.0,385.75
2285,2024-05-28,Électronique,Bizerte,Magasin,Carte bancaire,5,604.0,65,5.0,3020.0
1440,2024-05-28,Vêtements,Sousse,En ligne,Paiement mobile,7,44.21,37,4.8,309.47
6924,2024-05-28,Électronique,Tunis,En ligne,Carte bancaire,2,476.9,51,4.2,953.8
7090,2024-05-28,Alimentation,Sfax,Magasin,Carte bancaire,6,30.03,37,4.9,180.18
7152,2024-05-28,Sport,Kairouan,Magasin,Espèces,2,86.79,21,4.2,173.58
1168,2024-05-28,Jouets,Tunis,En ligne,Carte bancaire,4,48.8,19,5.0,195.2
5329,2024-05-28,Alimentation,Tunis,En ligne,Virement,6,16.94,21,3.8,101.64
3171,2024-05-28,Alimentation,Bizerte,En ligne,Paiement mobile,3,13.56,63,5.0,40.68
2442,2024-05-28,Alimentation,Tunis,En ligne,Carte bancaire,5,17.76,51,3.3,88.8
5224,2024-05-28,Beauté,Nabeul,Magasin,Carte bancaire,5,50.78,68,2.9,253.9
3493,2024-05-28,Électronique,Gabès,Magasin,Virement,7,283.53,68,1.8,1984.71
2625,2024-05-28,Électronique,Tunis,En ligne,Paiement mobile,5,547.31,66,3.2,2736.55
2626,2024-05-28,Vêtements,Bizerte,En ligne,Espèces,4,90.46,49,4.3,361.84
2338,2024-05-28,Meubles,Sousse,En ligne,Espèces,1,426.82,40,4.7,426.82
7408,2024-05-29,Jouets,Kairouan,Magasin,Carte bancaire,2,45.72,32,2.8,91.44
1199,2024-05-29,Meubles,Bizerte,Magasin,Paiement mobile,7,447.8,50,3.5,3134.6
4473,2024-05-29,Électronique,Sousse,Magasin,Carte bancaire,1,544.91,62,4.7,544.91
7645,2024-05-29,Alimentation,Sfax,En ligne,Paiement mobile,7,18.46,37,4.0,129.22
4542,2024-05-29,Beauté,Gabès,En ligne,Carte bancaire,6,41.24,36,3.6,247.44
17,2024-05-29,Vêtements,Bizerte,Magasin,Espèces,1,90.0,67,4.2,90.0
2638,2024-05-29,Électronique,Sousse,Magasin,Carte bancaire,6,616.69,27,3.1,3700.14
4565,2024-05-29,Vêtements,Gabès,En ligne,Carte bancaire,7,44.74,45,3.9,313.18
3054,2024-05-29,Vêtements,Bizerte,En ligne,Espèces,7,66.14,63,3.4,462.98
4363,2024-05-29,Alimentation,Nabeul,En ligne,Carte bancaire,7,17.91,35,4.4,125.37
5521,2024-05-29,Vêtements,Tunis,En ligne,Paiement mobile,2,63.56,40,3.3,127.12
1892,2024-05-29,Vêtements,Tunis,Magasin,Espèces,7,78.33,25,5.0,548.31
4934,2024-05-29,Sport,Sousse,En ligne,Carte bancaire,2,52.83,33,4.1,105.66
6139,2024-05-29,Alimentation,Tunis,En ligne,Carte bancaire,5,23.93,29,4.4,119.65
5803,2024-05-29,Alimentation,Tunis,En ligne,Virement,2,29.32,62,5.0,58.64
2237,2024-05-29,Vêtements,Sousse,Magasin,Carte bancaire,5,71.56,25,3.5,357.8
6276,2024-05-29,Jouets,Sfax,Magasin,Carte bancaire,4,27.09,43,4.5,108.36
3119,2024-05-29,Alimentation,Sfax,Magasin,Carte bancaire,2,31.41,64,3.9,62.82
6800,2024-05-29,Alimentation,Sfax,En ligne,Virement,6,29.29,57,4.1,175.74
944,2024-05-29,Sport,Sfax,En ligne,Carte bancaire,5,62.93,42,4.8,314.65
401,2024-05-29,Vêtements,Nabeul,En ligne,Carte bancaire,7,69.73,44,4.5,488.11
2307,2024-05-29,Vêtements,Tunis,Magasin,Carte bancaire,7,61.56,53,3.6,430.92
2632,2024-05-30,Sport,Tunis,Magasin,Paiement mobile,4,126.34,53,3.0,505.36
7275,2024-05-30,Alimentation,Kairouan,En ligne,Carte bancaire,4,30.89,63,2.6,123.56
4249,2024-05-30,Beauté,Sfax,Magasin,Carte bancaire,1,27.53,51,2.9,27.53
4409,2024-05-30,Jouets,Bizerte,En ligne,Paiement mobile,2,53.22,52,4.5,106.44
2348,2024-05-30,Beauté,Gabès,Magasin,Virement,5,53.01,61,5.0,265.05
583,2024-05-30,Alimentation,Sfax,En ligne,Carte bancaire,5,28.75,40,4.3,143.75
5493,2024-05-30,Électronique,Bizerte,Magasin,Virement,6,517.21,26,4.0,3103.26
5818,2024-05-30,Sport,Nabeul,Magasin,Espèces,6,50.58,19,4.8,303.48
365,2024-05-30,Vêtements,Sfax,Magasin,Virement,6,77.45,63,4.9,464.7
7305,2024-05-30,Alimentation,Tunis,En ligne,Espèces,1,17.64,35,4.5,17.64
6252,2024-05-30,Jouets,Bizerte,Magasin,Virement,6,32.82,68,2.4,196.92
255,2024-05-30,Alimentation,Sfax,Magasin,Virement,1,26.2,33,4.0,26.2
825,2024-05-30,Jouets,Tunis,En ligne,Carte bancaire,2,51.85,56,2.4,103.7
5618,2024-05-30,Meubles,Kairouan,Magasin,Virement,1,249.29,28,2.7,249.29
5333,2024-05-30,Alimentation,Sousse,Magasin,Virement,1,31.31,63,5.0,31.31
2430,2024-05-30,Alimentation,Tunis,Magasin,Carte bancaire,5,17.78,31,4.4,88.9
7446,2024-05-30,Alimentation,Sousse,En ligne,Espèces,5,22.22,31,3.0,111.1
6446,2024-05-30,Électronique,Kairouan,En ligne,Espèces,4,621.96,59,3.4,2487.84
6581,2024-05-30,Meubles,Tunis,Magasin,Carte bancaire,1,412.07,18,3.5,412.07
1282,2024-05-30,Alimentation,Gabès,Magasin,Carte bancaire,1,28.67,34,4.5,28.67
2039,2024-05-30,Alimentation,Sfax,Magasin,Carte bancaire,5,17.82,68,4.3,89.1
7311,2024-05-30,Alimentation,Sousse,En ligne,Paiement mobile,2,30.19,36,5.0,60.38
6290,2024-05-30,Vêtements,Sfax,Magasin,Carte bancaire,1,42.61,50,3.7,42.61
6844,2024-05-30,Alimentation,Tunis,En ligne,Virement,4,30.0,30,3.6,120.0
549,2024-05-30,Vêtements,Sfax,Magasin,Paiement mobile,6,50.22,68,5.0,301.32
955,2024-05-31,Vêtements,Sousse,Magasin,Espèces,1,67.33,59,2.9,67.33
2833,2024-05-31,Électronique,Gabès,En ligne,Paiement mobile,4,497.16,69,4.2,1988.64
190,2024-05-31,Vêtements,Tunis,En ligne,Paiement mobile,4,79.64,65,3.3,318.56
277,2024-05-31,Électronique,Kairouan,Magasin,Carte bancaire,4,364.72,44,3.1,1458.88
6081,2024-05-31,Vêtements,Bizerte,Magasin,Carte bancaire,4,61.34,40,2.4,245.36
15,2024-05-31,Alimentation,Sfax,En ligne,Paiement mobile,2,27.16,53,5.0,54.32
505,2024-05-31,Alimentation,Gabès,En ligne,Carte bancaire,7,26.0,22,2.8,182.0
2749,2024-05-31,Vêtements,Bizerte,En ligne,Carte bancaire,1,54.16,68,4.6,54.16
7716,2024-05-31,Alimentation,Kairouan,En ligne,Carte bancaire,2,17.39,69,4.2,34.78
548,2024-05-31,Alimentation,Tunis,En ligne,Espèces,3,31.55,42,4.2,94.65
1391,2024-05-31,Meubles,Bizerte,En ligne,Carte bancaire,6,199.77,29,3.8,1198.62
2894,2024-05-31,Électronique,Nabeul,En ligne,Virement,2,416.0,54,3.5,832.0
2211,2024-05-31,Vêtements,Nabeul,Magasin,Carte bancaire,6,94.43,52,3.7,566.58
2219,2024-05-31,Meubles,Gabès,Magasin,Paiement mobile,6,429.09,32,3.8,2574.54
6926,2024-05-31,Électronique,Sousse,En ligne,Virement,5,332.68,61,4.5,1663.4
6348,2024-05-31,Jouets,Sfax,Magasin,Carte bancaire,6,28.45,65,4.3,170.7
1475,2024-05-31,Jouets,Tunis,En ligne,Paiement mobile,2,46.98,39,4.4,93.96
1190,2024-05-31,Vêtements,Gabès,Magasin,Carte bancaire,3,77.0,50,3.1,231.0
3471,2024-05-31,Jouets,Sfax,Magasin,Virement,7,45.68,43,3.3,319.76
4587,2024-05-31,Alimentation,Sousse,Magasin,Virement,1,15.75,54,4.8,15.75
1916,2024-05-31,Beauté,Sfax,En ligne,Paiement mobile,4,26.9,57,5.0,107.6
2550,2024-05-31,Jouets,Nabeul,Magasin,Carte bancaire,7,27.18,62,4.4,190.26
6516,2024-05-31,Électronique,Nabeul,Magasin,Carte bancaire,6,611.53,20,3.7,3669.18
7581,2024-05-31,Meubles,Bizerte,Magasin,Espèces,5,319.81,26,3.8,1599.05
5285,2024-05-31,Électronique,Sfax,En ligne,Carte bancaire,5,680.68,56,2.5,3403.4
3561,2024-05-31,Vêtements,Bizerte,Magasin,Carte bancaire,4,36.12,69,4.4,144.48
1066,2024-06-01,Sport,Bizerte,Magasin,Paiement mobile,5,126.59,66,4.1,632.95
4861,2024-06-01,Vêtements,Bizerte,Magasin,Espèces,2,95.96,21,2.8,191.92
396,2024-06-01,Vêtements,Bizerte,Magasin,Paiement mobile,4,51.92,22,4.1,207.68
3219,2024-06-01,Sport,Tunis,Magasin,Virement,7,92.87,51,3.1,650.09
7537,2024-06-01,Vêtements,Sousse,En ligne,Paiement mobile,5,94.42,65,4.4,472.1
4175,2024-06-01,Électronique,Nabeul,En ligne,Carte bancaire,5,439.28,60,4.4,2196.4
4514,2024-06-01,Sport,Tunis,En ligne,Carte bancaire,5,95.19,52,5.0,475.95
1777,2024-06-01,Vêtements,Gabès,Magasin,Carte bancaire,5,88.82,62,5.0,444.1
3290,2024-06-01,Vêtements,Sousse,En ligne,Espèces,5,82.03,46,3.7,410.15
1347,2024-06-01,Alimentation,Gabès,En ligne,Carte bancaire,4,15.96,19,3.2,63.84
4520,2024-06-01,Sport,Kairouan,En ligne,Paiement mobile,4,82.37,23,5.0,329.48
1543,2024-06-01,Alimentation,Tunis,Magasin,Espèces,3,19.04,38,4.4,57.12
290,2024-06-01,Jouets,Gabès,En ligne,Espèces,4,47.0,45,4.4,188.0
6459,2024-06-01,Sport,Tunis,En ligne,Carte bancaire,6,126.29,46,4.4,757.74
2606,2024-06-01,Alimentation,Sfax,En ligne,Virement,3,24.67,52,4.1,74.01
2133,2024-06-01,Alimentation,Nabeul,En ligne,Virement,5,18.82,30,5.0,94.1
1525,2024-06-01,Vêtements,Tunis,Magasin,Carte bancaire,5,69.58,46,5.0,347.9
3834,2024-06-01,Alimentation,Nabeul,Magasin,Carte bancaire,3,13.77,21,4.2,41.31
6357,2024-06-01,Sport,Tunis,En ligne,Espèces,5,79.37,33,4.3,396.85
3503,2024-06-02,Vêtements,Gabès,En ligne,Espèces,2,79.74,48,5.0,159.48
3682,2024-06-02,Électronique,Bizerte,Magasin,Carte bancaire,6,350.03,40,3.4,2100.18
6193,2024-06-02,Beauté,Tunis,Magasin,Carte bancaire,1,61.96,22,4.1,61.96
7965,2024-06-02,Électronique,Gabès,Magasin,Paiement mobile,2,504.82,28,2.8,1009.64
2214,2024-06-02,Vêtements,Tunis,Magasin,Espèces,5,38.84,66,3.4,194.2
5958,2024-06-02,Jouets,Gabès,En ligne,Paiement mobile,7,54.14,62,4.1,378.98
4330,2024-06-02,Meubles,Gabès,En ligne,Carte bancaire,3,225.79,34,4.6,677.37
3408,2024-06-02,Jouets,Nabeul,En ligne,Virement,7,21.84,66,3.6,152.88
5940,2024-06-02,Jouets,Tunis,En ligne,Paiement mobile,4,30.27,32,3.8,121.08
1200,2024-06-02,Électronique,Sfax,Magasin,Carte bancaire,5,495.98,67,4.9,2479.9
464,2024-06-02,Jouets,Tunis,Magasin,Espèces,1,27.14,49,4.4,27.14
4358,2024-06-02,Alimentation,Sousse,En ligne,Virement,2,22.73,64,5.0,45.46
6398,2024-06-02,Sport,Sousse,En ligne,Paiement mobile,1,127.58,69,3.6,127.58
1330,2024-06-02,Alimentation,Tunis,Magasin,Espèces,6,28.83,35,3.4,172.98
2360,2024-06-02,Alimentation,Sfax,En ligne,Espèces,6,20.25,65,3.2,121.5
4051,2024-06-02,Beauté,Tunis,En ligne,Carte bancaire,6,30.11,65,5.0,180.66
891,2024-06-02,Meubles,Sousse,Magasin,Paiement mobile,3,337.63,55,3.9,1012.89
767,2024-06-02,Électronique,Gabès,Magasin,Carte bancaire,3,399.36,51,4.9,1198.08
6956,2024-06-02,Électronique,Kairouan,En ligne,Carte bancaire,3,430.67,38,4.1,1292.01
6955,2024-06-02,Électronique,Tunis,En ligne,Paiement mobile,6,629.02,49,4.4,3774.12
6973,2024-06-02,Alimentation,Sfax,En ligne,Paiement mobile,3,30.29,66,3.2,90.87
2872,2024-06-02,Alimentation,Tunis,En ligne,Espèces,1,23.06,19,3.5,23.06
6835,2024-06-02,Vêtements,Tunis,Magasin,Virement,3,91.63,32,3.0,274.89
2935,2024-06-02,Vêtements,Sfax,Magasin,Carte bancaire,3,74.38,57,3.7,223.14
3116,2024-06-02,Sport,Tunis,Magasin,Espèces,5,64.41,65,4.5,322.05
1174,2024-06-02,Beauté,Tunis,Magasin,Virement,7,35.88,48,4.0,251.16
2715,2024-06-02,Électronique,Kairouan,En ligne,Paiement mobile,3,271.55,45,3.9,814.65
1405,2024-06-02,Alimentation,Bizerte,En ligne,Espèces,5,12.26,62,4.7,61.3
4079,2024-06-02,Sport,Bizerte,En ligne,Carte bancaire,5,80.12,64,4.7,400.6
3965,2024-06-02,Alimentation,Sousse,Magasin,Paiement mobile,6,28.36,32,4.6,170.16
7088,2024-06-02,Jouets,Sfax,En ligne,Paiement mobile,5,43.9,69,4.4,219.5
7859,2024-06-02,Vêtements,Sfax,En ligne,Espèces,4,44.61,42,5.0,178.44
3023,2024-06-02,Électronique,Tunis,Magasin,Carte bancaire,3,608.7,68,3.4,1826.1
7002,2024-06-02,Beauté,Sfax,En ligne,Paiement mobile,7,30.89,62,4.9,216.23
1830,2024-06-02,Vêtements,Kairouan,Magasin,Carte bancaire,3,36.43,18,2.9,109.29
2132,2024-06-02,Sport,Bizerte,En ligne,Carte bancaire,6,111.13,58,4.5,666.78
7938,2024-06-03,Électronique,Sousse,En ligne,Espèces,3,672.89,20,4.9,2018.67
1673,2024-06-03,Vêtements,Tunis,Magasin,Paiement mobile,2,56.5,48,4.7,113.0
6505,2024-06-03,Alimentation,Sfax,En ligne,Paiement mobile,1,30.23,39,5.0,30.23
4885,2024-06-03,Jouets,Bizerte,Magasin,Paiement mobile,7,32.04,48,3.3,224.28
4021,2024-06-03,Électronique,Tunis,Magasin,Carte bancaire,7,535.47,30,4.3,3748.29
4949,2024-06-03,Vêtements,Gabès,En ligne,Espèces,3,59.24,64,3.5,177.72
3329,2024-06-03,Meubles,Nabeul,Magasin,Virement,6,367.51,38,3.6,2205.06
6881,2024-06-03,Vêtements,Tunis,En ligne,Carte bancaire,1,59.22,57,5.0,59.22
3409,2024-06-03,Jouets,Kairouan,Magasin,Carte bancaire,1,53.36,62,3.6,53.36
5197,2024-06-03,Sport,Sfax,Magasin,Carte bancaire,2,102.01,37,4.3,204.02
4011,2024-06-03,Électronique,Tunis,En ligne,Carte bancaire,5,512.11,46,3.5,2560.55
6948,2024-06-03,Alimentation,Nabeul,En ligne,Carte bancaire,2,30.47,61,2.5,60.94
2469,2024-06-03,Électronique,Tunis,En ligne,Carte bancaire,5,371.99,34,4.2,1859.95
6211,2024-06-03,Meubles,Bizerte,Magasin,Paiement mobile,5,390.93,60,2.3,1954.65
367,2024-06-03,Électronique,Sousse,Magasin,Virement,5,349.54,68,3.8,1747.7
7731,2024-06-03,Sport,Sfax,En ligne,Virement,3,70.53,44,2.3,211.59
7070,2024-06-03,Alimentation,Tunis,Magasin,Carte bancaire,7,24.09,53,4.2,168.63
1649,2024-06-03,Meubles,Kairouan,En ligne,Carte bancaire,5,443.02,40,4.8,2215.1
6095,2024-06-03,Jouets,Gabès,Magasin,Carte bancaire,2,55.42,69,3.8,110.84
836,2024-06-03,Électronique,Tunis,En ligne,Espèces,4,429.96,58,4.6,1719.84
5152,2024-06-04,Électronique,Sfax,En ligne,Carte bancaire,7,598.67,65,2.5,4190.69
6046,2024-06-04,Alimentation,Bizerte,Magasin,Carte bancaire,5,23.55,53,4.1,117.75
2001,2024-06-04,Vêtements,Kairouan,En ligne,Carte bancaire,4,38.52,65,5.0,154.08
3364,2024-06-04,Vêtements,Kairouan,En ligne,Paiement mobile,5,88.22,28,3.6,441.1
7834,2024-06-04,Alimentation,Sousse,Magasin,Espèces,1,31.07,59,4.8,31.07
4775,2024-06-04,Vêtements,Gabès,Magasin,Carte bancaire,2,56.22,49,2.2,112.44
3379,2024-06-04,Électronique,Gabès,En ligne,Carte bancaire,6,623.08,43,2.9,3738.48
2444,2024-06-04,Électronique,Tunis,En ligne,Carte bancaire,7,507.54,65,3.6,3552.78
7447,2024-06-04,Sport,Sousse,En ligne,Virement,4,119.81,45,3.9,479.24
687,2024-06-04,Meubles,Gabès,Magasin,Virement,7,474.78,36,3.9,3323.46
3818,2024-06-04,Électronique,Tunis,Magasin,Carte bancaire,3,668.51,38,3.9,2005.53
3040,2024-06-04,Électronique,Sousse,Magasin,Paiement mobile,1,357.97,55,4.2,357.97
3695,2024-06-04,Alimentation,Tunis,Magasin,Espèces,5,24.84,40,5.0,124.2
3067,2024-06-04,Jouets,Sfax,En ligne,Carte bancaire,2,29.14,53,4.1,58.28
3945,2024-06-04,Sport,Sousse,En ligne,Virement,1,115.9,50,3.6,115.9
4920,2024-06-04,Vêtements,Bizerte,En ligne,Virement,4,52.67,62,2.8,210.68
5789,2024-06-04,Meubles,Sfax,En ligne,Carte bancaire,1,296.17,55,5.0,296.17
2167,2024-06-04,Alimentation,Sousse,En ligne,Virement,6,25.0,50,2.4,150.0
7266,2024-06-04,Meubles,Sfax,En ligne,Carte bancaire,1,211.04,28,4.8,211.04
7520,2024-06-04,Vêtements,Sfax,En ligne,Paiement mobile,3,91.92,24,3.5,275.76
5230,2024-06-04,Alimentation,Tunis,En ligne,Carte bancaire,1,27.44,57,4.4,27.44
4637,2024-06-04,Sport,Tunis,En ligne,Carte bancaire,6,58.62,34,4.5,351.72
1201,2024-06-04,Alimentation,Gabès,Magasin,Paiement mobile,5,24.92,45,4.9,124.6
3999,2024-06-04,Meubles,Tunis,En ligne,Espèces,7,251.18,58,3.2,1758.26
3860,2024-06-05,Vêtements,Sousse,Magasin,Carte bancaire,4,72.61,62,3.8,290.44
3694,2024-06-05,Alimentation,Tunis,Magasin,Carte bancaire,5,21.87,43,3.2,109.35
4305,2024-06-05,Beauté,Sfax,En ligne,Carte bancaire,6,25.25,60,2.3,151.5
6447,2024-06-05,Électronique,Tunis,Magasin,Virement,3,556.15,55,5.0,1668.45
2049,2024-06-05,Meubles,Sfax,Magasin,Espèces,1,317.63,52,5.0,317.63
4333,2024-06-05,Meubles,Kairouan,Magasin,Paiement mobile,1,276.25,27,4.6,276.25
3200,2024-06-05,Alimentation,Nabeul,En ligne,Carte bancaire,6,20.43,27,3.6,122.58
6993,2024-06-05,Vêtements,Kairouan,En ligne,Carte bancaire,3,55.8,27,3.9,167.4
6938,2024-06-05,Électronique,Bizerte,En ligne,Carte bancaire,4,345.07,46,4.6,1380.28
3388,2024-06-05,Alimentation,Sfax,Magasin,Carte bancaire,6,27.2,67,5.0,163.2
6661,2024-06-05,Électronique,Bizerte,En ligne,Carte bancaire,1,670.04,18,4.6,670.04
1105,2024-06-05,Électronique,Tunis,Magasin,Carte bancaire,5,393.69,58,5.0,1968.45
92,2024-06-05,Alimentation,Kairouan,En ligne,Paiement mobile,2,20.99,24,4.4,41.98
6542,2024-06-05,Sport,Sousse,En ligne,Carte bancaire,5,109.57,33,4.7,547.85
2165,2024-06-05,Meubles,Tunis,En ligne,Carte bancaire,7,241.58,29,4.3,1691.06
1080,2024-06-05,Meubles,Sousse,Magasin,Paiement mobile,1,273.43,42,4.3,273.43
1108,2024-06-05,Électronique,Kairouan,Magasin,Carte bancaire,3,525.7,19,4.3,1577.1
1083,2024-06-05,Sport,Tunis,En ligne,Carte bancaire,1,63.05,19,4.8,63.05
1729,2024-06-05,Alimentation,Bizerte,En ligne,Paiement mobile,3,23.69,24,5.0,71.07
6864,2024-06-06,Meubles,Kairouan,Magasin,Virement,5,472.53,19,4.3,2362.65
1310,2024-06-06,Alimentation,Gabès,En ligne,Carte bancaire,6,15.17,18,3.9,91.02
2741,2024-06-06,Alimentation,Bizerte,Magasin,Paiement mobile,1,31.31,65,4.5,31.31
6748,2024-06-06,Vêtements,Kairouan,Magasin,Espèces,4,93.16,36,4.3,372.64
3007,2024-06-06,Électronique,Sfax,Magasin,Paiement mobile,3,645.94,48,4.0,1937.82
333,2024-06-06,Électronique,Tunis,En ligne,Carte bancaire,4,329.66,47,4.1,1318.64
3638,2024-06-06,Alimentation,Bizerte,En ligne,Carte bancaire,5,21.33,68,3.5,106.65
3164,2024-06-06,Alimentation,Bizerte,En ligne,Espèces,5,26.18,66,2.7,130.9
2376,2024-06-06,Meubles,Nabeul,Magasin,Espèces,3,468.02,22,4.7,1404.06
3294,2024-06-06,Alimentation,Tunis,En ligne,Carte bancaire,1,31.26,30,4.5,31.26
7574,2024-06-06,Vêtements,Bizerte,En ligne,Paiement mobile,3,75.55,50,3.3,226.65
6060,2024-06-06,Vêtements,Sfax,Magasin,Espèces,4,80.98,61,2.8,323.92
2172,2024-06-06,Vêtements,Gabès,Magasin,Carte bancaire,5,71.22,64,4.0,356.1
1661,2024-06-06,Beauté,Tunis,En ligne,Carte bancaire,2,53.55,41,3.1,107.1
2378,2024-06-06,Jouets,Sousse,Magasin,Espèces,4,36.01,40,3.5,144.04
1521,2024-06-06,Beauté,Tunis,Magasin,Espèces,2,27.4,52,4.2,54.8
310,2024-06-06,Électronique,Gabès,Magasin,Paiement mobile,4,470.72,26,3.8,1882.88
6296,2024-06-06,Meubles,Nabeul,En ligne,Virement,4,312.14,30,3.9,1248.56
7638,2024-06-06,Meubles,Sousse,En ligne,Carte bancaire,2,280.87,43,4.2,561.74
2316,2024-06-06,Électronique,Tunis,Magasin,Espèces,5,532.9,60,4.2,2664.5
1222,2024-06-06,Vêtements,Tunis,Magasin,Carte bancaire,7,60.79,32,4.0,425.53
5309,2024-06-06,Beauté,Gabès,Magasin,Espèces,2,36.58,40,3.7,73.16
430,2024-06-06,Alimentation,Gabès,Magasin,Paiement mobile,7,17.0,46,3.9,119.0
1474,2024-06-07,Électronique,Sfax,En ligne,Espèces,1,590.31,66,4.2,590.31
7891,2024-06-07,Jouets,Tunis,Magasin,Virement,7,52.09,54,5.0,364.63
4707,2024-06-07,Électronique,Bizerte,En ligne,Virement,7,492.95,62,4.5,3450.65
5475,2024-06-07,Alimentation,Sousse,Magasin,Espèces,6,17.95,61,3.3,107.7
5781,2024-06-07,Sport,Kairouan,En ligne,Virement,2,77.1,67,3.4,154.2
2185,2024-06-07,Alimentation,Sfax,En ligne,Paiement mobile,2,13.35,23,3.0,26.7
2743,2024-06-07,Vêtements,Sfax,En ligne,Carte bancaire,2,90.52,28,5.0,181.04
7646,2024-06-07,Meubles,Sfax,En ligne,Carte bancaire,1,266.26,21,4.2,266.26
3903,2024-06-07,Alimentation,Sfax,En ligne,Carte bancaire,3,28.59,50,4.6,85.77
5683,2024-06-07,Alimentation,Sousse,Magasin,Virement,1,14.68,69,3.7,14.68
1909,2024-06-07,Vêtements,Sfax,En ligne,Virement,2,91.73,44,5.0,183.46
2092,2024-06-07,Électronique,Tunis,Magasin,Paiement mobile,1,646.57,57,4.1,646.57
7979,2024-06-07,Sport,Tunis,En ligne,Paiement mobile,7,97.58,60,3.3,683.06
7319,2024-06-07,Meubles,Nabeul,Magasin,Carte bancaire,3,381.64,62,4.3,1144.92
1098,2024-06-07,Alimentation,Nabeul,En ligne,Carte bancaire,1,29.45,68,3.8,29.45
5762,2024-06-08,Alimentation,Bizerte,Magasin,Espèces,5,30.23,25,4.3,151.15
153,2024-06-08,Alimentation,Gabès,En ligne,Espèces,4,20.64,43,3.9,82.56
838,2024-06-08,Vêtements,Sfax,En ligne,Virement,4,50.67,25,4.6,202.68
1659,2024-06-08,Électronique,Tunis,Magasin,Paiement mobile,6,395.53,30,4.0,2373.18
192,2024-06-08,Vêtements,Tunis,En ligne,Paiement mobile,6,43.5,31,4.0,261.0
2492,2024-06-08,Vêtements,Nabeul,En ligne,Espèces,1,94.68,21,2.4,94.68
2284,2024-06-08,Sport,Kairouan,En ligne,Espèces,1,104.34,63,3.8,104.34
2866,2024-06-08,Alimentation,Bizerte,Magasin,Virement,3,12.75,31,5.0,38.25
2240,2024-06-08,Alimentation,Sousse,En ligne,Carte bancaire,4,26.74,41,4.6,106.96
3656,2024-06-08,Vêtements,Bizerte,En ligne,Paiement mobile,1,79.06,54,3.8,79.06
5091,2024-06-08,Électronique,Bizerte,Magasin,Carte bancaire,1,680.22,61,3.4,680.22
4024,2024-06-08,Alimentation,Tunis,En ligne,Espèces,6,21.71,31,5.0,130.26
219,2024-06-08,Alimentation,Nabeul,En ligne,Paiement mobile,1,22.55,39,3.9,22.55
6212,2024-06-08,Jouets,Tunis,Magasin,Paiement mobile,7,25.02,23,4.0,175.14
2424,2024-06-08,Beauté,Tunis,En ligne,Espèces,5,60.13,53,3.9,300.65
4554,2024-06-08,Alimentation,Bizerte,En ligne,Paiement mobile,3,19.3,31,3.0,57.9
3849,2024-06-08,Alimentation,Tunis,Magasin,Carte bancaire,6,15.65,18,4.4,93.9
1579,2024-06-08,Sport,Tunis,Magasin,Carte bancaire,5,127.86,50,4.3,639.3
269,2024-06-08,Beauté,Sfax,En ligne,Carte bancaire,2,49.04,42,4.0,98.08
503,2024-06-08,Beauté,Sfax,En ligne,Espèces,4,50.71,35,5.0,202.84
2596,2024-06-08,Jouets,Kairouan,En ligne,Paiement mobile,3,34.65,30,2.9,103.95
659,2024-06-08,Vêtements,Bizerte,En ligne,Carte bancaire,1,79.45,50,3.6,79.45
3373,2024-06-08,Vêtements,Sfax,En ligne,Espèces,2,72.65,37,5.0,145.3
1814,2024-06-08,Meubles,Gabès,Magasin,Carte bancaire,5,452.98,35,4.1,2264.9
24,2024-06-09,Jouets,Gabès,Magasin,Virement,3,51.99,30,3.5,155.97
3914,2024-06-09,Alimentation,Sousse,En ligne,Espèces,2,25.61,57,3.3,51.22
298,2024-06-09,Jouets,Gabès,En ligne,Espèces,2,25.1,22,4.9,50.2
1002,2024-06-09,Électronique,Tunis,Magasin,Espèces,4,280.39,53,4.6,1121.56
1490,2024-06-09,Meubles,Bizerte,Magasin,Paiement mobile,2,386.53,18,4.2,773.06
3937,2024-06-09,Vêtements,Kairouan,En ligne,Carte bancaire,2,87.49,41,3.2,174.98
2018,2024-06-09,Beauté,Tunis,En ligne,Virement,3,50.03,18,3.0,150.09
1281,2024-06-09,Électronique,Tunis,Magasin,Virement,5,680.7,33,4.7,3403.5
1820,2024-06-09,Meubles,Kairouan,En ligne,Carte bancaire,2,235.25,69,3.3,470.5
4422,2024-06-09,Meubles,Tunis,Magasin,Carte bancaire,5,455.79,45,3.8,2278.95
3302,2024-06-09,Alimentation,Sfax,Magasin,Carte bancaire,7,21.61,56,4.8,151.27
7231,2024-06-09,Vêtements,Tunis,Magasin,Virement,2,93.74,40,4.7,187.48
6023,2024-06-09,Alimentation,Sfax,En ligne,Paiement mobile,4,18.22,37,4.2,72.88
5897,2024-06-09,Sport,Nabeul,Magasin,Virement,6,107.04,29,2.7,642.24
6100,2024-06-09,Beauté,Tunis,En ligne,Carte bancaire,3,47.44,34,2.7,142.32
2774,2024-06-09,Sport,Sfax,Magasin,Carte bancaire,7,115.67,58,4.9,809.69
2234,2024-06-09,Alimentation,Sfax,Magasin,Virement,5,15.27,37,3.1,76.35
349,2024-06-09,Meubles,Sfax,En ligne,Espèces,5,240.5,45,2.8,1202.5
2886,2024-06-09,Jouets,Sfax,En ligne,Paiement mobile,3,35.85,20,3.7,107.55
3140,2024-06-09,Vêtements,Sousse,Magasin,Carte bancaire,1,71.97,68,4.6,71.97
7006,2024-06-09,Jouets,Sfax,Magasin,Paiement mobile,6,27.66,65,1.9,165.96
2084,2024-06-09,Alimentation,Gabès,Magasin,Carte bancaire,5,30.98,30,3.6,154.9
280,2024-06-09,Alimentation,Sousse,Magasin,Carte bancaire,3,29.46,69,3.5,88.38
6677,2024-06-09,Électronique,Gabès,En ligne,Carte bancaire,5,600.33,36,4.4,3001.65
4788,2024-06-09,Vêtements,Tunis,En ligne,Carte bancaire,2,76.42,23,2.7,152.84
7498,2024-06-09,Alimentation,Kairouan,En ligne,Carte bancaire,5,12.7,28,2.3,63.5
2342,2024-06-09,Vêtements,Nabeul,En ligne,Paiement mobile,3,70.1,19,3.0,210.3
1195,2024-06-09,Sport,Nabeul,En ligne,Espèces,3,53.38,58,3.6,160.14
3616,2024-06-10,Meubles,Sfax,Magasin,Carte bancaire,6,356.02,68,4.4,2136.12
7628,2024-06-10,Alimentation,Gabès,En ligne,Carte bancaire,1,24.22,49,5.0,24.22
769,2024-06-10,Alimentation,Kairouan,Magasin,Espèces,3,24.67,58,4.2,74.01
5799,2024-06-10,Alimentation,Gabès,Magasin,Virement,7,19.01,28,4.7,133.07
2740,2024-06-10,Électronique,Sfax,En ligne,Carte bancaire,3,325.27,22,4.8,975.81
7051,2024-06-10,Jouets,Nabeul,Magasin,Espèces,7,36.24,49,2.7,253.68
6660,2024-06-10,Alimentation,Gabès,En ligne,Carte bancaire,5,19.14,29,3.9,95.7
3702,2024-06-10,Alimentation,Gabès,En ligne,Carte bancaire,4,28.37,59,1.5,113.48
4164,2024-06-10,Vêtements,Sfax,Magasin,Carte bancaire,6,84.92,58,3.2,509.52
3211,2024-06-10,Sport,Sousse,En ligne,Espèces,3,88.77,51,4.1,266.31
1245,2024-06-10,Alimentation,Kairouan,Magasin,Virement,5,19.89,22,5.0,99.45
4574,2024-06-10,Alimentation,Bizerte,En ligne,Carte bancaire,2,18.99,37,4.9,37.98
3009,2024-06-10,Beauté,Bizerte,En ligne,Carte bancaire,6,53.95,30,4.5,323.7
4228,2024-06-10,Beauté,Sousse,En ligne,Carte bancaire,5,60.86,25,4.3,304.3
7778,2024-06-10,Vêtements,Sousse,En ligne,Carte bancaire,2,88.04,39,3.7,176.08
5297,2024-06-10,Alimentation,Sousse,Magasin,Carte bancaire,3,15.76,52,3.2,47.28
5373,2024-06-10,Électronique,Sfax,En ligne,Carte bancaire,7,502.25,43,3.0,3515.75
72,2024-06-10,Sport,Tunis,Magasin,Carte bancaire,1,65.53,54,4.6,65.53
3831,2024-06-10,Électronique,Sousse,En ligne,Espèces,7,430.03,35,3.7,3010.21
5761,2024-06-10,Meubles,Kairouan,Magasin,Carte bancaire,3,449.06,27,4.8,1347.18
3442,2024-06-10,Sport,Tunis,Magasin,Paiement mobile,3,99.61,46,5.0,298.83
1750,2024-06-10,Alimentation,Kairouan,Magasin,Virement,7,16.64,41,4.5,116.48
6786,2024-06-10,Électronique,Tunis,En ligne,Carte bancaire,4,415.49,35,3.8,1661.96
7677,2024-06-10,Meubles,Sfax,Magasin,Espèces,5,236.52,31,5.0,1182.6
3764,2024-06-10,Sport,Sfax,En ligne,Virement,5,76.12,51,4.3,380.6
1751,2024-06-11,Alimentation,Sousse,Magasin,Carte bancaire,3,20.73,63,4.7,62.19
5440,2024-06-11,Alimentation,Sousse,Magasin,Carte bancaire,3,17.72,46,4.0,53.16
507,2024-06-11,Électronique,Tunis,Magasin,Paiement mobile,5,444.11,21,3.6,2220.55
594,2024-06-11,Électronique,Sfax,En ligne,Paiement mobile,2,500.95,21,3.3,1001.9
105,2024-06-11,Alimentation,Bizerte,En ligne,Espèces,7,28.39,33,2.8,198.73
295,2024-06-11,Alimentation,Gabès,Magasin,Carte bancaire,6,29.01,62,3.1,174.06
4828,2024-06-11,Alimentation,Tunis,Magasin,Carte bancaire,7,25.18,35,2.9,176.26
4796,2024-06-11,Meubles,Sousse,En ligne,Virement,6,188.41,60,4.1,1130.46
5405,2024-06-11,Électronique,Tunis,Magasin,Virement,3,297.16,22,4.0,891.48
3528,2024-06-11,Vêtements,Nabeul,En ligne,Paiement mobile,6,49.29,67,5.0,295.74
5415,2024-06-11,Alimentation,Bizerte,Magasin,Espèces,4,19.28,69,3.8,77.12
3802,2024-06-11,Sport,Sfax,Magasin,Virement,5,63.69,22,3.0,318.45
5291,2024-06-11,Sport,Sfax,En ligne,Carte bancaire,6,63.93,60,3.4,383.58
5684,2024-06-11,Jouets,Nabeul,En ligne,Virement,2,36.12,27,4.2,72.24
3568,2024-06-11,Vêtements,Bizerte,En ligne,Espèces,5,86.47,63,5.0,432.35
4032,2024-06-11,Alimentation,Kairouan,Magasin,Carte bancaire,5,25.98,42,4.4,129.9
1966,2024-06-11,Meubles,Sfax,Magasin,Paiement mobile,3,262.08,61,3.0,786.24
3044,2024-06-11,Alimentation,Gabès,En ligne,Espèces,1,17.78,38,3.6,17.78
7832,2024-06-11,Vêtements,Kairouan,En ligne,Espèces,5,50.75,52,3.9,253.75
1683,2024-06-11,Vêtements,Sfax,En ligne,Carte bancaire,7,61.91,54,5.0,433.37
2840,2024-06-11,Vêtements,Sfax,En ligne,Carte bancaire,1,93.22,33,3.6,93.22
5900,2024-06-11,Alimentation,Sfax,En ligne,Paiement mobile,4,12.87,46,4.5,51.48
2385,2024-06-11,Électronique,Kairouan,Magasin,Espèces,3,283.8,61,4.1,851.4
2272,2024-06-12,Électronique,Tunis,En ligne,Paiement mobile,1,712.36,47,4.7,712.36
5245,2024-06-12,Jouets,Sfax,Magasin,Carte bancaire,7,44.51,25,3.6,311.57
7909,2024-06-12,Alimentation,Kairouan,Magasin,Espèces,3,25.46,44,4.4,76.38
1969,2024-06-12,Vêtements,Bizerte,En ligne,Carte bancaire,6,86.52,52,4.9,519.12
5639,2024-06-12,Sport,Tunis,Magasin,Carte bancaire,4,87.96,56,4.2,351.84
2969,2024-06-12,Meubles,Tunis,En ligne,Espèces,5,284.94,36,3.5,1424.7
669,2024-06-12,Alimentation,Sfax,Magasin,Virement,5,28.82,32,3.4,144.1
7884,2024-06-12,Vêtements,Sousse,Magasin,Carte bancaire,2,95.3,54,4.2,190.6
7996,2024-06-12,Électronique,Gabès,Magasin,Paiement mobile,2,484.24,37,4.3,968.48
540,2024-06-12,Meubles,Sousse,En ligne,Carte bancaire,4,206.91,53,4.7,827.64
3481,2024-06-12,Jouets,Sfax,Magasin,Carte bancaire,6,45.4,29,3.5,272.4
6429,2024-06-12,Vêtements,Nabeul,En ligne,Carte bancaire,2,55.97,25,4.4,111.94
2493,2024-06-12,Jouets,Sousse,Magasin,Espèces,7,26.53,31,3.9,185.71
2227,2024-06-12,Électronique,Sfax,Magasin,Carte bancaire,4,441.72,64,4.4,1766.88
5813,2024-06-12,Meubles,Bizerte,Magasin,Paiement mobile,6,264.48,23,4.4,1586.88
3136,2024-06-12,Beauté,Tunis,En ligne,Espèces,4,51.34,21,4.0,205.36
4433,2024-06-12,Électronique,Tunis,Magasin,Carte bancaire,1,615.64,58,4.1,615.64
691,2024-06-12,Sport,Tunis,Magasin,Carte bancaire,4,94.96,27,3.6,379.84
7230,2024-06-12,Électronique,Tunis,Magasin,Espèces,7,435.76,56,4.8,3050.32
1712,2024-06-12,Sport,Bizerte,En ligne,Carte bancaire,4,106.06,39,4.7,424.24
1381,2024-06-12,Sport,Sfax,Magasin,Carte bancaire,6,66.49,55,4.5,398.94
5780,2024-06-12,Meubles,Sousse,En ligne,Carte bancaire,2,257.58,27,3.1,515.16
3591,2024-06-12,Alimentation,Nabeul,Magasin,Espèces,1,17.09,22,4.5,17.09
4376,2024-06-12,Alimentation,Sousse,En ligne,Carte bancaire,7,25.33,44,3.3,177.31
4102,2024-06-12,Électronique,Bizerte,Magasin,Carte bancaire,6,437.02,28,4.6,2622.12
2398,2024-06-12,Sport,Kairouan,En ligne,Paiement mobile,3,120.05,27,2.2,360.15
5452,2024-06-12,Meubles,Nabeul,Magasin,Virement,3,307.73,53,4.1,923.19
5989,2024-06-12,Sport,Gabès,En ligne,Carte bancaire,7,77.74,60,4.7,544.18
2590,2024-06-12,Meubles,Tunis,Magasin,Virement,7,474.58,64,4.4,3322.06
750,2024-06-13,Meubles,Sousse,Magasin,Virement,5,258.64,69,3.6,1293.2
1996,2024-06-13,Électronique,Bizerte,Magasin,Espèces,2,286.79,37,4.3,573.58
5631,2024-06-13,Électronique,Tunis,En ligne,Carte bancaire,7,459.69,22,4.5,3217.83
3795,2024-06-13,Jouets,Tunis,En ligne,Paiement mobile,6,23.54,30,4.3,141.24
185,2024-06-13,Sport,Sousse,Magasin,Espèces,1,50.25,40,4.5,50.25
1044,2024-06-13,Alimentation,Sousse,En ligne,Carte bancaire,5,30.44,25,3.5,152.2
1274,2024-06-13,Jouets,Sfax,Magasin,Carte bancaire,6,29.74,67,3.5,178.44
3474,2024-06-13,Beauté,Sfax,Magasin,Carte bancaire,3,46.54,63,3.8,139.62
3440,2024-06-13,Électronique,Tunis,Magasin,Virement,5,630.55,37,3.7,3152.75
1346,2024-06-13,Meubles,Gabès,En ligne,Carte bancaire,7,438.76,53,3.4,3071.32
4551,2024-06-13,Jouets,Tunis,Magasin,Virement,7,49.66,63,2.4,347.62
4791,2024-06-13,Vêtements,Tunis,En ligne,Paiement mobile,1,90.02,49,3.7,90.02
616,2024-06-13,Meubles,Nabeul,Magasin,Carte bancaire,1,295.76,41,4.2,295.76
6648,2024-06-13,Vêtements,Tunis,Magasin,Paiement mobile,7,84.91,22,4.1,594.37
7449,2024-06-13,Vêtements,Sfax,En ligne,Carte bancaire,5,73.58,55,4.6,367.9
6564,2024-06-13,Alimentation,Kairouan,Magasin,Carte bancaire,6,24.3,27,3.6,145.8
7807,2024-06-13,Électronique,Sfax,En ligne,Carte bancaire,7,668.91,67,4.8,4682.37
2875,2024-06-13,Beauté,Nabeul,Magasin,Carte bancaire,2,59.36,41,3.8,118.72
5670,2024-06-13,Jouets,Sousse,Magasin,Carte bancaire,5,43.33,37,4.3,216.65
1785,2024-06-14,Sport,Tunis,Magasin,Carte bancaire,5,85.63,67,2.8,428.15
7816,2024-06-14,Alimentation,Tunis,En ligne,Espèces,2,26.96,65,4.5,53.92
6902,2024-06-14,Alimentation,Sfax,Magasin,Carte bancaire,5,26.48,39,3.7,132.4
7493,2024-06-14,Vêtements,Bizerte,Magasin,Carte bancaire,1,39.06,61,3.3,39.06
3333,2024-06-14,Meubles,Nabeul,Magasin,Virement,3,242.76,32,5.0,728.28
3757,2024-06-14,Électronique,Sousse,En ligne,Paiement mobile,4,440.5,68,4.1,1762.0
4918,2024-06-14,Vêtements,Nabeul,En ligne,Carte bancaire,1,71.61,22,4.3,71.61
5390,2024-06-14,Alimentation,Tunis,En ligne,Carte bancaire,7,24.15,50,4.4,169.05
7649,2024-06-14,Vêtements,Tunis,En ligne,Paiement mobile,6,38.78,69,4.1,232.68
5739,2024-06-14,Alimentation,Sousse,En ligne,Paiement mobile,6,28.38,51,3.0,170.28
4386,2024-06-14,Beauté,Nabeul,Magasin,Virement,3,55.77,41,3.6,167.31
5401,2024-06-14,Alimentation,Sousse,En ligne,Virement,6,23.34,20,4.3,140.04
4838,2024-06-14,Meubles,Tunis,Magasin,Espèces,7,258.7,37,3.5,1810.9
7798,2024-06-14,Alimentation,Sousse,Magasin,Espèces,7,17.13,46,5.0,119.91
4328,2024-06-14,Alimentation,Nabeul,Magasin,Carte bancaire,5,14.71,49,4.8,73.55
7939,2024-06-14,Électronique,Tunis,Magasin,Carte bancaire,4,530.08,50,2.5,2120.32
4770,2024-06-14,Vêtements,Tunis,En ligne,Paiement mobile,7,90.26,67,2.5,631.82
7359,2024-06-14,Électronique,Kairouan,Magasin,Virement,1,341.87,55,5.0,341.87
7978,2024-06-14,Beauté,Sousse,Magasin,Carte bancaire,7,47.36,50,5.0,331.52
6522,2024-06-14,Alimentation,Kairouan,En ligne,Carte bancaire,5,12.73,39,3.2,63.65
4880,2024-06-14,Jouets,Sfax,Magasin,Paiement mobile,1,27.83,61,3.6,27.83
800,2024-06-14,Meubles,Gabès,Magasin,Espèces,3,339.6,19,4.2,1018.8
5017,2024-06-14,Jouets,Tunis,Magasin,Virement,4,31.64,43,3.7,126.56
2373,2024-06-14,Jouets,Gabès,En ligne,Carte bancaire,5,26.72,43,4.1,133.6
1833,2024-06-14,Beauté,Sousse,En ligne,Paiement mobile,2,45.53,22,3.6,91.06
1236,2024-06-14,Alimentation,Kairouan,Magasin,Carte bancaire,1,23.29,47,1.9,23.29
1800,2024-06-14,Électronique,Nabeul,En ligne,Carte bancaire,6,672.45,36,3.6,4034.7
633,2024-06-15,Alimentation,Nabeul,Magasin,Espèces,1,31.56,58,3.4,31.56
2223,2024-06-15,Vêtements,Bizerte,Magasin,Espèces,7,57.2,39,4.2,400.4
2958,2024-06-15,Alimentation,Sousse,Magasin,Virement,3,23.56,22,3.7,70.68
4580,2024-06-15,Beauté,Sousse,En ligne,Virement,3,34.56,65,3.0,103.68
7155,2024-06-15,Jouets,Gabès,Magasin,Paiement mobile,5,24.48,50,3.4,122.4
4284,2024-06-15,Sport,Nabeul,Magasin,Carte bancaire,2,106.96,34,4.1,213.92
5051,2024-06-15,Sport,Sfax,Magasin,Carte bancaire,6,109.56,35,3.6,657.36
7640,2024-06-15,Meubles,Tunis,Magasin,Espèces,7,336.08,62,5.0,2352.56
4193,2024-06-15,Meubles,Tunis,En ligne,Carte bancaire,4,367.88,41,5.0,1471.52
7395,2024-06-15,Électronique,Tunis,En ligne,Carte bancaire,3,295.08,33,3.1,885.24
3377,2024-06-15,Vêtements,Gabès,Magasin,Carte bancaire,1,54.16,60,5.0,54.16
2266,2024-06-15,Alimentation,Tunis,En ligne,Virement,3,12.76,20,3.8,38.28
47,2024-06-15,Électronique,Sfax,En ligne,Paiement mobile,1,659.33,53,3.7,659.33
6133,2024-06-15,Meubles,Sousse,Magasin,Paiement mobile,1,449.57,47,4.0,449.57
7623,2024-06-15,Électronique,Gabès,En ligne,Virement,3,271.01,31,3.9,813.03
2920,2024-06-15,Beauté,Sousse,En ligne,Carte bancaire,1,30.19,28,2.7,30.19
2255,2024-06-15,Jouets,Tunis,En ligne,Carte bancaire,4,54.49,54,3.7,217.96
5908,2024-06-15,Électronique,Sousse,En ligne,Carte bancaire,6,643.97,47,2.9,3863.82
7418,2024-06-16,Beauté,Sfax,Magasin,Carte bancaire,4,29.58,55,5.0,118.32
6771,2024-06-16,Alimentation,Nabeul,En ligne,Carte bancaire,1,20.27,55,4.8,20.27
609,2024-06-16,Alimentation,Gabès,En ligne,Carte bancaire,6,26.38,60,3.9,158.28
1009,2024-06-16,Jouets,Tunis,Magasin,Paiement mobile,3,38.15,52,4.5,114.45
2946,2024-06-16,Alimentation,Sousse,Magasin,Carte bancaire,1,12.89,35,4.3,12.89
3277,2024-06-16,Jouets,Tunis,En ligne,Carte bancaire,7,30.95,63,3.3,216.65
6269,2024-06-16,Électronique,Tunis,En ligne,Paiement mobile,4,684.09,62,3.5,2736.36
6394,2024-06-16,Vêtements,Tunis,Magasin,Carte bancaire,3,54.29,43,3.1,162.87
4463,2024-06-16,Sport,Kairouan,Magasin,Carte bancaire,1,116.66,22,3.9,116.66
1358,2024-06-16,Meubles,Sfax,En ligne,Paiement mobile,5,259.6,22,4.4,1298.0
6344,2024-06-16,Électronique,Kairouan,En ligne,Espèces,4,290.96,38,4.2,1163.84
4406,2024-06-16,Jouets,Kairouan,En ligne,Virement,3,29.57,25,5.0,88.71
7720,2024-06-16,Vêtements,Sousse,En ligne,Carte bancaire,5,90.91,44,4.0,454.55
6921,2024-06-16,Vêtements,Tunis,En ligne,Carte bancaire,4,38.67,44,3.9,154.68
4234,2024-06-16,Alimentation,Bizerte,Magasin,Carte bancaire,1,18.48,44,3.2,18.48
6307,2024-06-16,Électronique,Nabeul,Magasin,Espèces,1,306.3,36,3.8,306.3
1634,2024-06-16,Alimentation,Bizerte,En ligne,Espèces,5,31.49,55,3.4,157.45
514,2024-06-16,Meubles,Sousse,Magasin,Paiement mobile,4,219.63,41,3.6,878.52
4127,2024-06-16,Électronique,Bizerte,Magasin,Paiement mobile,2,427.69,40,4.7,855.38
7285,2024-06-17,Sport,Sousse,En ligne,Carte bancaire,1,124.77,38,4.2,124.77
3947,2024-06-17,Jouets,Nabeul,Magasin,Paiement mobile,4,45.71,22,3.2,182.84
7105,2024-06-17,Vêtements,Tunis,Magasin,Carte bancaire,7,53.69,33,4.2,375.83
6017,2024-06-17,Jouets,Sousse,En ligne,Carte bancaire,3,43.9,47,4.3,131.7
5837,2024-06-17,Beauté,Nabeul,En ligne,Espèces,7,46.43,69,3.4,325.01
4313,2024-06-17,Électronique,Sfax,En ligne,Espèces,6,698.99,36,3.4,4193.94
297,2024-06-17,Meubles,Bizerte,Magasin,Carte bancaire,4,206.02,46,5.0,824.08
2900,2024-06-17,Beauté,Gabès,En ligne,Carte bancaire,3,53.03,60,4.4,159.09
1640,2024-06-17,Alimentation,Gabès,En ligne,Carte bancaire,7,16.83,41,5.0,117.81
2583,2024-06-17,Électronique,Nabeul,En ligne,Carte bancaire,5,557.53,48,3.5,2787.65
4118,2024-06-17,Vêtements,Kairouan,En ligne,Paiement mobile,6,72.9,59,5.0,437.4
4139,2024-06-17,Alimentation,Tunis,Magasin,Carte bancaire,2,14.55,46,3.5,29.1
7837,2024-06-17,Meubles,Gabès,En ligne,Paiement mobile,4,406.47,21,5.0,1625.88
6843,2024-06-17,Sport,Gabès,Magasin,Carte bancaire,1,84.2,62,4.8,84.2
6842,2024-06-17,Meubles,Tunis,Magasin,Carte bancaire,6,378.6,56,2.7,2271.6
2085,2024-06-17,Électronique,Bizerte,Magasin,Carte bancaire,3,426.91,36,5.0,1280.73
4198,2024-06-17,Jouets,Sousse,En ligne,Paiement mobile,2,49.31,55,4.4,98.62
3560,2024-06-17,Alimentation,Tunis,En ligne,Espèces,5,16.77,66,3.3,83.85
7822,2024-06-18,Sport,Sfax,Magasin,Virement,2,116.92,69,3.4,233.84
4003,2024-06-18,Sport,Sfax,Magasin,Carte bancaire,1,80.04,50,3.0,80.04
7387,2024-06-18,Beauté,Sfax,Magasin,Carte bancaire,6,24.04,60,4.0,144.24
407,2024-06-18,Beauté,Nabeul,En ligne,Espèces,4,59.65,66,3.1,238.6
6308,2024-06-18,Alimentation,Sfax,Magasin,Carte bancaire,3,12.86,26,2.6,38.58
1597,2024-06-18,Sport,Tunis,En ligne,Virement,3,94.61,55,3.4,283.83
4404,2024-06-18,Sport,Sfax,En ligne,Espèces,1,102.75,31,2.7,102.75
3826,2024-06-18,Meubles,Nabeul,Magasin,Paiement mobile,3,364.89,63,4.2,1094.67
6872,2024-06-18,Beauté,Sousse,En ligne,Paiement mobile,2,60.5,21,4.1,121.0
1646,2024-06-18,Meubles,Nabeul,Magasin,Paiement mobile,4,275.53,27,4.3,1102.12
610,2024-06-18,Sport,Sfax,En ligne,Espèces,3,66.02,29,3.4,198.06
3422,2024-06-18,Alimentation,Nabeul,Magasin,Carte bancaire,1,28.43,33,4.7,28.43
4739,2024-06-18,Beauté,Kairouan,Magasin,Paiement mobile,3,27.34,65,3.3,82.02
4879,2024-06-18,Vêtements,Sousse,Magasin,Virement,6,92.03,28,3.5,552.18
2209,2024-06-18,Alimentation,Sousse,En ligne,Paiement mobile,5,13.87,36,2.2,69.35
160,2024-06-18,Électronique,Bizerte,En ligne,Carte bancaire,7,410.39,69,4.7,2872.73
32,2024-06-18,Vêtements,Kairouan,En ligne,Paiement mobile,1,36.04,33,4.7,36.04
374,2024-06-18,Électronique,Gabès,Magasin,Carte bancaire,4,542.54,62,2.6,2170.16
1495,2024-06-18,Vêtements,Nabeul,En ligne,Espèces,5,40.66,31,5.0,203.3
7403,2024-06-18,Vêtements,Nabeul,Magasin,Carte bancaire,2,94.46,46,3.8,188.92
845,2024-06-18,Beauté,Sfax,Magasin,Espèces,6,54.06,56,4.0,324.36
5491,2024-06-19,Électronique,Tunis,En ligne,Paiement mobile,6,491.84,37,5.0,2951.04
5474,2024-06-19,Alimentation,Tunis,Magasin,Carte bancaire,2,21.28,64,3.4,42.56
7494,2024-06-19,Meubles,Nabeul,Magasin,Carte bancaire,3,329.31,30,4.6,987.93
5167,2024-06-19,Alimentation,Gabès,Magasin,Paiement mobile,5,22.09,46,4.2,110.45
4858,2024-06-19,Meubles,Tunis,Magasin,Carte bancaire,2,326.58,62,4.3,653.16
7357,2024-06-19,Sport,Bizerte,Magasin,Carte bancaire,1,109.09,21,3.9,109.09
3810,2024-06-19,Vêtements,Gabès,En ligne,Virement,1,78.69,24,4.8,78.69
5726,2024-06-19,Vêtements,Kairouan,En ligne,Paiement mobile,7,69.69,58,3.7,487.83
149,2024-06-19,Vêtements,Nabeul,Magasin,Virement,5,71.8,55,4.0,359.0
4626,2024-06-19,Beauté,Sfax,En ligne,Virement,1,29.48,24,4.9,29.48
1142,2024-06-19,Beauté,Sousse,En ligne,Carte bancaire,3,62.97,35,4.8,188.91
7745,2024-06-19,Alimentation,Sousse,Magasin,Virement,1,29.46,51,4.9,29.46
6674,2024-06-19,Meubles,Tunis,Magasin,Paiement mobile,5,278.43,30,2.0,1392.15
3551,2024-06-19,Électronique,Sousse,Magasin,Espèces,6,439.81,31,3.3,2638.86
5914,2024-06-19,Sport,Gabès,Magasin,Carte bancaire,3,125.58,41,3.6,376.74
6111,2024-06-19,Meubles,Bizerte,En ligne,Virement,3,181.19,44,4.2,543.57
4001,2024-06-19,Vêtements,Tunis,Magasin,Carte bancaire,2,95.32,60,4.7,190.64
5207,2024-06-19,Électronique,Tunis,En ligne,Carte bancaire,2,451.54,52,4.4,903.08
1987,2024-06-19,Électronique,Kairouan,En ligne,Carte bancaire,6,568.44,56,4.0,3410.64
2654,2024-06-19,Jouets,Nabeul,Magasin,Virement,7,36.42,64,4.0,254.94
6196,2024-06-19,Vêtements,Sfax,En ligne,Paiement mobile,6,70.99,22,4.9,425.94
6778,2024-06-19,Alimentation,Kairouan,En ligne,Espèces,7,18.66,23,4.8,130.62
6695,2024-06-19,Sport,Tunis,En ligne,Carte bancaire,4,123.27,32,2.5,493.08
1482,2024-06-19,Vêtements,Tunis,Magasin,Paiement mobile,3,60.22,34,4.0,180.66
6107,2024-06-20,Jouets,Tunis,Magasin,Espèces,3,44.64,44,2.4,133.92
3365,2024-06-20,Meubles,Nabeul,En ligne,Carte bancaire,3,296.16,59,3.5,888.48
2298,2024-06-20,Meubles,Sfax,Magasin,Carte bancaire,6,264.37,51,3.6,1586.22
217,2024-06-20,Alimentation,Kairouan,Magasin,Paiement mobile,1,22.36,61,3.8,22.36
121,2024-06-20,Vêtements,Sfax,Magasin,Carte bancaire,4,56.29,23,4.0,225.16
2613,2024-06-20,Alimentation,Tunis,Magasin,Carte bancaire,6,13.27,49,3.5,79.62
3176,2024-06-20,Électronique,Kairouan,En ligne,Carte bancaire,1,396.74,38,3.2,396.74
7541,2024-06-20,Vêtements,Tunis,En ligne,Espèces,7,45.73,36,3.2,320.11
331,2024-06-20,Jouets,Nabeul,Magasin,Virement,5,44.89,31,3.2,224.45
6556,2024-06-20,Vêtements,Tunis,En ligne,Espèces,6,41.4,29,5.0,248.4
1007,2024-06-20,Jouets,Kairouan,Magasin,Paiement mobile,7,55.53,54,4.2,388.71
6124,2024-06-20,Alimentation,Bizerte,Magasin,Carte bancaire,6,30.1,51,3.6,180.6
1421,2024-06-20,Électronique,Tunis,En ligne,Carte bancaire,2,395.25,52,4.5,790.5
189,2024-06-20,Meubles,Sfax,En ligne,Carte bancaire,7,187.66,37,4.6,1313.62
2194,2024-06-20,Sport,Sousse,En ligne,Virement,4,90.44,55,4.5,361.76
7222,2024-06-20,Sport,Kairouan,Magasin,Virement,5,77.2,18,4.5,386.0
660,2024-06-21,Vêtements,Bizerte,En ligne,Carte bancaire,3,37.18,49,4.8,111.54
1112,2024-06-21,Alimentation,Tunis,Magasin,Carte bancaire,2,23.05,62,5.0,46.1
5566,2024-06-21,Alimentation,Kairouan,En ligne,Espèces,3,12.8,29,3.2,38.4
3489,2024-06-21,Électronique,Tunis,En ligne,Carte bancaire,5,689.35,59,4.1,3446.75
6503,2024-06-21,Jouets,Kairouan,En ligne,Paiement mobile,4,45.34,22,4.2,181.36
5805,2024-06-21,Électronique,Sousse,En ligne,Virement,2,596.6,51,5.0,1193.2
4774,2024-06-21,Vêtements,Sousse,Magasin,Carte bancaire,1,79.59,18,4.3,79.59
2491,2024-06-21,Électronique,Kairouan,En ligne,Espèces,4,652.35,22,3.5,2609.4
4015,2024-06-21,Alimentation,Sousse,Magasin,Virement,7,25.61,63,3.0,179.27
2412,2024-06-21,Vêtements,Kairouan,Magasin,Paiement mobile,2,92.09,36,3.4,184.18
658,2024-06-21,Jouets,Gabès,Magasin,Carte bancaire,6,39.38,52,3.4,236.28
4041,2024-06-21,Sport,Sfax,En ligne,Paiement mobile,4,127.9,43,4.6,511.6
5999,2024-06-21,Jouets,Tunis,Magasin,Virement,5,42.43,53,4.8,212.15
2540,2024-06-21,Vêtements,Sousse,Magasin,Carte bancaire,4,90.05,50,3.6,360.2
640,2024-06-21,Meubles,Sfax,En ligne,Carte bancaire,2,201.87,24,5.0,403.74
3606,2024-06-21,Jouets,Bizerte,En ligne,Espèces,3,50.26,59,3.7,150.78
979,2024-06-21,Beauté,Nabeul,En ligne,Espèces,5,36.61,29,2.3,183.05
1363,2024-06-21,Électronique,Nabeul,En ligne,Carte bancaire,1,555.8,68,3.4,555.8
3125,2024-06-21,Vêtements,Sfax,Magasin,Virement,2,60.02,25,3.4,120.04
3762,2024-06-21,Jouets,Sfax,En ligne,Carte bancaire,5,36.64,63,3.3,183.2
6279,2024-06-21,Alimentation,Sfax,Magasin,Espèces,2,17.5,54,5.0,35.0
5913,2024-06-21,Vêtements,Nabeul,Magasin,Virement,4,79.37,30,4.1,317.48
5492,2024-06-21,Électronique,Nabeul,En ligne,Carte bancaire,4,692.32,35,3.8,2769.28
1882,2024-06-21,Vêtements,Bizerte,Magasin,Carte bancaire,5,68.8,40,3.3,344.0
7767,2024-06-21,Jouets,Bizerte,En ligne,Carte bancaire,4,35.86,66,4.6,143.44
758,2024-06-21,Vêtements,Nabeul,En ligne,Carte bancaire,7,72.59,30,3.9,508.13
383,2024-06-21,Jouets,Bizerte,En ligne,Carte bancaire,4,26.57,31,4.8,106.28
2195,2024-06-21,Électronique,Tunis,En ligne,Carte bancaire,4,520.37,31,3.8,2081.48
4675,2024-06-21,Vêtements,Sousse,En ligne,Espèces,1,75.47,54,3.3,75.47
2758,2024-06-21,Jouets,Sfax,Magasin,Espèces,6,42.28,68,3.9,253.68
360,2024-06-22,Jouets,Nabeul,En ligne,Carte bancaire,5,24.64,31,3.5,123.2
6957,2024-06-22,Électronique,Sfax,Magasin,Carte bancaire,4,691.24,55,4.3,2764.96
1836,2024-06-22,Sport,Nabeul,En ligne,Carte bancaire,6,104.45,25,4.4,626.7
7402,2024-06-22,Alimentation,Kairouan,En ligne,Virement,2,20.68,33,4.4,41.36
4436,2024-06-22,Vêtements,Tunis,En ligne,Virement,1,94.86,53,5.0,94.86
6515,2024-06-22,Électronique,Tunis,En ligne,Carte bancaire,6,543.44,58,2.7,3260.64
1768,2024-06-22,Meubles,Sfax,Magasin,Espèces,4,313.62,38,5.0,1254.48
3904,2024-06-22,Jouets,Sfax,En ligne,Carte bancaire,5,39.93,38,3.8,199.65
607,2024-06-22,Alimentation,Sousse,Magasin,Paiement mobile,4,30.03,55,3.3,120.12
2826,2024-06-22,Alimentation,Sfax,En ligne,Paiement mobile,6,19.08,61,3.3,114.48
7944,2024-06-22,Électronique,Nabeul,En ligne,Espèces,7,459.5,24,4.3,3216.5
3187,2024-06-22,Alimentation,Sousse,Magasin,Carte bancaire,4,30.06,20,2.9,120.24
3292,2024-06-22,Sport,Sfax,En ligne,Virement,7,113.61,40,3.7,795.27
5144,2024-06-22,Meubles,Tunis,En ligne,Espèces,5,256.58,37,4.5,1282.9
2615,2024-06-22,Électronique,Tunis,En ligne,Carte bancaire,5,641.39,65,2.5,3206.95
6164,2024-06-23,Alimentation,Gabès,Magasin,Virement,3,19.23,46,4.5,57.69
1994,2024-06-23,Meubles,Sfax,Magasin,Carte bancaire,6,261.53,52,4.9,1569.18
4591,2024-06-23,Électronique,Sfax,En ligne,Carte bancaire,5,605.34,66,4.6,3026.7
7211,2024-06-23,Alimentation,Nabeul,En ligne,Paiement mobile,4,21.48,41,4.4,85.92
3820,2024-06-23,Alimentation,Tunis,En ligne,Espèces,6,14.71,51,3.5,88.26
4211,2024-06-23,Meubles,Bizerte,En ligne,Espèces,2,446.1,46,4.6,892.2
1733,2024-06-23,Électronique,Gabès,En ligne,Carte bancaire,3,284.66,58,4.1,853.98
3896,2024-06-23,Jouets,Nabeul,Magasin,Carte bancaire,4,44.66,52,3.8,178.64
5395,2024-06-23,Jouets,Tunis,En ligne,Paiement mobile,4,21.27,26,4.7,85.08
5540,2024-06-23,Vêtements,Sousse,Magasin,Carte bancaire,3,69.83,55,5.0,209.49
6233,2024-06-23,Alimentation,Tunis,En ligne,Paiement mobile,6,17.4,45,4.0,104.4
3828,2024-06-23,Électronique,Kairouan,En ligne,Carte bancaire,7,495.43,59,4.3,3468.01
3297,2024-06-23,Électronique,Sfax,En ligne,Carte bancaire,3,664.91,28,4.0,1994.73
6571,2024-06-23,Alimentation,Sfax,En ligne,Paiement mobile,2,25.06,67,3.9,50.12
1231,2024-06-23,Beauté,Sfax,Magasin,Virement,5,27.42,66,3.7,137.1
3718,2024-06-23,Électronique,Tunis,Magasin,Carte bancaire,6,321.6,57,5.0,1929.6
36,2024-06-23,Sport,Tunis,En ligne,Carte bancaire,5,83.88,38,2.6,419.4
3524,2024-06-23,Électronique,Sousse,En ligne,Carte bancaire,4,437.82,29,4.3,1751.28
5296,2024-06-23,Vêtements,Gabès,En ligne,Paiement mobile,5,63.72,45,3.1,318.6
5615,2024-06-23,Alimentation,Sfax,En ligne,Espèces,4,15.83,62,2.3,63.32
4596,2024-06-23,Vêtements,Bizerte,En ligne,Carte bancaire,1,93.37,42,3.8,93.37
2230,2024-06-23,Alimentation,Bizerte,Magasin,Espèces,7,18.97,19,4.3,132.79
2054,2024-06-23,Électronique,Sfax,En ligne,Espèces,1,477.67,69,5.0,477.67
1709,2024-06-23,Vêtements,Bizerte,Magasin,Carte bancaire,6,95.22,68,4.4,571.32
5303,2024-06-24,Alimentation,Sfax,En ligne,Carte bancaire,5,12.99,58,3.9,64.95
5046,2024-06-24,Électronique,Gabès,En ligne,Virement,6,470.86,54,4.8,2825.16
4803,2024-06-24,Alimentation,Sfax,Magasin,Paiement mobile,2,30.98,58,3.8,61.96
3053,2024-06-24,Meubles,Gabès,En ligne,Paiement mobile,2,355.64,66,4.4,711.28
1465,2024-06-24,Électronique,Gabès,En ligne,Carte bancaire,5,349.35,30,4.7,1746.75
2992,2024-06-24,Beauté,Sfax,En ligne,Carte bancaire,7,32.63,56,5.0,228.41
1611,2024-06-24,Électronique,Nabeul,Magasin,Carte bancaire,5,339.98,19,2.5,1699.9
7696,2024-06-24,Alimentation,Sfax,Magasin,Virement,1,18.47,42,3.7,18.47
4818,2024-06-24,Meubles,Bizerte,Magasin,Carte bancaire,3,370.36,36,4.6,1111.08
6900,2024-06-24,Vêtements,Nabeul,Magasin,Carte bancaire,5,50.76,66,2.7,253.8
7824,2024-06-24,Vêtements,Tunis,En ligne,Espèces,5,70.41,18,3.0,352.05
4385,2024-06-24,Alimentation,Gabès,Magasin,Carte bancaire,3,16.04,43,3.1,48.12
5773,2024-06-24,Meubles,Bizerte,En ligne,Espèces,7,262.97,48,2.7,1840.79
372,2024-06-24,Alimentation,Gabès,Magasin,Carte bancaire,6,15.28,33,4.3,91.68
7721,2024-06-24,Jouets,Sfax,Magasin,Carte bancaire,1,37.2,30,5.0,37.2
307,2024-06-24,Électronique,Gabès,En ligne,Carte bancaire,1,622.56,26,3.8,622.56
1607,2024-06-24,Jouets,Tunis,En ligne,Carte bancaire,5,43.88,51,3.8,219.4
3395,2024-06-24,Beauté,Nabeul,En ligne,Virement,5,49.89,47,4.5,249.45
6526,2024-06-24,Sport,Sfax,Magasin,Carte bancaire,5,82.91,43,3.9,414.55
2087,2024-06-24,Électronique,Gabès,En ligne,Carte bancaire,7,513.0,53,4.8,3591.0
1567,2024-06-25,Alimentation,Sousse,En ligne,Espèces,5,20.12,60,3.9,100.6
5116,2024-06-25,Alimentation,Kairouan,Magasin,Carte bancaire,3,27.89,55,3.6,83.67
1918,2024-06-25,Jouets,Bizerte,Magasin,Virement,7,36.53,39,2.8,255.71
3237,2024-06-25,Électronique,Bizerte,En ligne,Espèces,6,653.19,66,4.9,3919.14
6326,2024-06-25,Électronique,Bizerte,Magasin,Carte bancaire,1,510.22,35,3.4,510.22
728,2024-06-25,Meubles,Sousse,En ligne,Paiement mobile,2,242.0,58,3.7,484.0
737,2024-06-25,Jouets,Sfax,Magasin,Espèces,3,40.98,69,4.8,122.94
3708,2024-06-25,Jouets,Tunis,En ligne,Virement,5,32.12,44,3.9,160.6
6264,2024-06-25,Vêtements,Tunis,En ligne,Paiement mobile,5,46.44,50,4.3,232.2
3296,2024-06-25,Alimentation,Sfax,En ligne,Espèces,6,27.69,19,4.4,166.14
4316,2024-06-25,Alimentation,Nabeul,Magasin,Virement,3,12.72,29,5.0,38.16
7424,2024-06-25,Vêtements,Tunis,En ligne,Carte bancaire,6,50.21,69,3.9,301.26
5243,2024-06-25,Électronique,Sfax,En ligne,Carte bancaire,5,612.59,64,4.4,3062.95
6966,2024-06-25,Meubles,Sousse,En ligne,Paiement mobile,3,208.08,49,4.9,624.24
7913,2024-06-25,Vêtements,Bizerte,En ligne,Espèces,5,73.45,20,3.1,367.25
2902,2024-06-25,Vêtements,Nabeul,Magasin,Espèces,3,60.17,38,3.8,180.51
568,2024-06-25,Jouets,Sfax,En ligne,Carte bancaire,6,55.33,65,3.6,331.98
4529,2024-06-25,Sport,Sousse,En ligne,Paiement mobile,7,127.07,60,3.6,889.49
7225,2024-06-25,Vêtements,Bizerte,Magasin,Espèces,3,61.45,46,4.3,184.35
1206,2024-06-25,Vêtements,Tunis,Magasin,Carte bancaire,5,59.43,25,3.9,297.15
1518,2024-06-25,Jouets,Sfax,Magasin,Virement,4,49.18,62,4.6,196.72
544,2024-06-25,Beauté,Sousse,En ligne,Espèces,7,45.7,65,3.6,319.9
1196,2024-06-25,Alimentation,Bizerte,En ligne,Carte bancaire,6,26.29,37,5.0,157.74
2887,2024-06-26,Électronique,Nabeul,Magasin,Virement,2,378.98,20,3.7,757.96
1249,2024-06-26,Jouets,Bizerte,Magasin,Espèces,2,43.81,56,5.0,87.62
6033,2024-06-26,Électronique,Bizerte,Magasin,Carte bancaire,4,640.52,23,4.8,2562.08
4391,2024-06-26,Électronique,Sousse,En ligne,Espèces,2,308.19,43,5.0,616.38
2462,2024-06-26,Vêtements,Sfax,En ligne,Espèces,3,91.74,43,3.8,275.22
7686,2024-06-26,Alimentation,Gabès,Magasin,Carte bancaire,1,27.85,31,4.1,27.85
2437,2024-06-26,Vêtements,Sfax,Magasin,Virement,7,88.14,39,3.2,616.98
7662,2024-06-26,Électronique,Tunis,En ligne,Carte bancaire,1,615.05,42,5.0,615.05
2036,2024-06-26,Jouets,Nabeul,En ligne,Espèces,5,48.45,23,4.1,242.25
4802,2024-06-26,Électronique,Gabès,En ligne,Virement,4,586.38,63,4.1,2345.52
4760,2024-06-26,Vêtements,Kairouan,En ligne,Paiement mobile,4,81.91,58,4.5,327.64
6562,2024-06-26,Électronique,Sfax,En ligne,Carte bancaire,1,351.95,40,4.1,351.95
1853,2024-06-26,Sport,Sousse,Magasin,Carte bancaire,2,92.68,34,3.3,185.36
696,2024-06-26,Électronique,Tunis,Magasin,Carte bancaire,2,617.06,32,4.0,1234.12
1573,2024-06-26,Alimentation,Sfax,Magasin,Carte bancaire,7,12.28,41,3.2,85.96
2961,2024-06-26,Beauté,Sousse,En ligne,Paiement mobile,4,32.55,42,4.1,130.2
7287,2024-06-26,Jouets,Kairouan,Magasin,Paiement mobile,7,55.76,49,4.1,390.32
3658,2024-06-26,Alimentation,Tunis,En ligne,Virement,7,25.02,24,3.9,175.14
2862,2024-06-26,Alimentation,Sousse,En ligne,Paiement mobile,6,23.63,18,4.7,141.78
1003,2024-06-26,Électronique,Nabeul,Magasin,Paiement mobile,1,502.43,53,3.9,502.43
506,2024-06-26,Beauté,Tunis,En ligne,Paiement mobile,6,50.95,38,3.8,305.7
509,2024-06-27,Sport,Gabès,En ligne,Carte bancaire,4,119.79,37,3.8,479.16
1060,2024-06-27,Électronique,Sousse,Magasin,Carte bancaire,5,714.64,67,3.5,3573.2
6726,2024-06-27,Jouets,Sousse,En ligne,Virement,3,54.18,53,5.0,162.54
6165,2024-06-27,Électronique,Gabès,En ligne,Paiement mobile,2,554.69,68,2.9,1109.38
3520,2024-06-27,Meubles,Sousse,En ligne,Carte bancaire,4,379.73,63,3.6,1518.92
3201,2024-06-27,Beauté,Bizerte,En ligne,Espèces,7,59.7,50,4.6,417.9
4133,2024-06-27,Électronique,Sfax,En ligne,Carte bancaire,2,348.21,57,3.9,696.42
7634,2024-06-27,Jouets,Tunis,Magasin,Carte bancaire,3,21.45,43,5.0,64.35
1809,2024-06-27,Sport,Nabeul,En ligne,Carte bancaire,3,111.15,69,3.6,333.45
7681,2024-06-27,Beauté,Tunis,Magasin,Paiement mobile,1,45.95,50,3.5,45.95
1076,2024-06-27,Électronique,Tunis,En ligne,Virement,5,317.99,47,4.9,1589.95
4259,2024-06-27,Alimentation,Sousse,En ligne,Paiement mobile,3,12.71,54,4.7,38.13
4442,2024-06-27,Vêtements,Gabès,Magasin,Carte bancaire,3,65.15,55,3.5,195.45
4955,2024-06-27,Meubles,Gabès,En ligne,Paiement mobile,6,350.98,41,4.5,2105.88
3712,2024-06-27,Jouets,Gabès,Magasin,Carte bancaire,2,26.66,32,3.5,53.32
6136,2024-06-27,Sport,Tunis,Magasin,Carte bancaire,1,61.4,32,5.0,61.4
6765,2024-06-27,Alimentation,Bizerte,En ligne,Carte bancaire,1,20.66,24,3.9,20.66
6494,2024-06-27,Jouets,Kairouan,En ligne,Carte bancaire,4,52.25,34,3.5,209.0
1188,2024-06-27,Jouets,Sfax,En ligne,Paiement mobile,5,29.62,37,5.0,148.1
138,2024-06-27,Vêtements,Bizerte,En ligne,Carte bancaire,7,95.62,54,4.8,669.34
2019,2024-06-27,Beauté,Nabeul,Magasin,Carte bancaire,7,45.08,26,2.8,315.56
7476,2024-06-27,Vêtements,Gabès,Magasin,Espèces,7,93.89,23,4.0,657.23
6449,2024-06-27,Alimentation,Sousse,Magasin,Carte bancaire,7,24.05,69,3.2,168.35
6209,2024-06-27,Alimentation,Tunis,Magasin,Carte bancaire,1,30.24,54,3.0,30.24
6534,2024-06-27,Électronique,Nabeul,En ligne,Virement,4,641.26,61,3.5,2565.04
7867,2024-06-27,Beauté,Bizerte,En ligne,Paiement mobile,3,29.88,57,4.3,89.64
3045,2024-06-28,Alimentation,Kairouan,En ligne,Virement,2,17.81,67,3.1,35.62
880,2024-06-28,Beauté,Tunis,En ligne,Paiement mobile,7,49.52,46,4.1,346.64
7741,2024-06-28,Alimentation,Sousse,En ligne,Carte bancaire,2,12.45,27,4.2,24.9
5176,2024-06-28,Vêtements,Bizerte,Magasin,Carte bancaire,5,54.77,26,4.4,273.85
6261,2024-06-28,Électronique,Nabeul,En ligne,Paiement mobile,7,311.58,32,3.9,2181.06
5180,2024-06-28,Jouets,Tunis,Magasin,Paiement mobile,2,44.42,47,4.0,88.84
2358,2024-06-28,Alimentation,Nabeul,Magasin,Virement,6,17.83,39,4.6,106.98
5339,2024-06-28,Alimentation,Kairouan,En ligne,Carte bancaire,5,28.21,32,3.4,141.05
7060,2024-06-28,Sport,Sfax,Magasin,Carte bancaire,2,72.94,36,4.0,145.88
936,2024-06-28,Électronique,Tunis,En ligne,Carte bancaire,6,536.72,22,3.3,3220.32
6856,2024-06-28,Vêtements,Sousse,Magasin,Carte bancaire,2,67.28,59,5.0,134.56
5653,2024-06-28,Beauté,Sousse,En ligne,Espèces,1,61.4,64,4.2,61.4
195,2024-06-28,Sport,Tunis,Magasin,Paiement mobile,4,121.75,58,4.1,487.0
406,2024-06-28,Alimentation,Gabès,Magasin,Virement,1,14.92,27,4.4,14.92
490,2024-06-28,Jouets,Sfax,En ligne,Paiement mobile,3,39.23,36,4.9,117.69
1192,2024-06-28,Vêtements,Tunis,Magasin,Virement,7,54.93,49,4.0,384.51
7192,2024-06-28,Électronique,Sousse,Magasin,Carte bancaire,2,331.0,33,4.1,662.0
7201,2024-06-28,Alimentation,Tunis,En ligne,Espèces,6,20.62,43,4.0,123.72
6106,2024-06-28,Électronique,Sfax,Magasin,Carte bancaire,7,423.8,66,4.6,2966.6
5621,2024-06-28,Alimentation,Sfax,En ligne,Paiement mobile,6,20.43,66,3.2,122.58
5293,2024-06-29,Sport,Nabeul,En ligne,Virement,6,99.55,41,3.7,597.3
7347,2024-06-29,Jouets,Nabeul,Magasin,Espèces,4,49.41,48,5.0,197.64
1645,2024-06-29,Jouets,Sfax,En ligne,Espèces,2,50.11,53,4.8,100.22
6782,2024-06-29,Vêtements,Nabeul,En ligne,Espèces,3,58.91,24,4.5,176.73
1772,2024-06-29,Jouets,Sfax,En ligne,Paiement mobile,2,23.68,50,4.9,47.36
3890,2024-06-29,Électronique,Sousse,En ligne,Carte bancaire,2,490.76,60,2.1,981.52
1373,2024-06-29,Meubles,Kairouan,En ligne,Espèces,6,373.75,68,4.9,2242.5
342,2024-06-29,Jouets,Sousse,En ligne,Carte bancaire,4,40.36,27,5.0,161.44
3825,2024-06-29,Meubles,Tunis,En ligne,Virement,4,404.12,24,5.0,1616.48
2023,2024-06-29,Vêtements,Sousse,Magasin,Paiement mobile,3,52.65,65,4.0,157.95
5689,2024-06-29,Jouets,Bizerte,En ligne,Virement,2,54.32,38,4.2,108.64
2595,2024-06-29,Jouets,Sousse,En ligne,Virement,5,41.94,18,5.0,209.7
6960,2024-06-29,Beauté,Sfax,Magasin,Espèces,7,35.78,66,4.5,250.46
6006,2024-06-29,Alimentation,Gabès,En ligne,Paiement mobile,6,19.28,22,3.5,115.68
5346,2024-06-29,Sport,Tunis,En ligne,Carte bancaire,6,92.22,68,5.0,553.32
4044,2024-06-29,Alimentation,Tunis,En ligne,Espèces,3,21.29,24,3.9,63.87
7841,2024-06-29,Alimentation,Tunis,Magasin,Virement,5,20.56,41,5.0,102.8
2489,2024-06-29,Alimentation,Bizerte,En ligne,Paiement mobile,6,12.24,50,4.9,73.44
4654,2024-06-29,Meubles,Bizerte,Magasin,Carte bancaire,2,401.73,24,5.0,803.46
7082,2024-06-29,Jouets,Bizerte,Magasin,Carte bancaire,5,39.29,41,3.7,196.45
6070,2024-06-29,Beauté,Sousse,En ligne,Espèces,7,37.16,25,5.0,260.12
4116,2024-06-29,Sport,Sfax,Magasin,Espèces,4,56.22,19,4.7,224.88
5716,2024-06-29,Alimentation,Sousse,Magasin,Paiement mobile,4,15.02,56,4.6,60.08
4108,2024-06-29,Meubles,Sfax,Magasin,Espèces,1,432.44,42,3.6,432.44
7286,2024-06-29,Jouets,Sfax,En ligne,Carte bancaire,2,40.75,53,4.5,81.5
588,2024-06-29,Jouets,Nabeul,En ligne,Espèces,5,51.88,62,4.7,259.4
5040,2024-06-29,Sport,Bizerte,Magasin,Espèces,1,109.37,20,4.5,109.37
7758,2024-06-29,Meubles,Gabès,Magasin,Espèces,2,420.84,57,5.0,841.68
4950,2024-06-29,Beauté,Tunis,En ligne,Paiement mobile,6,43.93,25,3.6,263.58
1275,2024-06-30,Sport,Tunis,Magasin,Carte bancaire,4,90.85,68,2.8,363.4
4689,2024-06-30,Sport,Tunis,En ligne,Virement,2,122.46,58,2.6,244.92
7865,2024-06-30,Électronique,Sfax,En ligne,Carte bancaire,3,315.41,35,3.0,946.23
5184,2024-06-30,Jouets,Kairouan,Magasin,Virement,6,26.31,48,4.7,157.86
5732,2024-06-30,Alimentation,Gabès,En ligne,Espèces,7,26.05,64,2.8,182.35
4450,2024-06-30,Alimentation,Sousse,Magasin,Carte bancaire,7,28.21,48,3.2,197.47
7518,2024-06-30,Jouets,Sousse,Magasin,Carte bancaire,7,33.17,48,2.9,232.19
4895,2024-06-30,Alimentation,Sousse,En ligne,Espèces,1,15.82,45,2.9,15.82
6692,2024-06-30,Électronique,Gabès,Magasin,Paiement mobile,5,350.39,59,2.7,1751.95
6365,2024-06-30,Vêtements,Sousse,Magasin,Paiement mobile,4,92.86,67,4.4,371.44
1163,2024-06-30,Beauté,Bizerte,En ligne,Paiement mobile,5,54.13,68,3.3,270.65
4887,2024-06-30,Électronique,Sfax,En ligne,Carte bancaire,5,375.34,37,4.4,1876.7
2845,2024-06-30,Sport,Tunis,Magasin,Carte bancaire,7,77.37,25,2.6,541.59
2825,2024-06-30,Alimentation,Nabeul,En ligne,Virement,3,30.53,33,5.0,91.59
1189,2024-06-30,Alimentation,Nabeul,En ligne,Virement,5,19.9,34,4.8,99.5
7332,2024-06-30,Sport,Sfax,Magasin,Carte bancaire,7,106.21,40,3.5,743.47
5736,2024-06-30,Meubles,Tunis,Magasin,Paiement mobile,6,450.85,39,4.7,2705.1
3807,2024-06-30,Alimentation,Tunis,En ligne,Paiement mobile,4,19.19,39,4.3,76.76
7254,2024-06-30,Meubles,Sousse,Magasin,Carte bancaire,6,379.75,27,3.6,2278.5
6700,2024-06-30,Alimentation,Bizerte,En ligne,Carte bancaire,1,17.28,48,4.4,17.28
632,2024-06-30,Électronique,Nabeul,En ligne,Espèces,7,429.78,50,5.0,3008.46
7363,2024-06-30,Vêtements,Tunis,En ligne,Carte bancaire,1,82.8,33,3.2,82.8
4815,2024-06-30,Alimentation,Sousse,En ligne,Espèces,6,27.18,27,3.9,163.08
4288,2024-06-30,Sport,Bizerte,Magasin,Carte bancaire,3,55.84,60,3.6,167.52
5386,2024-06-30,Sport,Gabès,Magasin,Espèces,4,109.88,35,3.0,439.52
6732,2024-06-30,Sport,Kairouan,Magasin,Virement,7,99.98,33,3.8,699.86
6925,2024-07-01,Électronique,Sousse,En ligne,Espèces,3,710.95,40,4.0,2132.85
1483,2024-07-01,Beauté,Sfax,En ligne,Paiement mobile,4,36.67,62,4.9,146.68
2475,2024-07-01,Alimentation,Sfax,En ligne,Espèces,3,15.18,46,3.4,45.54
1886,2024-07-01,Sport,Sousse,En ligne,Carte bancaire,2,103.79,26,4.7,207.58
6484,2024-07-01,Meubles,Tunis,En ligne,Carte bancaire,7,359.58,60,4.6,2517.06
6456,2024-07-01,Jouets,Sfax,En ligne,Carte bancaire,5,31.51,27,4.2,157.55
2761,2024-07-01,Sport,Tunis,En ligne,Carte bancaire,6,100.04,21,3.6,600.24
826,2024-07-01,Meubles,Tunis,En ligne,Espèces,6,348.16,45,4.3,2088.96
3266,2024-07-01,Sport,Sfax,En ligne,Paiement mobile,6,111.57,51,5.0,669.42
4868,2024-07-01,Électronique,Tunis,En ligne,Carte bancaire,1,537.51,68,4.4,537.51
2763,2024-07-01,Électronique,Tunis,En ligne,Carte bancaire,3,614.18,36,3.7,1842.54
3648,2024-07-01,Vêtements,Sfax,Magasin,Espèces,7,79.54,61,3.9,556.78
3161,2024-07-01,Électronique,Tunis,En ligne,Virement,6,453.01,35,2.9,2718.06
2498,2024-07-01,Sport,Sfax,En ligne,Carte bancaire,4,122.15,21,5.0,488.6
4841,2024-07-01,Alimentation,Sfax,Magasin,Paiement mobile,6,13.3,31,2.8,79.8
4213,2024-07-01,Électronique,Bizerte,En ligne,Espèces,6,557.86,60,2.9,3347.16
3510,2024-07-01,Alimentation,Sousse,En ligne,Virement,1,15.05,41,3.9,15.05
7043,2024-07-01,Alimentation,Sousse,En ligne,Carte bancaire,5,30.4,35,3.7,152.0
5304,2024-07-01,Sport,Sousse,Magasin,Carte bancaire,2,118.52,35,2.7,237.04
2605,2024-07-01,Vêtements,Sousse,En ligne,Carte bancaire,4,54.87,63,5.0,219.48
554,2024-07-01,Jouets,Tunis,En ligne,Espèces,1,45.56,63,3.5,45.56
7544,2024-07-02,Jouets,Tunis,Magasin,Carte bancaire,7,22.98,51,3.5,160.86
5261,2024-07-02,Alimentation,Bizerte,En ligne,Virement,5,23.32,46,4.0,116.6
5234,2024-07-02,Jouets,Nabeul,Magasin,Espèces,1,30.38,37,4.8,30.38
6967,2024-07-02,Alimentation,Tunis,En ligne,Espèces,4,17.52,21,4.8,70.08
3623,2024-07-02,Vêtements,Kairouan,En ligne,Carte bancaire,7,93.65,55,3.2,655.55
3496,2024-07-02,Vêtements,Sfax,En ligne,Carte bancaire,4,70.27,34,4.2,281.08
6725,2024-07-02,Électronique,Nabeul,Magasin,Carte bancaire,4,389.86,59,3.2,1559.44
1103,2024-07-02,Sport,Tunis,En ligne,Carte bancaire,4,108.92,38,3.3,435.68
810,2024-07-02,Jouets,Nabeul,En ligne,Paiement mobile,2,49.57,31,3.5,99.14
4921,2024-07-02,Alimentation,Sousse,En ligne,Carte bancaire,4,22.04,50,3.8,88.16
3953,2024-07-02,Vêtements,Sfax,Magasin,Carte bancaire,7,95.18,32,4.8,666.26
2035,2024-07-02,Alimentation,Nabeul,En ligne,Espèces,5,22.99,52,4.1,114.95
224,2024-07-02,Électronique,Tunis,En ligne,Carte bancaire,6,396.44,62,3.2,2378.64
5269,2024-07-02,Alimentation,Bizerte,Magasin,Espèces,1,23.48,36,3.2,23.48
6529,2024-07-02,Alimentation,Sousse,Magasin,Virement,4,19.34,37,4.8,77.36
831,2024-07-02,Vêtements,Nabeul,Magasin,Virement,7,90.71,28,4.9,634.97
5041,2024-07-02,Électronique,Sousse,Magasin,Espèces,1,423.12,25,4.4,423.12
7775,2024-07-02,Alimentation,Gabès,En ligne,Carte bancaire,4,29.39,33,4.0,117.56
5372,2024-07-02,Alimentation,Sousse,En ligne,Paiement mobile,4,22.17,27,2.7,88.68
3563,2024-07-02,Vêtements,Sousse,Magasin,Paiement mobile,5,62.63,44,3.9,313.15
2657,2024-07-02,Meubles,Sousse,Magasin,Paiement mobile,3,433.8,43,4.1,1301.4
2854,2024-07-02,Beauté,Gabès,En ligne,Paiement mobile,7,26.79,32,4.9,187.53
5108,2024-07-03,Jouets,Tunis,Magasin,Espèces,7,32.04,19,4.6,224.28
4476,2024-07-03,Vêtements,Nabeul,Magasin,Paiement mobile,2,83.28,24,3.9,166.56
6127,2024-07-03,Beauté,Tunis,Magasin,Carte bancaire,1,46.89,39,5.0,46.89
5755,2024-07-03,Vêtements,Bizerte,Magasin,Paiement mobile,7,51.75,33,4.2,362.25
467,2024-07-03,Électronique,Gabès,Magasin,Carte bancaire,7,473.75,34,4.3,3316.25
4667,2024-07-03,Vêtements,Tunis,En ligne,Virement,3,51.37,38,4.9,154.11
7656,2024-07-03,Meubles,Bizerte,En ligne,Carte bancaire,2,415.93,42,4.1,831.86
4149,2024-07-03,Vêtements,Tunis,Magasin,Virement,3,65.48,60,4.7,196.44
2032,2024-07-03,Électronique,Tunis,Magasin,Espèces,5,342.17,53,4.4,1710.85
6737,2024-07-03,Électronique,Bizerte,Magasin,Espèces,1,449.32,33,5.0,449.32
7426,2024-07-03,Vêtements,Gabès,Magasin,Virement,1,83.83,20,3.5,83.83
6823,2024-07-03,Électronique,Bizerte,Magasin,Espèces,6,398.52,63,3.4,2391.12
7489,2024-07-03,Meubles,Sousse,En ligne,Carte bancaire,3,237.22,64,4.8,711.66
6651,2024-07-03,Sport,Sfax,En ligne,Carte bancaire,3,86.52,55,3.6,259.56
1510,2024-07-03,Meubles,Sfax,Magasin,Paiement mobile,5,322.61,64,3.8,1613.05
3823,2024-07-04,Électronique,Sfax,En ligne,Carte bancaire,4,535.58,22,4.1,2142.32
590,2024-07-04,Alimentation,Gabès,Magasin,Espèces,7,13.91,52,3.4,97.37
7228,2024-07-04,Jouets,Tunis,Magasin,Paiement mobile,1,51.5,23,4.8,51.5
4475,2024-07-04,Alimentation,Bizerte,Magasin,Espèces,3,23.72,49,3.6,71.16
694,2024-07-04,Vêtements,Sfax,Magasin,Espèces,4,86.72,58,1.9,346.88
5256,2024-07-04,Alimentation,Nabeul,Magasin,Carte bancaire,1,25.1,38,3.0,25.1
397,2024-07-04,Vêtements,Tunis,Magasin,Paiement mobile,1,55.82,66,4.7,55.82
2736,2024-07-04,Jouets,Nabeul,Magasin,Carte bancaire,4,25.79,62,3.4,103.16
7941,2024-07-04,Meubles,Tunis,Magasin,Paiement mobile,1,265.05,44,2.5,265.05
1621,2024-07-04,Meubles,Tunis,Magasin,Paiement mobile,6,366.81,47,3.5,2200.86
6467,2024-07-04,Sport,Kairouan,En ligne,Carte bancaire,7,120.62,49,4.1,844.34
7441,2024-07-04,Jouets,Gabès,En ligne,Virement,1,47.45,36,4.2,47.45
3713,2024-07-04,Vêtements,Tunis,En ligne,Carte bancaire,2,37.81,60,4.2,75.62
5371,2024-07-04,Sport,Sfax,En ligne,Paiement mobile,3,49.2,59,3.9,147.6
6114,2024-07-04,Beauté,Nabeul,En ligne,Carte bancaire,3,26.25,33,3.2,78.75
1930,2024-07-04,Alimentation,Gabès,Magasin,Paiement mobile,3,31.67,40,3.8,95.01
2672,2024-07-04,Jouets,Tunis,Magasin,Espèces,4,36.64,28,3.7,146.56
2708,2024-07-04,Électronique,Sfax,En ligne,Carte bancaire,1,431.39,46,4.1,431.39
7261,2024-07-04,Sport,Sfax,Magasin,Espèces,4,90.78,21,4.0,363.12
4806,2024-07-05,Alimentation,Gabès,Magasin,Virement,6,29.2,52,4.8,175.2
893,2024-07-05,Vêtements,Tunis,En ligne,Espèces,7,81.27,55,5.0,568.89
4455,2024-07-05,Alimentation,Sfax,Magasin,Carte bancaire,3,12.63,23,5.0,37.89
5149,2024-07-05,Alimentation,Tunis,En ligne,Carte bancaire,4,15.77,55,3.9,63.08
4834,2024-07-05,Alimentation,Sfax,Magasin,Carte bancaire,7,14.27,44,4.6,99.89
7854,2024-07-05,Vêtements,Tunis,Magasin,Carte bancaire,7,58.0,38,5.0,406.0
566,2024-07-05,Vêtements,Tunis,En ligne,Carte bancaire,6,60.64,18,4.9,363.84
5821,2024-07-05,Alimentation,Sfax,En ligne,Espèces,4,28.02,42,4.0,112.08
5114,2024-07-05,Vêtements,Tunis,En ligne,Carte bancaire,6,47.86,53,3.0,287.16
6051,2024-07-05,Alimentation,Kairouan,Magasin,Espèces,1,15.64,29,2.8,15.64
205,2024-07-05,Alimentation,Sousse,Magasin,Carte bancaire,5,28.29,26,4.3,141.45
5073,2024-07-05,Alimentation,Sousse,En ligne,Espèces,2,27.01,42,4.3,54.02
5092,2024-07-05,Sport,Nabeul,Magasin,Carte bancaire,5,83.93,50,4.6,419.65
237,2024-07-05,Jouets,Sousse,En ligne,Carte bancaire,6,44.92,49,4.1,269.52
7041,2024-07-05,Vêtements,Sousse,Magasin,Espèces,5,39.27,47,4.1,196.35
6258,2024-07-05,Sport,Sfax,En ligne,Paiement mobile,4,68.75,60,3.9,275.0
5459,2024-07-05,Alimentation,Tunis,Magasin,Virement,7,22.94,64,3.7,160.58
3955,2024-07-05,Sport,Tunis,En ligne,Carte bancaire,7,98.61,21,5.0,690.27
5579,2024-07-05,Alimentation,Kairouan,Magasin,Espèces,7,12.65,18,4.9,88.55
6780,2024-07-05,Vêtements,Tunis,Magasin,Paiement mobile,2,70.26,54,3.4,140.52
1383,2024-07-05,Électronique,Bizerte,En ligne,Paiement mobile,4,294.96,38,2.8,1179.84
3987,2024-07-05,Meubles,Bizerte,En ligne,Espèces,3,224.69,54,2.9,674.07
155,2024-07-05,Jouets,Nabeul,En ligne,Carte bancaire,4,30.56,36,5.0,122.24
6565,2024-07-05,Vêtements,Tunis,En ligne,Espèces,4,43.29,59,3.8,173.16
1531,2024-07-05,Alimentation,Bizerte,Magasin,Carte bancaire,3,13.76,55,3.8,41.28
5692,2024-07-05,Alimentation,Gabès,Magasin,Paiement mobile,1,22.68,36,3.9,22.68
6885,2024-07-05,Sport,Nabeul,En ligne,Carte bancaire,7,119.14,53,4.0,833.98
3827,2024-07-05,Électronique,Gabès,En ligne,Carte bancaire,5,663.22,61,2.3,3316.1
2744,2024-07-06,Jouets,Bizerte,En ligne,Carte bancaire,2,35.37,39,3.4,70.74
5588,2024-07-06,Vêtements,Sfax,En ligne,Espèces,1,37.56,25,4.1,37.56
3359,2024-07-06,Sport,Sousse,Magasin,Paiement mobile,6,88.95,37,3.6,533.7
1650,2024-07-06,Électronique,Kairouan,En ligne,Carte bancaire,7,342.16,63,4.7,2395.12
6192,2024-07-06,Électronique,Sfax,Magasin,Carte bancaire,7,466.23,28,4.8,3263.61
6682,2024-07-06,Alimentation,Sousse,Magasin,Paiement mobile,2,28.26,49,4.3,56.52
5916,2024-07-06,Alimentation,Tunis,Magasin,Espèces,3,16.08,68,4.6,48.24
3620,2024-07-06,Jouets,Gabès,En ligne,Espèces,6,23.81,34,3.4,142.86
3605,2024-07-06,Vêtements,Tunis,Magasin,Espèces,1,64.93,22,3.8,64.93
2723,2024-07-06,Alimentation,Tunis,Magasin,Espèces,6,30.3,45,4.7,181.8
1288,2024-07-06,Électronique,Sfax,Magasin,Carte bancaire,1,701.36,24,4.6,701.36
5899,2024-07-06,Jouets,Sfax,Magasin,Espèces,5,43.8,40,5.0,219.0
6026,2024-07-06,Sport,Nabeul,Magasin,Espèces,1,60.33,24,4.1,60.33
1868,2024-07-06,Beauté,Sousse,En ligne,Carte bancaire,7,26.45,28,3.1,185.15
2494,2024-07-06,Vêtements,Tunis,Magasin,Carte bancaire,7,68.13,20,3.2,476.91
3900,2024-07-06,Vêtements,Bizerte,Magasin,Carte bancaire,6,36.78,26,5.0,220.68
33,2024-07-06,Vêtements,Sfax,Magasin,Carte bancaire,7,64.0,52,3.2,448.0
4075,2024-07-06,Alimentation,Tunis,En ligne,Virement,4,15.17,26,5.0,60.68
345,2024-07-06,Jouets,Bizerte,Magasin,Carte bancaire,6,52.87,38,4.5,317.22
3586,2024-07-06,Électronique,Kairouan,En ligne,Virement,6,383.79,48,5.0,2302.74
4461,2024-07-06,Meubles,Tunis,Magasin,Paiement mobile,5,422.03,40,4.5,2110.15
90,2024-07-06,Vêtements,Bizerte,En ligne,Paiement mobile,3,74.3,35,5.0,222.9
2829,2024-07-06,Vêtements,Tunis,En ligne,Espèces,5,36.07,22,4.1,180.35
5359,2024-07-06,Alimentation,Tunis,Magasin,Espèces,7,17.62,25,4.4,123.34
4121,2024-07-06,Alimentation,Nabeul,Magasin,Virement,5,28.16,63,2.9,140.8
3812,2024-07-06,Jouets,Sousse,Magasin,Paiement mobile,5,54.65,37,5.0,273.25
7602,2024-07-06,Électronique,Sousse,Magasin,Espèces,1,347.67,55,3.3,347.67
7903,2024-07-06,Meubles,Tunis,Magasin,Carte bancaire,3,208.35,55,5.0,625.05
1477,2024-07-06,Alimentation,Tunis,Magasin,Virement,4,29.95,65,3.7,119.8
7277,2024-07-06,Jouets,Bizerte,En ligne,Carte bancaire,7,44.25,66,3.9,309.75
5081,2024-07-06,Alimentation,Nabeul,Magasin,Espèces,4,31.07,25,4.1,124.28
2258,2024-07-06,Alimentation,Tunis,Magasin,Carte bancaire,1,18.8,55,5.0,18.8
1680,2024-07-06,Beauté,Sfax,En ligne,Paiement mobile,1,37.02,37,4.5,37.02
5254,2024-07-06,Électronique,Sfax,En ligne,Carte bancaire,3,381.02,23,4.5,1143.06
7846,2024-07-07,Vêtements,Gabès,Magasin,Paiement mobile,1,47.92,44,3.6,47.92
7163,2024-07-07,Vêtements,Sfax,Magasin,Virement,4,80.46,65,3.9,321.84
2655,2024-07-07,Meubles,Sfax,Magasin,Virement,7,418.98,64,3.3,2932.86
4229,2024-07-07,Vêtements,Kairouan,En ligne,Carte bancaire,3,43.14,65,4.5,129.42
3026,2024-07-07,Beauté,Tunis,En ligne,Espèces,3,46.06,24,3.7,138.18
6600,2024-07-07,Meubles,Sousse,En ligne,Espèces,3,369.68,18,4.4,1109.04
4101,2024-07-07,Vêtements,Tunis,En ligne,Carte bancaire,6,60.28,37,3.8,361.68
5686,2024-07-07,Sport,Bizerte,En ligne,Virement,2,48.59,29,3.3,97.18
3239,2024-07-07,Vêtements,Gabès,En ligne,Carte bancaire,7,56.86,65,4.0,398.02
6983,2024-07-07,Vêtements,Sfax,Magasin,Virement,3,69.34,44,4.3,208.02
1211,2024-07-07,Jouets,Sfax,En ligne,Virement,3,53.33,19,3.3,159.99
7905,2024-07-07,Alimentation,Tunis,Magasin,Espèces,4,16.4,42,3.9,65.6
457,2024-07-07,Vêtements,Gabès,Magasin,Carte bancaire,3,61.32,61,5.0,183.96
4884,2024-07-07,Alimentation,Sfax,Magasin,Espèces,3,17.63,49,3.2,52.89
5153,2024-07-07,Vêtements,Tunis,En ligne,Carte bancaire,7,58.22,48,4.6,407.54
7314,2024-07-07,Sport,Sousse,Magasin,Carte bancaire,6,60.3,27,4.7,361.8
6523,2024-07-07,Alimentation,Sfax,Magasin,Carte bancaire,4,16.49,49,4.2,65.96
6417,2024-07-07,Alimentation,Gabès,Magasin,Carte bancaire,3,29.63,22,5.0,88.89
3544,2024-07-07,Alimentation,Sousse,Magasin,Carte bancaire,2,29.71,48,2.3,59.42
7915,2024-07-07,Alimentation,Sfax,En ligne,Carte bancaire,5,18.0,35,3.3,90.0
6034,2024-07-07,Alimentation,Sfax,En ligne,Virement,4,24.57,36,4.0,98.28
6,2024-07-07,Vêtements,Nabeul,Magasin,Carte bancaire,7,49.21,46,4.9,344.47
6697,2024-07-07,Vêtements,Bizerte,En ligne,Carte bancaire,4,40.65,43,3.6,162.6
35,2024-07-08,Vêtements,Sousse,En ligne,Espèces,4,87.79,24,4.4,351.16
3043,2024-07-08,Sport,Bizerte,Magasin,Virement,5,117.85,37,3.9,589.25
2586,2024-07-08,Vêtements,Sfax,En ligne,Virement,3,87.43,33,4.2,262.29
80,2024-07-08,Vêtements,Tunis,En ligne,Carte bancaire,5,44.16,59,4.8,220.8
550,2024-07-08,Jouets,Sousse,En ligne,Virement,4,33.44,38,2.8,133.76
6355,2024-07-08,Électronique,Nabeul,En ligne,Carte bancaire,1,372.16,57,5.0,372.16
3107,2024-07-08,Jouets,Sousse,Magasin,Espèces,2,44.14,53,3.4,88.28
3242,2024-07-08,Électronique,Sousse,Magasin,Carte bancaire,4,542.94,41,4.5,2171.76
399,2024-07-08,Alimentation,Tunis,Magasin,Espèces,3,15.99,27,4.1,47.97
6200,2024-07-08,Jouets,Sousse,Magasin,Espèces,4,26.01,59,4.5,104.04
5394,2024-07-08,Électronique,Nabeul,En ligne,Carte bancaire,2,698.3,47,3.5,1396.6
174,2024-07-08,Alimentation,Sousse,Magasin,Carte bancaire,1,29.83,67,4.4,29.83
5857,2024-07-08,Beauté,Sfax,Magasin,Carte bancaire,3,41.37,53,4.3,124.11
4144,2024-07-08,Électronique,Sousse,En ligne,Virement,5,384.8,40,4.0,1924.0
5204,2024-07-08,Alimentation,Bizerte,En ligne,Paiement mobile,3,30.96,45,5.0,92.88
5198,2024-07-08,Électronique,Gabès,En ligne,Virement,6,379.38,62,5.0,2276.28
1364,2024-07-08,Sport,Sousse,Magasin,Carte bancaire,5,120.4,45,3.3,602.0
2359,2024-07-08,Alimentation,Tunis,En ligne,Virement,4,21.15,60,3.2,84.6
6102,2024-07-08,Vêtements,Kairouan,En ligne,Carte bancaire,4,54.66,19,3.6,218.64
2445,2024-07-08,Vêtements,Nabeul,En ligne,Virement,3,71.66,54,2.8,214.98
651,2024-07-08,Alimentation,Sfax,Magasin,Carte bancaire,2,29.86,46,3.7,59.72
5122,2024-07-08,Jouets,Tunis,Magasin,Carte bancaire,2,36.79,47,4.0,73.58
5462,2024-07-08,Alimentation,Sfax,En ligne,Paiement mobile,3,26.92,37,4.0,80.76
5025,2024-07-08,Alimentation,Tunis,En ligne,Carte bancaire,2,26.78,43,4.9,53.56
6595,2024-07-08,Jouets,Bizerte,En ligne,Carte bancaire,1,53.11,21,3.8,53.11
4181,2024-07-09,Électronique,Nabeul,En ligne,Carte bancaire,1,361.57,26,3.9,361.57
3594,2024-07-09,Alimentation,Nabeul,Magasin,Virement,3,29.71,42,3.9,89.13
2465,2024-07-09,Jouets,Nabeul,En ligne,Paiement mobile,2,54.71,28,4.3,109.42
652,2024-07-09,Électronique,Tunis,En ligne,Carte bancaire,6,632.29,25,4.3,3793.74
3663,2024-07-09,Beauté,Sfax,En ligne,Carte bancaire,5,29.87,55,3.8,149.35
6543,2024-07-09,Alimentation,Sfax,En ligne,Paiement mobile,7,16.84,30,5.0,117.88
6422,2024-07-09,Meubles,Tunis,En ligne,Carte bancaire,7,241.07,35,4.9,1687.49
5597,2024-07-09,Beauté,Sousse,Magasin,Carte bancaire,2,29.71,61,5.0,59.42
4871,2024-07-09,Sport,Kairouan,En ligne,Carte bancaire,1,100.62,52,3.7,100.62
1648,2024-07-09,Vêtements,Tunis,Magasin,Virement,5,95.02,50,4.2,475.1
3082,2024-07-09,Alimentation,Tunis,En ligne,Carte bancaire,2,27.56,41,4.5,55.12
7553,2024-07-09,Meubles,Gabès,Magasin,Espèces,5,407.86,46,5.0,2039.3
6502,2024-07-09,Alimentation,Sfax,En ligne,Carte bancaire,7,19.37,18,4.6,135.59
5093,2024-07-09,Électronique,Tunis,En ligne,Espèces,6,576.76,59,4.0,3460.56
2495,2024-07-09,Vêtements,Sousse,En ligne,Carte bancaire,5,93.98,67,4.7,469.9
2659,2024-07-09,Beauté,Bizerte,En ligne,Carte bancaire,5,44.22,64,2.7,221.1
3076,2024-07-09,Électronique,Sfax,En ligne,Carte bancaire,3,583.53,64,4.2,1750.59
7896,2024-07-09,Électronique,Tunis,Magasin,Virement,6,437.21,21,2.9,2623.26
69,2024-07-09,Alimentation,Sfax,En ligne,Virement,4,15.39,37,4.9,61.56
5385,2024-07-09,Beauté,Nabeul,En ligne,Espèces,6,61.93,49,4.2,371.58
347,2024-07-09,Sport,Gabès,En ligne,Carte bancaire,4,69.52,19,3.7,278.08
6393,2024-07-09,Meubles,Kairouan,En ligne,Paiement mobile,5,447.24,23,4.9,2236.2
6871,2024-07-09,Sport,Bizerte,Magasin,Virement,7,101.29,41,4.1,709.03
22,2024-07-10,Vêtements,Sousse,Magasin,Espèces,1,73.34,44,4.1,73.34
5026,2024-07-10,Électronique,Tunis,En ligne,Carte bancaire,7,439.43,69,4.5,3076.01
1708,2024-07-10,Alimentation,Gabès,Magasin,Carte bancaire,7,23.44,43,4.5,164.08
2810,2024-07-10,Beauté,Kairouan,En ligne,Carte bancaire,5,58.23,42,3.9,291.15
7079,2024-07-10,Beauté,Tunis,Magasin,Virement,3,24.51,35,2.8,73.53
7055,2024-07-10,Alimentation,Gabès,En ligne,Espèces,3,20.54,56,2.3,61.62
458,2024-07-10,Électronique,Sfax,En ligne,Virement,7,317.71,47,3.9,2223.97
5334,2024-07-10,Vêtements,Sousse,Magasin,Carte bancaire,2,43.48,37,5.0,86.96
4723,2024-07-10,Vêtements,Tunis,Magasin,Carte bancaire,6,80.0,48,5.0,480.0
542,2024-07-10,Beauté,Gabès,Magasin,Carte bancaire,7,48.65,38,4.5,340.55
702,2024-07-10,Beauté,Sousse,En ligne,Carte bancaire,1,47.28,41,5.0,47.28
6777,2024-07-10,Électronique,Tunis,En ligne,Carte bancaire,5,563.89,47,5.0,2819.45
2928,2024-07-10,Électronique,Bizerte,En ligne,Paiement mobile,4,370.4,27,4.6,1481.6
6472,2024-07-10,Alimentation,Bizerte,En ligne,Carte bancaire,1,22.57,33,4.1,22.57
3517,2024-07-10,Électronique,Gabès,En ligne,Paiement mobile,1,703.34,18,4.5,703.34
788,2024-07-10,Meubles,Sousse,En ligne,Espèces,5,430.92,43,4.0,2154.6
3269,2024-07-10,Alimentation,Nabeul,En ligne,Paiement mobile,3,29.95,42,4.8,89.85
1699,2024-07-10,Beauté,Tunis,Magasin,Carte bancaire,2,50.85,24,4.6,101.7
905,2024-07-10,Sport,Bizerte,En ligne,Virement,5,84.67,29,4.6,423.35
2516,2024-07-10,Meubles,Sfax,En ligne,Carte bancaire,1,270.05,30,3.8,270.05
5343,2024-07-10,Alimentation,Gabès,En ligne,Paiement mobile,6,24.94,52,4.8,149.64
2081,2024-07-10,Alimentation,Kairouan,Magasin,Espèces,1,23.42,60,3.6,23.42
4214,2024-07-10,Vêtements,Nabeul,En ligne,Espèces,2,60.46,48,2.8,120.92
5216,2024-07-10,Jouets,Gabès,En ligne,Carte bancaire,4,35.1,50,5.0,140.4
3250,2024-07-10,Alimentation,Tunis,Magasin,Carte bancaire,6,17.26,44,5.0,103.56
6613,2024-07-10,Jouets,Tunis,En ligne,Carte bancaire,3,39.63,68,5.0,118.89
328,2024-07-10,Alimentation,Bizerte,En ligne,Espèces,3,28.74,20,3.8,86.22
4999,2024-07-10,Alimentation,Gabès,Magasin,Paiement mobile,6,15.54,53,4.0,93.24
2756,2024-07-10,Vêtements,Bizerte,Magasin,Espèces,4,50.77,33,3.4,203.08
6821,2024-07-10,Alimentation,Sousse,Magasin,Carte bancaire,1,23.61,40,4.3,23.61
4901,2024-07-11,Vêtements,Nabeul,En ligne,Carte bancaire,2,69.4,36,5.0,138.8
1702,2024-07-11,Électronique,Sfax,Magasin,Paiement mobile,3,366.34,26,4.6,1099.02
5886,2024-07-11,Alimentation,Bizerte,Magasin,Paiement mobile,2,20.93,50,4.0,41.86
1371,2024-07-11,Électronique,Sfax,Magasin,Paiement mobile,6,411.3,58,5.0,2467.8
7530,2024-07-11,Vêtements,Sfax,Magasin,Paiement mobile,1,90.44,21,4.0,90.44
4060,2024-07-11,Alimentation,Sousse,En ligne,Espèces,1,20.7,48,3.9,20.7
6249,2024-07-11,Alimentation,Sousse,En ligne,Paiement mobile,1,28.08,66,4.1,28.08
2056,2024-07-11,Vêtements,Tunis,Magasin,Carte bancaire,1,49.96,58,4.0,49.96
7477,2024-07-11,Alimentation,Sousse,Magasin,Carte bancaire,3,17.32,28,4.5,51.96
5520,2024-07-11,Alimentation,Sfax,Magasin,Paiement mobile,6,26.33,25,2.6,157.98
3384,2024-07-11,Meubles,Sousse,En ligne,Virement,5,444.16,41,4.7,2220.8
6714,2024-07-11,Jouets,Sfax,En ligne,Espèces,6,25.42,59,3.8,152.52
4236,2024-07-11,Vêtements,Sfax,Magasin,Paiement mobile,4,72.98,38,4.0,291.92
4622,2024-07-11,Électronique,Nabeul,En ligne,Paiement mobile,1,581.22,55,4.7,581.22
1526,2024-07-11,Beauté,Bizerte,En ligne,Paiement mobile,1,30.65,31,3.6,30.65
7888,2024-07-11,Beauté,Nabeul,En ligne,Paiement mobile,1,56.78,62,4.5,56.78
5784,2024-07-12,Sport,Sfax,En ligne,Carte bancaire,7,65.58,24,4.3,459.06
5467,2024-07-12,Vêtements,Kairouan,Magasin,Carte bancaire,1,85.41,62,3.6,85.41
7642,2024-07-12,Vêtements,Bizerte,En ligne,Carte bancaire,1,80.96,20,4.4,80.96
3559,2024-07-12,Meubles,Gabès,Magasin,Espèces,5,405.47,51,3.4,2027.35
613,2024-07-12,Vêtements,Sfax,En ligne,Carte bancaire,5,57.52,47,3.5,287.6
5891,2024-07-12,Meubles,Gabès,Magasin,Carte bancaire,5,196.0,42,3.7,980.0
293,2024-07-12,Beauté,Gabès,En ligne,Carte bancaire,1,37.78,47,3.1,37.78
1832,2024-07-12,Jouets,Kairouan,En ligne,Paiement mobile,2,32.57,57,2.0,65.14
975,2024-07-12,Alimentation,Sousse,En ligne,Carte bancaire,5,18.28,39,4.7,91.4
4660,2024-07-12,Beauté,Bizerte,Magasin,Virement,4,54.57,62,3.2,218.28
7227,2024-07-12,Sport,Kairouan,En ligne,Carte bancaire,6,82.41,60,4.1,494.46
1232,2024-07-12,Électronique,Tunis,En ligne,Carte bancaire,1,660.91,64,2.9,660.91
4187,2024-07-12,Alimentation,Sousse,En ligne,Espèces,2,23.46,23,5.0,46.92
7466,2024-07-12,Électronique,Tunis,Magasin,Carte bancaire,6,629.32,20,4.8,3775.92
5695,2024-07-12,Jouets,Gabès,En ligne,Carte bancaire,6,41.66,35,3.6,249.96
3593,2024-07-12,Vêtements,Kairouan,En ligne,Carte bancaire,2,65.49,58,4.7,130.98
3210,2024-07-12,Jouets,Bizerte,En ligne,Carte bancaire,4,52.02,36,3.1,208.08
1295,2024-07-13,Jouets,Sfax,En ligne,Virement,2,35.65,48,4.4,71.3
1594,2024-07-13,Électronique,Sousse,En ligne,Espèces,6,433.11,19,4.6,2598.66
5287,2024-07-13,Vêtements,Bizerte,Magasin,Paiement mobile,4,63.38,46,4.9,253.52
6466,2024-07-13,Vêtements,Gabès,Magasin,Carte bancaire,6,60.57,51,2.9,363.42
3363,2024-07-13,Alimentation,Nabeul,Magasin,Paiement mobile,5,26.95,69,2.5,134.75
5728,2024-07-13,Électronique,Sfax,En ligne,Carte bancaire,4,272.14,37,2.9,1088.56
4594,2024-07-13,Sport,Sfax,En ligne,Carte bancaire,2,64.1,23,3.5,128.2
4769,2024-07-13,Vêtements,Sousse,En ligne,Espèces,1,50.83,60,4.3,50.83
5730,2024-07-13,Vêtements,Sfax,Magasin,Espèces,1,39.09,69,4.4,39.09
7428,2024-07-13,Sport,Nabeul,Magasin,Carte bancaire,2,96.32,64,2.6,192.64
6172,2024-07-13,Vêtements,Bizerte,En ligne,Virement,4,92.19,27,5.0,368.76
5817,2024-07-13,Électronique,Sousse,Magasin,Espèces,1,437.21,42,3.4,437.21
3859,2024-07-13,Sport,Tunis,En ligne,Paiement mobile,1,70.34,32,3.9,70.34
4097,2024-07-13,Vêtements,Sousse,Magasin,Paiement mobile,5,87.37,35,3.6,436.85
833,2024-07-13,Sport,Sousse,En ligne,Paiement mobile,6,56.42,41,2.6,338.52
5625,2024-07-13,Électronique,Tunis,Magasin,Carte bancaire,6,398.85,67,3.4,2393.1
1974,2024-07-13,Électronique,Nabeul,Magasin,Carte bancaire,2,494.27,58,2.8,988.54
1737,2024-07-13,Vêtements,Tunis,Magasin,Virement,3,55.16,27,3.3,165.48
835,2024-07-13,Vêtements,Sfax,En ligne,Carte bancaire,1,47.21,57,3.1,47.21
304,2024-07-13,Électronique,Sfax,Magasin,Espèces,7,433.32,47,3.5,3033.24
418,2024-07-14,Électronique,Tunis,En ligne,Virement,2,543.3,64,4.2,1086.6
2361,2024-07-14,Vêtements,Sousse,En ligne,Carte bancaire,3,50.14,35,3.8,150.42
1088,2024-07-14,Meubles,Sfax,Magasin,Carte bancaire,5,457.57,18,3.9,2287.85
2861,2024-07-14,Alimentation,Sfax,Magasin,Carte bancaire,6,17.19,46,3.0,103.14
6546,2024-07-14,Alimentation,Sfax,En ligne,Paiement mobile,2,22.57,47,2.8,45.14
7438,2024-07-14,Sport,Bizerte,Magasin,Virement,4,50.51,67,5.0,202.04
2501,2024-07-14,Alimentation,Tunis,Magasin,Paiement mobile,3,19.87,45,4.3,59.61
2889,2024-07-14,Alimentation,Bizerte,En ligne,Carte bancaire,3,31.71,38,5.0,95.13
7671,2024-07-14,Alimentation,Kairouan,Magasin,Espèces,2,28.32,52,3.0,56.64
7576,2024-07-14,Meubles,Nabeul,En ligne,Virement,1,259.72,22,3.4,259.72
3150,2024-07-14,Jouets,Sousse,Magasin,Carte bancaire,5,39.79,63,2.7,198.95
3428,2024-07-14,Jouets,Sfax,En ligne,Virement,4,42.67,20,4.4,170.68
2277,2024-07-14,Vêtements,Gabès,En ligne,Carte bancaire,3,65.62,27,4.8,196.86
533,2024-07-14,Électronique,Sousse,Magasin,Carte bancaire,2,688.41,36,5.0,1376.82
3381,2024-07-14,Alimentation,Sousse,Magasin,Carte bancaire,2,16.79,60,4.1,33.58
4508,2024-07-14,Alimentation,Gabès,Magasin,Carte bancaire,6,12.8,55,4.2,76.8
7579,2024-07-14,Vêtements,Tunis,En ligne,Paiement mobile,1,88.96,42,3.4,88.96
6705,2024-07-14,Jouets,Tunis,En ligne,Carte bancaire,1,27.68,52,5.0,27.68
5072,2024-07-14,Jouets,Sfax,En ligne,Carte bancaire,3,26.66,20,5.0,79.98
1694,2024-07-14,Jouets,Nabeul,Magasin,Carte bancaire,1,42.99,25,4.9,42.99
3021,2024-07-14,Alimentation,Gabès,En ligne,Virement,1,21.95,52,4.2,21.95
6120,2024-07-14,Sport,Sfax,En ligne,Espèces,6,116.02,52,5.0,696.12
5487,2024-07-15,Électronique,Sousse,Magasin,Carte bancaire,1,559.21,18,3.7,559.21
4870,2024-07-15,Sport,Sousse,Magasin,Carte bancaire,3,113.08,29,3.4,339.24
6650,2024-07-15,Beauté,Tunis,En ligne,Carte bancaire,6,48.85,58,3.9,293.1
713,2024-07-15,Alimentation,Tunis,En ligne,Paiement mobile,2,27.5,36,5.0,55.0
7336,2024-07-15,Alimentation,Tunis,En ligne,Paiement mobile,2,24.95,33,3.5,49.9
6225,2024-07-15,Électronique,Gabès,En ligne,Paiement mobile,5,591.31,36,2.8,2956.55
5418,2024-07-15,Beauté,Nabeul,En ligne,Carte bancaire,6,27.71,47,3.7,166.26
4282,2024-07-15,Meubles,Tunis,En ligne,Espèces,6,410.03,50,3.8,2460.18
5901,2024-07-15,Vêtements,Sousse,En ligne,Paiement mobile,5,62.44,51,3.8,312.2
4066,2024-07-15,Électronique,Tunis,En ligne,Carte bancaire,5,331.61,59,4.9,1658.05
6141,2024-07-15,Jouets,Sousse,En ligne,Carte bancaire,1,47.1,62,4.5,47.1
743,2024-07-15,Alimentation,Bizerte,En ligne,Paiement mobile,2,31.67,58,3.3,63.34
7573,2024-07-15,Vêtements,Tunis,Magasin,Espèces,6,45.95,47,3.2,275.7
5353,2024-07-15,Meubles,Kairouan,En ligne,Carte bancaire,2,278.03,43,3.6,556.06
4848,2024-07-15,Alimentation,Gabès,Magasin,Carte bancaire,7,26.88,59,4.8,188.16
6450,2024-07-15,Meubles,Sfax,En ligne,Carte bancaire,3,383.48,27,4.3,1150.44
1292,2024-07-15,Électronique,Kairouan,En ligne,Virement,3,500.2,42,5.0,1500.6
7121,2024-07-15,Vêtements,Tunis,En ligne,Carte bancaire,7,67.66,30,4.4,473.62
2962,2024-07-15,Jouets,Tunis,En ligne,Carte bancaire,1,41.01,27,3.6,41.01
2014,2024-07-16,Alimentation,Tunis,En ligne,Carte bancaire,1,21.24,23,3.9,21.24
5827,2024-07-16,Vêtements,Bizerte,Magasin,Paiement mobile,6,76.33,53,3.9,457.98
1534,2024-07-16,Vêtements,Bizerte,En ligne,Carte bancaire,3,79.13,49,4.9,237.39
1073,2024-07-16,Alimentation,Tunis,En ligne,Carte bancaire,7,14.16,22,3.6,99.12
5426,2024-07-16,Électronique,Tunis,En ligne,Espèces,4,344.31,46,5.0,1377.24
231,2024-07-16,Électronique,Sfax,En ligne,Paiement mobile,1,336.44,20,5.0,336.44
7300,2024-07-16,Électronique,Bizerte,Magasin,Carte bancaire,5,386.6,54,3.5,1933.0
1193,2024-07-16,Alimentation,Tunis,En ligne,Carte bancaire,5,16.31,54,4.4,81.55
6763,2024-07-16,Jouets,Sfax,En ligne,Paiement mobile,7,37.24,47,5.0,260.68
220,2024-07-16,Alimentation,Tunis,En ligne,Paiement mobile,7,16.58,68,4.1,116.06
7678,2024-07-16,Électronique,Tunis,En ligne,Carte bancaire,6,381.71,63,3.0,2290.26
2905,2024-07-16,Meubles,Sfax,Magasin,Espèces,4,237.96,46,3.9,951.84
7545,2024-07-16,Vêtements,Sfax,Magasin,Virement,1,75.84,19,5.0,75.84
182,2024-07-16,Jouets,Sfax,En ligne,Virement,7,24.6,56,4.4,172.2
946,2024-07-16,Alimentation,Bizerte,En ligne,Espèces,2,18.05,42,3.1,36.1
7525,2024-07-16,Vêtements,Bizerte,Magasin,Carte bancaire,7,78.12,68,4.1,546.84
2798,2024-07-16,Jouets,Gabès,En ligne,Espèces,5,38.58,36,3.0,192.9
1443,2024-07-16,Meubles,Nabeul,En ligne,Espèces,2,436.98,57,4.1,873.96
4191,2024-07-16,Jouets,Tunis,En ligne,Carte bancaire,1,22.77,20,2.2,22.77
2780,2024-07-16,Alimentation,Nabeul,Magasin,Carte bancaire,1,22.68,34,5.0,22.68
6727,2024-07-16,Électronique,Sfax,Magasin,Espèces,2,431.95,20,4.6,863.9
3709,2024-07-16,Électronique,Sfax,Magasin,Virement,6,332.9,67,4.8,1997.4
2775,2024-07-16,Électronique,Sousse,En ligne,Carte bancaire,1,452.99,45,3.7,452.99
6807,2024-07-16,Jouets,Kairouan,Magasin,Paiement mobile,5,37.21,20,1.5,186.05
7005,2024-07-17,Alimentation,Kairouan,Magasin,Carte bancaire,1,31.45,35,4.3,31.45
247,2024-07-17,Sport,Gabès,Magasin,Paiement mobile,7,89.68,53,5.0,627.76
4076,2024-07-17,Vêtements,Bizerte,Magasin,Paiement mobile,2,60.74,19,4.1,121.48
5718,2024-07-17,Alimentation,Tunis,En ligne,Carte bancaire,4,21.28,51,4.8,85.12
7412,2024-07-17,Électronique,Kairouan,Magasin,Paiement mobile,3,705.4,38,4.3,2116.2
2112,2024-07-17,Jouets,Gabès,Magasin,Espèces,7,43.99,63,3.1,307.93
1456,2024-07-17,Vêtements,Tunis,Magasin,Espèces,1,40.17,29,5.0,40.17
5832,2024-07-17,Vêtements,Kairouan,En ligne,Carte bancaire,5,71.34,36,4.5,356.7
7790,2024-07-17,Jouets,Tunis,Magasin,Carte bancaire,3,54.69,35,3.1,164.07
1544,2024-07-17,Vêtements,Tunis,En ligne,Carte bancaire,5,72.36,31,4.7,361.8
6890,2024-07-17,Alimentation,Gabès,En ligne,Carte bancaire,3,23.59,19,3.8,70.77
1770,2024-07-17,Alimentation,Gabès,Magasin,Espèces,3,24.38,41,4.4,73.14
3883,2024-07-17,Meubles,Sousse,En ligne,Espèces,7,465.63,68,4.0,3259.41
7949,2024-07-17,Vêtements,Bizerte,Magasin,Espèces,3,59.12,62,3.3,177.36
4648,2024-07-17,Vêtements,Sfax,En ligne,Virement,6,57.16,44,3.6,342.96
6436,2024-07-17,Meubles,Nabeul,En ligne,Virement,4,463.22,64,3.3,1852.88
2871,2024-07-17,Meubles,Sfax,Magasin,Paiement mobile,4,336.67,60,1.9,1346.68
2536,2024-07-18,Électronique,Sfax,En ligne,Virement,4,285.41,65,4.2,1141.64
7952,2024-07-18,Alimentation,Sfax,Magasin,Virement,5,26.91,20,4.2,134.55
6975,2024-07-18,Vêtements,Gabès,Magasin,Carte bancaire,5,78.76,56,3.6,393.8
7632,2024-07-18,Électronique,Sfax,En ligne,Espèces,7,432.45,26,4.4,3027.15
6080,2024-07-18,Jouets,Sfax,En ligne,Espèces,2,31.33,37,4.1,62.66
1444,2024-07-18,Vêtements,Sfax,Magasin,Espèces,7,86.63,52,3.1,606.41
6188,2024-07-18,Alimentation,Nabeul,Magasin,Paiement mobile,1,27.71,56,3.2,27.71
6544,2024-07-18,Beauté,Sousse,Magasin,Carte bancaire,3,63.4,50,3.5,190.2
5924,2024-07-18,Vêtements,Sousse,En ligne,Paiement mobile,6,39.03,46,4.9,234.18
7175,2024-07-18,Électronique,Sousse,Magasin,Carte bancaire,6,322.53,24,4.6,1935.18
1129,2024-07-18,Vêtements,Sfax,Magasin,Paiement mobile,1,43.99,23,3.6,43.99
2546,2024-07-18,Électronique,Kairouan,Magasin,Carte bancaire,1,661.78,45,3.4,661.78
7352,2024-07-18,Jouets,Tunis,Magasin,Carte bancaire,1,26.73,63,4.0,26.73
6992,2024-07-18,Électronique,Gabès,En ligne,Carte bancaire,2,288.18,56,3.1,576.36
7780,2024-07-18,Vêtements,Sousse,En ligne,Carte bancaire,7,91.06,22,2.1,637.42
2288,2024-07-18,Vêtements,Bizerte,En ligne,Carte bancaire,1,42.7,55,3.5,42.7
5340,2024-07-18,Sport,Sousse,Magasin,Espèces,2,103.53,44,4.6,207.06
5218,2024-07-18,Beauté,Kairouan,En ligne,Carte bancaire,2,54.91,59,4.4,109.82
5104,2024-07-18,Électronique,Tunis,En ligne,Carte bancaire,2,678.11,18,4.4,1356.22
112,2024-07-19,Alimentation,Nabeul,En ligne,Carte bancaire,5,21.77,44,3.9,108.85
5175,2024-07-19,Beauté,Nabeul,Magasin,Virement,7,44.77,49,4.6,313.39
235,2024-07-19,Électronique,Nabeul,Magasin,Carte bancaire,3,468.06,48,3.8,1404.18
4713,2024-07-19,Vêtements,Gabès,En ligne,Carte bancaire,2,78.95,37,3.1,157.9
3588,2024-07-19,Alimentation,Kairouan,Magasin,Paiement mobile,2,16.13,29,4.8,32.26
1404,2024-07-19,Alimentation,Sfax,En ligne,Paiement mobile,1,15.02,34,3.5,15.02
3069,2024-07-19,Beauté,Tunis,Magasin,Paiement mobile,5,60.85,33,4.4,304.25
3123,2024-07-19,Vêtements,Sfax,Magasin,Paiement mobile,3,60.76,47,4.3,182.28
5769,2024-07-19,Meubles,Bizerte,En ligne,Carte bancaire,5,411.83,49,3.3,2059.15
1407,2024-07-19,Vêtements,Sousse,En ligne,Paiement mobile,2,57.82,63,4.1,115.64
3324,2024-07-19,Vêtements,Nabeul,En ligne,Carte bancaire,4,55.13,21,4.6,220.52
4575,2024-07-19,Vêtements,Bizerte,Magasin,Espèces,5,49.46,62,3.5,247.3
5863,2024-07-19,Jouets,Nabeul,Magasin,Carte bancaire,4,27.58,22,4.6,110.32
704,2024-07-19,Vêtements,Sfax,En ligne,Carte bancaire,6,37.32,26,3.2,223.92
7547,2024-07-19,Électronique,Tunis,En ligne,Virement,3,323.56,52,3.7,970.68
6649,2024-07-19,Alimentation,Tunis,En ligne,Carte bancaire,2,29.95,63,4.7,59.9
5476,2024-07-19,Sport,Sfax,Magasin,Virement,2,106.03,35,4.4,212.06
3177,2024-07-19,Meubles,Bizerte,En ligne,Paiement mobile,1,449.66,34,4.1,449.66
7631,2024-07-19,Jouets,Tunis,En ligne,Paiement mobile,2,48.29,31,3.2,96.58
3430,2024-07-19,Jouets,Tunis,Magasin,Paiement mobile,1,44.68,68,3.5,44.68
5062,2024-07-19,Beauté,Bizerte,Magasin,Paiement mobile,3,29.95,68,4.1,89.85
3730,2024-07-19,Électronique,Tunis,Magasin,Carte bancaire,3,610.53,66,3.4,1831.59
1325,2024-07-19,Meubles,Bizerte,En ligne,Espèces,3,279.7,63,2.8,839.1
73,2024-07-20,Alimentation,Bizerte,Magasin,Carte bancaire,6,26.42,56,2.4,158.52
3317,2024-07-20,Meubles,Sousse,En ligne,Virement,3,212.44,63,3.7,637.32
5506,2024-07-20,Alimentation,Nabeul,En ligne,Carte bancaire,5,13.42,28,3.3,67.1
2224,2024-07-20,Alimentation,Sfax,Magasin,Virement,3,24.57,37,3.2,73.71
4497,2024-07-20,Alimentation,Sousse,Magasin,Virement,2,30.16,67,3.8,60.32
635,2024-07-20,Vêtements,Tunis,En ligne,Paiement mobile,5,85.88,42,4.7,429.4
1899,2024-07-20,Alimentation,Tunis,Magasin,Espèces,6,20.55,40,3.6,123.3
1821,2024-07-20,Sport,Bizerte,Magasin,Carte bancaire,3,118.58,29,4.4,355.74
2720,2024-07-20,Alimentation,Tunis,Magasin,Carte bancaire,1,19.64,56,5.0,19.64
3389,2024-07-20,Alimentation,Sfax,En ligne,Carte bancaire,7,16.14,39,5.0,112.98
5177,2024-07-20,Électronique,Nabeul,En ligne,Virement,2,588.54,23,3.0,1177.08
5537,2024-07-20,Vêtements,Tunis,En ligne,Carte bancaire,2,79.9,48,4.5,159.8
3927,2024-07-20,Vêtements,Sfax,En ligne,Espèces,5,86.59,59,3.3,432.95
751,2024-07-20,Alimentation,Nabeul,En ligne,Paiement mobile,6,20.65,64,3.0,123.9
4300,2024-07-20,Alimentation,Sfax,En ligne,Carte bancaire,4,26.07,48,4.0,104.28
4162,2024-07-20,Électronique,Nabeul,En ligne,Espèces,3,472.45,55,4.0,1417.35
1171,2024-07-20,Électronique,Nabeul,En ligne,Carte bancaire,5,487.0,56,4.2,2435.0
908,2024-07-20,Alimentation,Bizerte,En ligne,Virement,3,24.03,31,3.0,72.09
1309,2024-07-20,Sport,Sfax,En ligne,Paiement mobile,3,96.59,31,4.4,289.77
4306,2024-07-20,Jouets,Sousse,En ligne,Paiement mobile,6,30.5,30,3.7,183.0
4057,2024-07-21,Meubles,Sfax,Magasin,Carte bancaire,5,252.98,18,2.8,1264.9
4882,2024-07-21,Électronique,Sousse,Magasin,Paiement mobile,2,638.22,67,3.5,1276.44
223,2024-07-21,Alimentation,Bizerte,Magasin,Carte bancaire,4,17.28,43,4.1,69.12
6239,2024-07-21,Jouets,Sfax,Magasin,Virement,4,50.03,21,3.6,200.12
2868,2024-07-21,Meubles,Sousse,En ligne,Carte bancaire,7,262.37,35,5.0,1836.59
2154,2024-07-21,Sport,Sfax,En ligne,Carte bancaire,3,72.9,69,4.6,218.7
6922,2024-07-21,Électronique,Tunis,En ligne,Paiement mobile,7,476.88,38,3.7,3338.16
3516,2024-07-21,Alimentation,Tunis,Magasin,Carte bancaire,1,20.67,49,5.0,20.67
977,2024-07-21,Alimentation,Sfax,En ligne,Paiement mobile,4,25.34,41,4.4,101.36
666,2024-07-21,Jouets,Tunis,En ligne,Virement,4,49.34,36,2.2,197.36
7592,2024-07-21,Meubles,Sousse,En ligne,Carte bancaire,7,247.41,28,4.5,1731.87
6896,2024-07-21,Alimentation,Sousse,En ligne,Espèces,5,20.12,58,3.4,100.6
4418,2024-07-21,Électronique,Gabès,Magasin,Carte bancaire,1,592.36,29,5.0,592.36
2531,2024-07-21,Alimentation,Sfax,En ligne,Paiement mobile,3,17.36,42,3.5,52.08
3144,2024-07-21,Électronique,Tunis,Magasin,Carte bancaire,2,409.61,46,5.0,819.22
7876,2024-07-21,Alimentation,Sousse,En ligne,Carte bancaire,6,29.52,31,3.4,177.12
2635,2024-07-21,Alimentation,Sfax,En ligne,Espèces,6,14.71,61,3.4,88.26
5341,2024-07-21,Jouets,Gabès,En ligne,Carte bancaire,2,51.28,36,4.4,102.56
6062,2024-07-21,Électronique,Sousse,Magasin,Paiement mobile,7,475.78,27,3.6,3330.46
1711,2024-07-22,Électronique,Bizerte,En ligne,Espèces,4,389.11,43,2.7,1556.44
7641,2024-07-22,Sport,Tunis,En ligne,Carte bancaire,2,73.55,59,4.2,147.1
4787,2024-07-22,Meubles,Sfax,Magasin,Paiement mobile,3,235.03,53,4.7,705.09
3677,2024-07-22,Sport,Sfax,Magasin,Paiement mobile,5,75.87,19,3.8,379.35
1995,2024-07-22,Jouets,Sousse,Magasin,Carte bancaire,3,35.05,46,2.4,105.15
6874,2024-07-22,Vêtements,Bizerte,En ligne,Paiement mobile,4,53.32,32,4.6,213.28
4243,2024-07-22,Vêtements,Sfax,En ligne,Carte bancaire,7,74.0,38,3.3,518.0
4752,2024-07-22,Alimentation,Sfax,Magasin,Carte bancaire,5,18.14,55,3.9,90.7
3397,2024-07-22,Électronique,Kairouan,En ligne,Carte bancaire,5,688.64,62,3.1,3443.2
7273,2024-07-22,Électronique,Tunis,En ligne,Carte bancaire,6,405.76,35,4.6,2434.56
7575,2024-07-22,Sport,Kairouan,En ligne,Carte bancaire,5,72.97,29,3.5,364.85
4665,2024-07-22,Alimentation,Tunis,En ligne,Carte bancaire,1,27.95,49,3.1,27.95
5903,2024-07-22,Alimentation,Tunis,En ligne,Virement,4,31.57,29,3.8,126.28
4317,2024-07-22,Sport,Nabeul,En ligne,Virement,2,59.91,28,4.7,119.82
1850,2024-07-22,Vêtements,Tunis,Magasin,Paiement mobile,7,57.88,27,3.5,405.16
474,2024-07-22,Alimentation,Kairouan,Magasin,Virement,7,21.88,50,3.4,153.16
3558,2024-07-22,Électronique,Nabeul,En ligne,Carte bancaire,5,277.49,37,4.4,1387.45
4602,2024-07-23,Sport,Kairouan,En ligne,Carte bancaire,2,86.35,43,4.8,172.7
5366,2024-07-23,Électronique,Bizerte,En ligne,Espèces,6,601.69,57,3.5,3610.14
3665,2024-07-23,Vêtements,Kairouan,Magasin,Virement,4,44.7,48,4.8,178.8
5136,2024-07-23,Alimentation,Tunis,En ligne,Espèces,7,29.67,41,4.2,207.69
7033,2024-07-23,Jouets,Sfax,En ligne,Virement,2,43.12,29,5.0,86.24
1792,2024-07-23,Jouets,Tunis,Magasin,Espèces,5,54.58,62,3.3,272.9
4477,2024-07-23,Électronique,Nabeul,En ligne,Carte bancaire,6,599.0,37,4.7,3594.0
6946,2024-07-23,Alimentation,Tunis,En ligne,Carte bancaire,6,15.23,21,3.8,91.38
3863,2024-07-23,Vêtements,Tunis,En ligne,Carte bancaire,7,39.64,37,3.3,277.48
759,2024-07-23,Électronique,Tunis,En ligne,Carte bancaire,4,469.49,45,4.1,1877.96
2848,2024-07-23,Beauté,Sousse,Magasin,Carte bancaire,7,42.43,69,5.0,297.01
7711,2024-07-23,Meubles,Bizerte,Magasin,Paiement mobile,5,381.05,47,3.2,1905.25
818,2024-07-23,Jouets,Tunis,Magasin,Virement,2,40.04,57,4.4,80.08
4038,2024-07-24,Vêtements,Sousse,Magasin,Carte bancaire,7,88.69,35,4.4,620.83
7644,2024-07-24,Vêtements,Tunis,En ligne,Virement,4,52.84,46,4.1,211.36
5826,2024-07-24,Alimentation,Sousse,En ligne,Espèces,1,24.83,52,5.0,24.83
5551,2024-07-24,Alimentation,Tunis,Magasin,Carte bancaire,7,12.44,23,4.2,87.08
7454,2024-07-24,Beauté,Gabès,Magasin,Carte bancaire,5,33.63,19,3.4,168.15
574,2024-07-24,Vêtements,Nabeul,Magasin,Paiement mobile,3,78.29,33,4.7,234.87
5110,2024-07-24,Vêtements,Sfax,Magasin,Carte bancaire,6,92.98,68,4.2,557.88
4579,2024-07-24,Alimentation,Kairouan,Magasin,Espèces,4,25.8,29,2.7,103.2
1666,2024-07-24,Vêtements,Kairouan,En ligne,Espèces,5,76.14,39,5.0,380.7
2020,2024-07-24,Alimentation,Sfax,En ligne,Paiement mobile,5,19.49,41,3.5,97.45
60,2024-07-24,Alimentation,Gabès,En ligne,Carte bancaire,6,16.56,54,2.7,99.36
6448,2024-07-24,Électronique,Tunis,En ligne,Espèces,7,492.92,28,4.4,3450.44
1779,2024-07-24,Jouets,Nabeul,En ligne,Carte bancaire,4,51.36,32,4.7,205.44
5847,2024-07-24,Vêtements,Nabeul,Magasin,Carte bancaire,5,58.34,58,4.1,291.7
4649,2024-07-24,Électronique,Sfax,En ligne,Espèces,7,379.24,40,4.7,2654.68
6788,2024-07-24,Électronique,Sousse,En ligne,Paiement mobile,5,618.51,42,3.8,3092.55
4690,2024-07-24,Beauté,Sfax,En ligne,Espèces,1,28.78,35,3.5,28.78
5807,2024-07-24,Vêtements,Nabeul,En ligne,Paiement mobile,1,76.92,48,4.6,76.92
2389,2024-07-24,Électronique,Bizerte,Magasin,Carte bancaire,3,601.34,20,4.3,1804.02
3127,2024-07-24,Vêtements,Kairouan,En ligne,Carte bancaire,3,78.22,48,4.2,234.66
6584,2024-07-24,Jouets,Sfax,Magasin,Paiement mobile,2,53.46,42,3.6,106.92
4255,2024-07-24,Vêtements,Tunis,En ligne,Virement,4,43.15,40,3.1,172.6
4148,2024-07-24,Alimentation,Tunis,Magasin,Carte bancaire,4,14.46,24,4.7,57.84
134,2024-07-25,Jouets,Gabès,Magasin,Carte bancaire,3,47.48,38,4.2,142.44
4710,2024-07-25,Vêtements,Sfax,En ligne,Carte bancaire,1,38.38,35,3.8,38.38
6754,2024-07-25,Électronique,Sousse,En ligne,Virement,2,566.83,49,5.0,1133.66
4345,2024-07-25,Meubles,Tunis,Magasin,Carte bancaire,5,358.46,39,5.0,1792.3
3093,2024-07-25,Alimentation,Nabeul,Magasin,Virement,7,29.5,33,4.6,206.5
7445,2024-07-25,Vêtements,Tunis,Magasin,Carte bancaire,1,60.48,19,3.5,60.48
4781,2024-07-25,Jouets,Tunis,Magasin,Carte bancaire,4,33.72,34,5.0,134.88
7385,2024-07-25,Alimentation,Kairouan,En ligne,Carte bancaire,5,24.78,64,3.1,123.9
4487,2024-07-25,Sport,Tunis,En ligne,Virement,3,57.15,43,5.0,171.45
4842,2024-07-25,Jouets,Gabès,Magasin,Paiement mobile,6,34.98,50,3.9,209.88
5938,2024-07-25,Alimentation,Tunis,Magasin,Carte bancaire,7,23.23,20,3.8,162.61
4755,2024-07-25,Sport,Sousse,En ligne,Espèces,7,116.56,24,2.9,815.92
2002,2024-07-25,Électronique,Nabeul,En ligne,Espèces,6,706.67,68,3.7,4240.02
4912,2024-07-25,Alimentation,Tunis,En ligne,Carte bancaire,4,19.21,27,5.0,76.84
782,2024-07-25,Vêtements,Sfax,Magasin,Paiement mobile,6,61.97,42,4.6,371.82
881,2024-07-25,Sport,Tunis,En ligne,Carte bancaire,5,95.04,29,3.9,475.2
1903,2024-07-25,Vêtements,Kairouan,En ligne,Virement,5,80.36,60,4.3,401.8
4964,2024-07-25,Beauté,Bizerte,En ligne,Espèces,2,45.73,38,3.8,91.46
4630,2024-07-25,Beauté,Sfax,En ligne,Virement,6,27.59,58,4.7,165.54
5460,2024-07-26,Électronique,Sfax,Magasin,Carte bancaire,5,412.83,54,4.9,2064.15
83,2024-07-26,Électronique,Sfax,Magasin,Espèces,4,457.12,46,4.3,1828.48
5190,2024-07-26,Électronique,Nabeul,En ligne,Virement,2,274.13,39,4.3,548.26
7933,2024-07-26,Électronique,Sousse,En ligne,Virement,4,626.25,27,3.9,2505.0
296,2024-07-26,Beauté,Kairouan,En ligne,Espèces,5,52.12,39,4.4,260.6
3843,2024-07-26,Électronique,Tunis,En ligne,Virement,3,555.71,32,3.2,1667.13
4323,2024-07-26,Alimentation,Sousse,En ligne,Carte bancaire,3,27.03,39,3.7,81.09
5610,2024-07-26,Alimentation,Bizerte,En ligne,Carte bancaire,7,12.88,60,4.3,90.16
4847,2024-07-26,Électronique,Tunis,En ligne,Paiement mobile,7,637.81,67,4.4,4464.67
1862,2024-07-26,Alimentation,Nabeul,Magasin,Paiement mobile,6,17.77,55,4.0,106.62
6186,2024-07-26,Meubles,Gabès,Magasin,Espèces,1,284.94,32,3.8,284.94
2314,2024-07-26,Beauté,Bizerte,Magasin,Carte bancaire,5,48.0,30,3.2,240.0
7244,2024-07-26,Vêtements,Tunis,Magasin,Carte bancaire,7,89.25,34,4.9,624.75
5966,2024-07-26,Jouets,Tunis,En ligne,Carte bancaire,6,37.0,46,2.7,222.0
5392,2024-07-26,Alimentation,Bizerte,Magasin,Carte bancaire,1,30.93,34,4.7,30.93
5102,2024-07-26,Vêtements,Tunis,Magasin,Carte bancaire,4,82.32,54,5.0,329.28
6876,2024-07-26,Beauté,Sfax,Magasin,Carte bancaire,4,35.84,46,4.3,143.36
6833,2024-07-26,Sport,Bizerte,En ligne,Carte bancaire,4,110.41,64,5.0,441.64
3546,2024-07-26,Sport,Nabeul,Magasin,Virement,5,64.73,63,5.0,323.65
5996,2024-07-26,Alimentation,Kairouan,Magasin,Carte bancaire,6,20.62,65,3.8,123.72
2212,2024-07-26,Alimentation,Tunis,En ligne,Espèces,1,22.12,45,4.2,22.12
275,2024-07-26,Électronique,Tunis,Magasin,Virement,2,280.82,62,3.6,561.64
5061,2024-07-26,Vêtements,Sfax,Magasin,Espèces,1,48.12,30,3.7,48.12
1758,2024-07-26,Alimentation,Bizerte,En ligne,Virement,2,23.12,26,3.5,46.24
5752,2024-07-26,Alimentation,Tunis,En ligne,Espèces,5,29.52,50,3.7,147.6
5267,2024-07-26,Meubles,Tunis,En ligne,Carte bancaire,2,352.36,25,5.0,704.72
5567,2024-07-27,Électronique,Kairouan,En ligne,Espèces,5,433.95,38,4.3,2169.75
6883,2024-07-27,Sport,Kairouan,Magasin,Paiement mobile,3,98.27,46,4.8,294.81
5711,2024-07-27,Électronique,Gabès,En ligne,Espèces,5,392.29,29,4.3,1961.45
6619,2024-07-27,Électronique,Tunis,Magasin,Paiement mobile,5,467.11,37,4.3,2335.55
6867,2024-07-27,Alimentation,Sfax,En ligne,Carte bancaire,6,31.92,34,2.4,191.52
1793,2024-07-27,Électronique,Sousse,Magasin,Paiement mobile,3,697.2,42,4.8,2091.6
3687,2024-07-27,Sport,Sfax,En ligne,Carte bancaire,2,103.55,53,4.9,207.1
4939,2024-07-27,Alimentation,Bizerte,En ligne,Virement,1,22.96,63,3.3,22.96
1316,2024-07-27,Électronique,Sousse,En ligne,Paiement mobile,2,669.76,20,4.0,1339.52
1318,2024-07-27,Meubles,Tunis,En ligne,Virement,3,398.67,45,3.7,1196.01
7595,2024-07-27,Alimentation,Tunis,Magasin,Carte bancaire,1,29.68,45,4.6,29.68
6457,2024-07-27,Beauté,Sfax,Magasin,Carte bancaire,7,28.74,47,4.1,201.18
4906,2024-07-27,Électronique,Nabeul,Magasin,Carte bancaire,6,596.6,40,3.2,3579.6
2301,2024-07-27,Sport,Bizerte,Magasin,Carte bancaire,5,54.73,43,4.0,273.65
4568,2024-07-27,Sport,Kairouan,En ligne,Paiement mobile,4,55.49,28,5.0,221.96
4720,2024-07-27,Alimentation,Sousse,Magasin,Espèces,5,18.12,52,3.1,90.6
6566,2024-07-27,Électronique,Tunis,Magasin,Virement,7,271.11,41,2.9,1897.77
3938,2024-07-27,Jouets,Sousse,Magasin,Paiement mobile,3,38.42,37,5.0,115.26
5388,2024-07-27,Électronique,Tunis,Magasin,Virement,4,385.3,37,4.3,1541.2
6399,2024-07-27,Jouets,Tunis,Magasin,Carte bancaire,6,49.11,18,4.2,294.66
2697,2024-07-27,Sport,Gabès,En ligne,Carte bancaire,1,88.53,67,3.9,88.53
4443,2024-07-27,Vêtements,Sfax,En ligne,Paiement mobile,4,54.2,37,3.9,216.8
4888,2024-07-28,Électronique,Gabès,Magasin,Espèces,4,516.56,23,4.4,2066.24
1705,2024-07-28,Vêtements,Sousse,En ligne,Carte bancaire,3,67.99,25,3.6,203.97
2976,2024-07-28,Vêtements,Gabès,Magasin,Carte bancaire,3,49.7,67,3.8,149.1
6016,2024-07-28,Sport,Tunis,En ligne,Carte bancaire,2,64.64,34,5.0,129.28
5263,2024-07-28,Électronique,Tunis,En ligne,Carte bancaire,5,466.18,22,3.2,2330.9
3220,2024-07-28,Alimentation,Nabeul,En ligne,Espèces,6,30.72,45,3.9,184.32
3925,2024-07-28,Beauté,Bizerte,Magasin,Espèces,5,46.78,21,2.7,233.9
1138,2024-07-28,Électronique,Sfax,Magasin,Virement,2,451.09,51,3.7,902.18
3750,2024-07-28,Électronique,Kairouan,En ligne,Carte bancaire,3,494.26,25,4.0,1482.78
3094,2024-07-28,Beauté,Tunis,En ligne,Paiement mobile,5,59.08,58,4.3,295.4
1182,2024-07-28,Électronique,Nabeul,En ligne,Carte bancaire,3,688.82,26,3.3,2066.46
4260,2024-07-28,Électronique,Sousse,En ligne,Carte bancaire,3,394.02,52,3.2,1182.06
7237,2024-07-28,Alimentation,Gabès,En ligne,Carte bancaire,7,13.41,61,3.4,93.87
3321,2024-07-28,Meubles,Sousse,En ligne,Espèces,4,427.76,51,3.1,1711.04
1489,2024-07-28,Électronique,Tunis,Magasin,Carte bancaire,4,306.63,50,4.1,1226.52
6496,2024-07-28,Alimentation,Sousse,Magasin,Paiement mobile,2,16.87,69,3.7,33.74
7588,2024-07-28,Vêtements,Tunis,En ligne,Espèces,7,63.8,27,5.0,446.6
7898,2024-07-28,Jouets,Tunis,En ligne,Paiement mobile,7,47.95,66,3.7,335.65
6112,2024-07-28,Jouets,Nabeul,Magasin,Espèces,3,38.22,33,5.0,114.66
6119,2024-07-28,Électronique,Tunis,En ligne,Virement,5,345.06,22,3.8,1725.3
5157,2024-07-28,Vêtements,Nabeul,En ligne,Espèces,5,70.46,35,3.9,352.3
7712,2024-07-29,Jouets,Sfax,En ligne,Carte bancaire,1,55.94,56,4.6,55.94
3029,2024-07-29,Alimentation,Sfax,En ligne,Carte bancaire,4,13.69,39,4.4,54.76
3733,2024-07-29,Meubles,Tunis,En ligne,Paiement mobile,3,236.96,43,2.2,710.88
2748,2024-07-29,Sport,Tunis,Magasin,Carte bancaire,5,75.05,20,3.7,375.25
5065,2024-07-29,Beauté,Gabès,Magasin,Carte bancaire,1,54.38,59,4.0,54.38
6808,2024-07-29,Meubles,Sousse,Magasin,Carte bancaire,2,444.45,61,4.5,888.9
7708,2024-07-29,Sport,Sousse,Magasin,Espèces,1,89.41,38,3.9,89.41
7551,2024-07-29,Alimentation,Sfax,Magasin,Virement,4,12.83,25,3.3,51.32
7605,2024-07-29,Électronique,Sousse,En ligne,Carte bancaire,5,335.32,46,3.2,1676.6
2706,2024-07-29,Sport,Tunis,En ligne,Carte bancaire,3,114.01,34,3.2,342.03
4722,2024-07-29,Électronique,Nabeul,En ligne,Carte bancaire,5,368.64,36,4.4,1843.2
5283,2024-07-29,Sport,Kairouan,Magasin,Carte bancaire,1,115.74,31,3.3,115.74
5923,2024-07-29,Alimentation,Sousse,En ligne,Carte bancaire,7,14.08,53,5.0,98.56
1891,2024-07-29,Alimentation,Gabès,Magasin,Carte bancaire,5,30.89,49,4.5,154.45
1219,2024-07-29,Vêtements,Gabès,Magasin,Espèces,3,89.03,43,4.7,267.09
6362,2024-07-29,Vêtements,Sousse,Magasin,Carte bancaire,4,52.97,24,5.0,211.88
5934,2024-07-29,Alimentation,Gabès,Magasin,Espèces,2,18.67,21,3.1,37.34
2559,2024-07-29,Jouets,Tunis,En ligne,Paiement mobile,2,24.85,25,3.2,49.7
4864,2024-07-29,Vêtements,Sfax,En ligne,Paiement mobile,6,60.11,51,3.9,360.66
7586,2024-07-29,Alimentation,Sousse,En ligne,Carte bancaire,6,27.97,47,4.2,167.82
3063,2024-07-30,Vêtements,Gabès,Magasin,Virement,2,60.49,19,4.0,120.98
4131,2024-07-30,Meubles,Bizerte,En ligne,Paiement mobile,2,397.54,68,5.0,795.08
4956,2024-07-30,Sport,Nabeul,En ligne,Carte bancaire,6,107.98,29,3.5,647.88
5860,2024-07-30,Électronique,Tunis,En ligne,Espèces,3,272.76,32,3.7,818.28
7010,2024-07-30,Beauté,Tunis,En ligne,Carte bancaire,6,45.14,18,3.9,270.84
705,2024-07-30,Vêtements,Nabeul,En ligne,Carte bancaire,4,38.42,27,4.5,153.68
986,2024-07-30,Vêtements,Bizerte,En ligne,Virement,5,37.06,31,3.7,185.3
5904,2024-07-30,Vêtements,Sfax,Magasin,Espèces,5,93.11,21,4.7,465.55
918,2024-07-30,Électronique,Gabès,En ligne,Carte bancaire,3,584.72,30,2.9,1754.16
6931,2024-07-30,Meubles,Sfax,Magasin,Carte bancaire,7,227.21,31,3.4,1590.47
7142,2024-07-30,Vêtements,Bizerte,Magasin,Espèces,5,42.6,50,4.5,213.0
5874,2024-07-30,Beauté,Nabeul,En ligne,Carte bancaire,1,54.91,40,2.7,54.91
6743,2024-07-30,Électronique,Sfax,Magasin,Espèces,7,370.78,45,4.1,2595.46
4405,2024-07-30,Alimentation,Sousse,En ligne,Virement,3,14.75,48,4.9,44.25
5507,2024-07-30,Sport,Bizerte,Magasin,Carte bancaire,2,95.63,60,4.6,191.26
3344,2024-07-31,Alimentation,Tunis,Magasin,Carte bancaire,6,16.25,57,3.9,97.5
82,2024-07-31,Électronique,Tunis,Magasin,Carte bancaire,1,330.99,41,3.5,330.99
2488,2024-07-31,Électronique,Tunis,Magasin,Paiement mobile,5,470.03,28,5.0,2350.15
2486,2024-07-31,Alimentation,Nabeul,Magasin,Paiement mobile,6,20.23,63,4.0,121.38
5211,2024-07-31,Vêtements,Sfax,En ligne,Carte bancaire,1,70.52,63,5.0,70.52
7610,2024-07-31,Vêtements,Nabeul,En ligne,Espèces,4,66.3,23,3.8,265.2
4155,2024-07-31,Vêtements,Bizerte,Magasin,Virement,3,84.53,61,4.1,253.59
1908,2024-07-31,Vêtements,Tunis,En ligne,Paiement mobile,7,47.19,68,5.0,330.33
665,2024-07-31,Meubles,Sousse,En ligne,Paiement mobile,1,293.37,28,4.6,293.37
3033,2024-07-31,Vêtements,Bizerte,En ligne,Paiement mobile,6,79.76,22,4.6,478.56
7208,2024-07-31,Jouets,Sfax,Magasin,Paiement mobile,1,43.61,66,3.4,43.61
4535,2024-07-31,Vêtements,Sfax,Magasin,Carte bancaire,6,43.65,40,2.7,261.9
2835,2024-07-31,Électronique,Nabeul,Magasin,Virement,2,303.58,34,4.5,607.16
2940,2024-07-31,Électronique,Tunis,En ligne,Paiement mobile,2,543.56,23,3.7,1087.12
2108,2024-07-31,Beauté,Kairouan,En ligne,Carte bancaire,7,50.66,64,3.1,354.62
5128,2024-07-31,Vêtements,Kairouan,En ligne,Espèces,5,37.73,45,4.5,188.65
7483,2024-07-31,Jouets,Tunis,En ligne,Paiement mobile,4,49.22,48,4.1,196.88
3720,2024-07-31,Alimentation,Gabès,Magasin,Carte bancaire,3,24.79,49,4.2,74.37
1043,2024-07-31,Meubles,Sfax,En ligne,Carte bancaire,6,217.2,64,4.5,1303.2
2612,2024-07-31,Meubles,Gabès,Magasin,Carte bancaire,7,349.38,48,4.6,2445.66
2647,2024-07-31,Alimentation,Kairouan,En ligne,Espèces,7,19.76,18,3.3,138.32
4904,2024-08-01,Alimentation,Tunis,Magasin,Virement,1,16.89,50,3.8,16.89
4281,2024-08-01,Jouets,Tunis,Magasin,Carte bancaire,5,44.63,34,4.6,223.15
3218,2024-08-01,Électronique,Bizerte,En ligne,Espèces,4,633.22,64,3.4,2532.88
2942,2024-08-01,Électronique,Sfax,En ligne,Carte bancaire,1,714.36,56,4.6,714.36
3685,2024-08-01,Vêtements,Tunis,Magasin,Carte bancaire,7,79.2,57,4.2,554.4
3469,2024-08-01,Beauté,Gabès,En ligne,Carte bancaire,5,30.71,47,3.9,153.55
7117,2024-08-01,Meubles,Sousse,En ligne,Carte bancaire,6,195.08,25,5.0,1170.48
5331,2024-08-01,Sport,Tunis,En ligne,Carte bancaire,4,100.8,25,4.4,403.2
6538,2024-08-01,Électronique,Sfax,En ligne,Carte bancaire,6,486.57,59,4.2,2919.42
4548,2024-08-01,Sport,Kairouan,Magasin,Virement,7,100.71,64,4.2,704.97
7689,2024-08-01,Beauté,Sfax,En ligne,Virement,6,42.12,30,4.3,252.72
5565,2024-08-01,Vêtements,Kairouan,En ligne,Paiement mobile,5,60.35,52,4.4,301.75
5517,2024-08-01,Vêtements,Nabeul,En ligne,Espèces,2,77.94,34,3.2,155.88
6251,2024-08-01,Beauté,Bizerte,En ligne,Paiement mobile,4,39.82,23,4.7,159.28
5313,2024-08-01,Électronique,Sfax,Magasin,Espèces,7,683.44,66,5.0,4784.08
2201,2024-08-01,Alimentation,Gabès,En ligne,Carte bancaire,2,14.31,61,4.1,28.62
864,2024-08-01,Alimentation,Tunis,En ligne,Carte bancaire,3,30.77,38,4.1,92.31
2937,2024-08-01,Jouets,Bizerte,En ligne,Virement,1,55.38,45,3.3,55.38
2535,2024-08-01,Électronique,Tunis,Magasin,Paiement mobile,3,426.52,39,3.3,1279.56
7429,2024-08-01,Vêtements,Tunis,En ligne,Virement,7,51.54,33,2.6,360.78
123,2024-08-01,Électronique,Tunis,Magasin,Carte bancaire,4,583.75,54,3.6,2335.0
3550,2024-08-01,Alimentation,Nabeul,En ligne,Carte bancaire,5,31.15,42,4.5,155.75
4479,2024-08-01,Électronique,Sfax,En ligne,Espèces,4,466.12,51,3.9,1864.48
6474,2024-08-01,Vêtements,Sousse,En ligne,Virement,7,92.53,63,5.0,647.71
6283,2024-08-01,Jouets,Nabeul,En ligne,Virement,2,24.67,63,5.0,49.34
1156,2024-08-01,Électronique,Sfax,Magasin,Carte bancaire,1,314.11,47,4.5,314.11
3645,2024-08-01,Électronique,Sfax,Magasin,Paiement mobile,4,435.62,36,4.2,1742.48
885,2024-08-01,Meubles,Nabeul,Magasin,Paiement mobile,4,455.87,52,2.4,1823.48
1787,2024-08-01,Alimentation,Tunis,En ligne,Paiement mobile,6,23.61,49,3.5,141.66
4170,2024-08-01,Beauté,Tunis,En ligne,Paiement mobile,6,55.85,43,3.8,335.1
7800,2024-08-01,Électronique,Gabès,Magasin,Espèces,7,591.02,62,4.1,4137.14
7603,2024-08-01,Beauté,Tunis,En ligne,Virement,1,54.06,36,3.6,54.06
5241,2024-08-01,Vêtements,Tunis,En ligne,Paiement mobile,3,76.19,28,2.6,228.57
6658,2024-08-01,Sport,Tunis,En ligne,Carte bancaire,4,78.75,34,4.6,315.0
1808,2024-08-01,Électronique,Sousse,Magasin,Paiement mobile,6,679.13,39,4.7,4074.78
3855,2024-08-01,Électronique,Bizerte,En ligne,Virement,7,315.97,37,3.6,2211.79
1566,2024-08-02,Beauté,Nabeul,En ligne,Virement,3,49.56,68,5.0,148.68
1442,2024-08-02,Sport,Nabeul,Magasin,Carte bancaire,6,124.45,65,3.9,746.7
10,2024-08-02,Jouets,Sousse,En ligne,Paiement mobile,5,39.15,65,5.0,195.75
3118,2024-08-02,Électronique,Sousse,Magasin,Carte bancaire,6,311.11,29,4.5,1866.66
1334,2024-08-02,Vêtements,Sousse,En ligne,Carte bancaire,5,69.63,52,3.7,348.15
4292,2024-08-02,Électronique,Sfax,Magasin,Paiement mobile,5,632.51,61,4.5,3162.55
4290,2024-08-02,Électronique,Sfax,En ligne,Carte bancaire,4,670.23,28,4.2,2680.92
6510,2024-08-02,Meubles,Bizerte,En ligne,Carte bancaire,4,337.66,26,4.3,1350.64
78,2024-08-02,Vêtements,Tunis,En ligne,Carte bancaire,3,51.01,52,4.7,153.03
7413,2024-08-02,Alimentation,Sfax,En ligne,Carte bancaire,6,17.55,24,3.2,105.3
6894,2024-08-02,Électronique,Tunis,Magasin,Carte bancaire,4,597.52,53,3.6,2390.08
525,2024-08-02,Jouets,Kairouan,En ligne,Virement,6,55.84,49,2.9,335.04
3295,2024-08-02,Vêtements,Tunis,Magasin,Carte bancaire,6,73.62,67,4.2,441.72
1218,2024-08-02,Vêtements,Bizerte,En ligne,Espèces,2,42.86,36,4.4,85.72
7371,2024-08-02,Alimentation,Bizerte,Magasin,Virement,7,14.14,53,4.1,98.98
6140,2024-08-02,Alimentation,Sousse,Magasin,Espèces,1,24.65,58,3.2,24.65
595,2024-08-02,Alimentation,Gabès,En ligne,Virement,3,20.51,48,4.6,61.53
3627,2024-08-02,Sport,Sfax,En ligne,Carte bancaire,6,56.8,31,3.4,340.8
1313,2024-08-02,Sport,Nabeul,En ligne,Espèces,1,101.72,60,4.6,101.72
5544,2024-08-02,Vêtements,Nabeul,En ligne,Espèces,4,63.71,57,3.2,254.84
7991,2024-08-02,Vêtements,Tunis,En ligne,Carte bancaire,4,59.48,44,5.0,237.92
4731,2024-08-02,Sport,Sousse,En ligne,Carte bancaire,3,64.38,37,4.5,193.14
393,2024-08-02,Électronique,Gabès,En ligne,Carte bancaire,6,555.56,42,3.6,3333.36
4951,2024-08-02,Alimentation,Sfax,En ligne,Carte bancaire,7,21.1,50,3.0,147.7
1468,2024-08-02,Jouets,Sfax,En ligne,Carte bancaire,7,36.44,59,4.9,255.08
5980,2024-08-02,Électronique,Tunis,En ligne,Espèces,5,432.06,40,2.7,2160.3
2297,2024-08-02,Électronique,Sfax,En ligne,Carte bancaire,5,332.78,22,3.2,1663.9
7577,2024-08-03,Électronique,Bizerte,En ligne,Carte bancaire,7,296.62,18,4.6,2076.34
6478,2024-08-03,Vêtements,Sousse,En ligne,Carte bancaire,6,56.01,47,3.1,336.06
5798,2024-08-03,Alimentation,Tunis,En ligne,Carte bancaire,3,12.82,59,4.9,38.46
4002,2024-08-03,Sport,Gabès,Magasin,Paiement mobile,3,53.88,46,3.2,161.64
6247,2024-08-03,Alimentation,Tunis,En ligne,Espèces,3,14.9,49,4.6,44.7
2025,2024-08-03,Beauté,Sfax,En ligne,Carte bancaire,7,24.13,35,3.9,168.91
7423,2024-08-03,Meubles,Kairouan,En ligne,Carte bancaire,7,472.55,24,2.3,3307.85
2377,2024-08-03,Vêtements,Nabeul,Magasin,Carte bancaire,1,40.05,45,3.0,40.05
4231,2024-08-03,Vêtements,Kairouan,Magasin,Espèces,3,56.01,49,4.6,168.03
118,2024-08-03,Vêtements,Sfax,Magasin,Paiement mobile,1,51.4,27,3.9,51.4
3515,2024-08-03,Vêtements,Bizerte,En ligne,Paiement mobile,7,68.75,22,4.9,481.25
1577,2024-08-03,Jouets,Tunis,Magasin,Paiement mobile,7,40.37,58,3.3,282.59
3180,2024-08-03,Meubles,Bizerte,En ligne,Espèces,7,244.21,35,3.8,1709.47
1437,2024-08-03,Jouets,Tunis,En ligne,Virement,2,23.67,20,5.0,47.34
3765,2024-08-03,Électronique,Nabeul,Magasin,Carte bancaire,6,560.06,49,4.0,3360.36
2733,2024-08-03,Vêtements,Sousse,En ligne,Paiement mobile,2,57.23,38,3.5,114.46
1102,2024-08-03,Électronique,Sousse,Magasin,Paiement mobile,4,642.15,66,4.1,2568.6
7023,2024-08-03,Sport,Sousse,En ligne,Virement,1,79.28,53,3.6,79.28
7985,2024-08-03,Meubles,Tunis,Magasin,Espèces,4,242.99,31,3.6,971.96
7750,2024-08-03,Alimentation,Tunis,Magasin,Espèces,3,31.03,27,4.7,93.09
6668,2024-08-03,Électronique,Nabeul,Magasin,Carte bancaire,1,584.18,67,3.7,584.18
6908,2024-08-03,Meubles,Gabès,Magasin,Carte bancaire,6,357.61,49,4.5,2145.66
7157,2024-08-03,Électronique,Sousse,En ligne,Virement,1,270.72,43,4.8,270.72
1631,2024-08-03,Sport,Tunis,En ligne,Virement,5,107.1,44,2.5,535.5
3899,2024-08-03,Beauté,Gabès,Magasin,Carte bancaire,3,42.03,67,3.0,126.09
3034,2024-08-03,Meubles,Tunis,En ligne,Carte bancaire,2,290.81,22,3.2,581.62
4986,2024-08-03,Alimentation,Tunis,En ligne,Espèces,1,12.57,40,3.3,12.57
889,2024-08-03,Alimentation,Kairouan,En ligne,Carte bancaire,4,28.93,56,2.6,115.72
3853,2024-08-04,Électronique,Sfax,Magasin,Carte bancaire,3,486.37,34,2.9,1459.11
6012,2024-08-04,Meubles,Sfax,Magasin,Espèces,1,252.19,66,3.7,252.19
624,2024-08-04,Sport,Sfax,En ligne,Paiement mobile,3,67.78,41,2.7,203.34
557,2024-08-04,Meubles,Sfax,Magasin,Virement,1,193.88,50,3.2,193.88
2029,2024-08-04,Jouets,Tunis,En ligne,Carte bancaire,3,55.5,19,3.5,166.5
88,2024-08-04,Alimentation,Tunis,Magasin,Paiement mobile,5,25.6,19,5.0,128.0
564,2024-08-04,Électronique,Tunis,En ligne,Espèces,5,655.99,40,4.5,3279.95
6002,2024-08-04,Électronique,Sfax,Magasin,Virement,2,287.89,43,4.2,575.78
733,2024-08-04,Vêtements,Bizerte,En ligne,Carte bancaire,5,53.27,38,3.0,266.35
1804,2024-08-04,Vêtements,Tunis,Magasin,Espèces,3,91.18,47,4.2,273.54
6482,2024-08-04,Électronique,Sousse,En ligne,Carte bancaire,4,709.85,42,4.1,2839.4
7945,2024-08-04,Meubles,Tunis,En ligne,Paiement mobile,5,340.28,24,5.0,1701.4
537,2024-08-04,Vêtements,Tunis,Magasin,Carte bancaire,6,65.77,62,4.6,394.62
4182,2024-08-04,Jouets,Nabeul,Magasin,Carte bancaire,7,40.45,27,2.3,283.15
2847,2024-08-04,Meubles,Bizerte,En ligne,Paiement mobile,2,420.25,35,3.9,840.5
4804,2024-08-04,Électronique,Tunis,Magasin,Paiement mobile,7,418.09,37,3.6,2926.63
2584,2024-08-04,Électronique,Tunis,Magasin,Paiement mobile,5,665.53,28,3.9,3327.65
5421,2024-08-04,Électronique,Bizerte,En ligne,Virement,5,446.83,51,4.1,2234.15
3716,2024-08-04,Meubles,Tunis,En ligne,Virement,6,290.62,36,3.9,1743.72
6954,2024-08-04,Jouets,Tunis,En ligne,Paiement mobile,1,26.57,18,3.4,26.57
1411,2024-08-04,Vêtements,Tunis,Magasin,Carte bancaire,2,81.2,68,4.0,162.4
7653,2024-08-04,Alimentation,Sousse,En ligne,Espèces,5,12.88,23,2.7,64.4
5811,2024-08-04,Meubles,Sousse,Magasin,Carte bancaire,2,392.61,37,4.1,785.22
2262,2024-08-05,Alimentation,Sousse,En ligne,Carte bancaire,2,20.89,38,2.5,41.78
3042,2024-08-05,Électronique,Sousse,En ligne,Espèces,6,296.19,21,4.2,1777.14
3224,2024-08-05,Électronique,Gabès,Magasin,Carte bancaire,3,570.82,31,4.9,1712.46
7397,2024-08-05,Alimentation,Sousse,En ligne,Paiement mobile,7,14.46,53,3.4,101.22
5881,2024-08-05,Vêtements,Tunis,En ligne,Carte bancaire,6,41.79,49,4.7,250.74
7019,2024-08-05,Sport,Nabeul,En ligne,Paiement mobile,6,98.46,41,4.6,590.76
1558,2024-08-05,Électronique,Sousse,Magasin,Carte bancaire,2,665.25,54,4.1,1330.5
7914,2024-08-05,Beauté,Sousse,Magasin,Carte bancaire,7,33.92,42,4.4,237.44
857,2024-08-05,Sport,Bizerte,Magasin,Carte bancaire,3,62.42,18,3.2,187.26
3714,2024-08-05,Meubles,Gabès,Magasin,Virement,6,399.79,24,4.5,2398.74
6029,2024-08-05,Vêtements,Sfax,En ligne,Paiement mobile,7,65.05,59,5.0,455.35
3866,2024-08-05,Alimentation,Sfax,En ligne,Carte bancaire,6,25.99,23,4.8,155.94
4303,2024-08-05,Jouets,Gabès,Magasin,Carte bancaire,4,25.04,64,4.2,100.16
70,2024-08-05,Alimentation,Gabès,En ligne,Paiement mobile,3,22.21,66,4.2,66.63
475,2024-08-05,Meubles,Tunis,Magasin,Carte bancaire,1,406.8,43,3.5,406.8
5057,2024-08-05,Jouets,Tunis,Magasin,Carte bancaire,7,22.96,44,3.1,160.72
5242,2024-08-05,Alimentation,Kairouan,Magasin,Paiement mobile,1,20.64,64,4.7,20.64
2882,2024-08-05,Vêtements,Nabeul,Magasin,Paiement mobile,6,94.42,69,4.6,566.52
7771,2024-08-05,Jouets,Tunis,Magasin,Espèces,7,54.3,43,4.2,380.1
4758,2024-08-05,Électronique,Gabès,Magasin,Virement,2,632.04,68,3.1,1264.08
2059,2024-08-05,Alimentation,Nabeul,En ligne,Carte bancaire,1,23.92,43,3.8,23.92
130,2024-08-05,Alimentation,Gabès,En ligne,Virement,4,20.55,61,4.6,82.2
1135,2024-08-05,Alimentation,Tunis,En ligne,Carte bancaire,4,18.18,34,3.5,72.72
218,2024-08-05,Électronique,Tunis,En ligne,Espèces,6,564.51,49,4.5,3387.06
7229,2024-08-05,Beauté,Bizerte,Magasin,Espèces,1,26.74,42,4.3,26.74
2687,2024-08-06,Électronique,Bizerte,En ligne,Paiement mobile,3,549.51,65,3.5,1648.53
5058,2024-08-06,Électronique,Sfax,En ligne,Paiement mobile,4,433.47,53,2.4,1733.88
2477,2024-08-06,Alimentation,Sfax,Magasin,Carte bancaire,2,17.81,59,5.0,35.62
5141,2024-08-06,Meubles,Tunis,En ligne,Espèces,3,218.04,59,3.1,654.12
6822,2024-08-06,Alimentation,Bizerte,En ligne,Carte bancaire,7,28.86,35,4.5,202.02
5869,2024-08-06,Jouets,Tunis,Magasin,Virement,2,28.06,29,5.0,56.12
7310,2024-08-06,Électronique,Kairouan,Magasin,Espèces,7,707.03,50,3.2,4949.21
4315,2024-08-06,Vêtements,Sousse,En ligne,Carte bancaire,6,54.3,47,2.5,325.8
1698,2024-08-06,Électronique,Tunis,Magasin,Carte bancaire,2,332.01,57,4.5,664.02
6554,2024-08-06,Jouets,Tunis,En ligne,Carte bancaire,6,39.6,52,4.5,237.6
4332,2024-08-06,Alimentation,Gabès,En ligne,Paiement mobile,7,12.09,43,4.1,84.63
7710,2024-08-06,Sport,Sousse,Magasin,Carte bancaire,5,119.01,66,3.8,595.05
3521,2024-08-06,Alimentation,Gabès,Magasin,Espèces,7,28.19,32,2.9,197.33
7511,2024-08-06,Alimentation,Bizerte,En ligne,Carte bancaire,3,14.86,36,3.0,44.58
3099,2024-08-06,Sport,Tunis,Magasin,Espèces,3,87.15,48,4.0,261.45
1357,2024-08-06,Électronique,Kairouan,Magasin,Carte bancaire,3,715.78,50,2.9,2147.34
6766,2024-08-06,Jouets,Bizerte,Magasin,Paiement mobile,6,36.57,47,4.9,219.42
7621,2024-08-07,Beauté,Bizerte,Magasin,Carte bancaire,7,43.1,55,3.6,301.7
6497,2024-08-07,Beauté,Sfax,En ligne,Carte bancaire,4,39.47,27,3.7,157.88
643,2024-08-07,Jouets,Gabès,Magasin,Espèces,1,45.35,29,3.1,45.35
5367,2024-08-07,Meubles,Sfax,Magasin,Carte bancaire,1,454.89,22,3.3,454.89
2080,2024-08-07,Sport,Gabès,En ligne,Carte bancaire,3,96.02,38,4.4,288.06
7989,2024-08-07,Alimentation,Bizerte,En ligne,Espèces,2,31.25,40,5.0,62.5
5095,2024-08-07,Vêtements,Bizerte,Magasin,Carte bancaire,7,43.28,56,2.5,302.96
209,2024-08-07,Jouets,Tunis,Magasin,Paiement mobile,5,29.89,33,5.0,149.45
5461,2024-08-07,Jouets,Sfax,En ligne,Carte bancaire,5,47.02,50,4.5,235.1
6216,2024-08-07,Alimentation,Sfax,En ligne,Carte bancaire,1,21.03,21,2.8,21.03
7637,2024-08-07,Sport,Gabès,En ligne,Espèces,7,61.25,52,2.7,428.75
2571,2024-08-07,Alimentation,Tunis,En ligne,Virement,4,31.06,19,4.6,124.24
1913,2024-08-07,Vêtements,Tunis,Magasin,Carte bancaire,6,93.26,50,4.9,559.56
6135,2024-08-07,Alimentation,Nabeul,En ligne,Espèces,7,27.51,43,4.6,192.57
7327,2024-08-07,Électronique,Bizerte,Magasin,Carte bancaire,4,411.74,59,4.1,1646.96
7183,2024-08-07,Beauté,Sousse,En ligne,Carte bancaire,2,37.0,42,4.2,74.0
332,2024-08-07,Électronique,Sousse,Magasin,Carte bancaire,5,648.72,31,4.7,3243.6
4671,2024-08-07,Électronique,Sfax,Magasin,Paiement mobile,4,669.38,46,4.7,2677.52
4730,2024-08-07,Électronique,Sousse,Magasin,Carte bancaire,6,274.69,38,4.5,1648.14
2839,2024-08-07,Sport,Bizerte,En ligne,Espèces,1,94.45,22,5.0,94.45
2841,2024-08-07,Vêtements,Sousse,Magasin,Carte bancaire,4,75.03,45,4.7,300.12
5947,2024-08-07,Vêtements,Sousse,En ligne,Carte bancaire,3,92.36,49,3.3,277.08
706,2024-08-07,Sport,Sfax,En ligne,Carte bancaire,3,114.17,20,4.5,342.51
2202,2024-08-07,Alimentation,Gabès,En ligne,Paiement mobile,5,18.0,25,3.8,90.0
6256,2024-08-07,Sport,Sousse,Magasin,Espèces,2,126.55,45,3.9,253.1
967,2024-08-07,Meubles,Tunis,En ligne,Virement,5,383.79,48,3.9,1918.95
2988,2024-08-07,Alimentation,Sousse,Magasin,Carte bancaire,1,21.53,27,5.0,21.53
6463,2024-08-07,Alimentation,Sfax,Magasin,Paiement mobile,6,27.53,44,5.0,165.18
469,2024-08-07,Sport,Gabès,Magasin,Carte bancaire,6,58.67,56,4.5,352.02
698,2024-08-07,Électronique,Sousse,En ligne,Carte bancaire,1,311.43,29,4.0,311.43
3632,2024-08-08,Meubles,Tunis,Magasin,Carte bancaire,5,310.02,69,5.0,1550.1
1883,2024-08-08,Sport,Tunis,En ligne,Espèces,7,121.6,65,4.4,851.2
5488,2024-08-08,Vêtements,Gabès,En ligne,Carte bancaire,5,55.99,54,4.6,279.95
596,2024-08-08,Sport,Bizerte,Magasin,Carte bancaire,7,119.24,45,4.7,834.68
6361,2024-08-08,Vêtements,Sousse,Magasin,Carte bancaire,5,89.76,44,4.4,448.8
4089,2024-08-08,Sport,Tunis,En ligne,Virement,3,52.19,26,4.9,156.57
7502,2024-08-08,Alimentation,Sousse,Magasin,Carte bancaire,6,12.33,37,4.0,73.98
7361,2024-08-08,Jouets,Nabeul,Magasin,Espèces,2,37.85,18,5.0,75.7
2510,2024-08-08,Électronique,Bizerte,Magasin,Virement,4,639.59,32,3.6,2558.36
5162,2024-08-08,Électronique,Gabès,Magasin,Espèces,4,342.51,56,3.2,1370.04
5210,2024-08-08,Jouets,Bizerte,En ligne,Paiement mobile,6,31.52,54,4.0,189.12
2730,2024-08-08,Alimentation,Tunis,En ligne,Espèces,1,26.69,69,3.2,26.69
2131,2024-08-08,Alimentation,Sousse,Magasin,Carte bancaire,1,18.5,20,4.4,18.5
7992,2024-08-08,Vêtements,Bizerte,Magasin,Paiement mobile,7,45.22,68,3.8,316.54
4685,2024-08-08,Alimentation,Bizerte,En ligne,Carte bancaire,6,27.02,64,4.3,162.12
7306,2024-08-08,Beauté,Bizerte,Magasin,Espèces,2,27.53,48,5.0,55.06
4682,2024-08-08,Beauté,Sfax,Magasin,Espèces,5,63.13,32,3.4,315.65
2458,2024-08-08,Électronique,Tunis,Magasin,Carte bancaire,4,564.97,54,3.7,2259.88
4064,2024-08-08,Meubles,Sousse,En ligne,Paiement mobile,4,258.34,64,2.4,1033.36
5650,2024-08-08,Vêtements,Sfax,Magasin,Carte bancaire,3,57.66,50,3.2,172.98
4751,2024-08-09,Jouets,Tunis,En ligne,Espèces,5,43.72,50,4.7,218.6
1235,2024-08-09,Meubles,Kairouan,En ligne,Carte bancaire,7,264.28,56,3.2,1849.96
3930,2024-08-09,Alimentation,Sfax,En ligne,Carte bancaire,4,24.3,52,5.0,97.2
2619,2024-08-09,Sport,Bizerte,En ligne,Espèces,5,69.73,23,3.9,348.65
776,2024-08-09,Jouets,Tunis,Magasin,Carte bancaire,7,32.85,45,4.4,229.95
1778,2024-08-09,Alimentation,Bizerte,En ligne,Virement,5,13.34,19,4.0,66.7
1691,2024-08-09,Électronique,Kairouan,En ligne,Carte bancaire,2,279.97,47,3.8,559.94
3148,2024-08-09,Électronique,Sousse,Magasin,Virement,1,563.16,30,2.8,563.16
3566,2024-08-09,Alimentation,Sousse,Magasin,Carte bancaire,1,16.81,55,4.4,16.81
4966,2024-08-09,Électronique,Sfax,Magasin,Carte bancaire,7,582.03,46,5.0,4074.21
6602,2024-08-09,Alimentation,Sfax,En ligne,Carte bancaire,3,29.23,52,3.7,87.69
6066,2024-08-09,Jouets,Tunis,En ligne,Virement,5,45.02,44,4.9,225.1
6531,2024-08-09,Beauté,Nabeul,En ligne,Carte bancaire,3,36.37,22,5.0,109.11
3829,2024-08-09,Jouets,Nabeul,Magasin,Carte bancaire,4,32.59,59,4.5,130.36
5097,2024-08-09,Vêtements,Sousse,Magasin,Carte bancaire,4,93.14,55,4.4,372.56
4917,2024-08-09,Alimentation,Tunis,Magasin,Espèces,5,24.54,25,4.5,122.7
7063,2024-08-09,Alimentation,Tunis,Magasin,Carte bancaire,2,22.31,62,2.6,44.62
1301,2024-08-09,Meubles,Sfax,En ligne,Paiement mobile,1,279.77,27,5.0,279.77
145,2024-08-09,Jouets,Sousse,Magasin,Carte bancaire,7,41.82,64,4.1,292.74
481,2024-08-09,Meubles,Tunis,Magasin,Carte bancaire,6,290.99,64,4.1,1745.94
4771,2024-08-09,Vêtements,Bizerte,En ligne,Carte bancaire,4,90.57,60,3.7,362.28
5015,2024-08-10,Alimentation,Sfax,Magasin,Paiement mobile,4,29.21,25,3.5,116.84
3348,2024-08-10,Meubles,Sfax,En ligne,Espèces,3,284.26,54,3.7,852.78
6451,2024-08-10,Vêtements,Gabès,En ligne,Carte bancaire,3,89.07,46,2.7,267.21
1678,2024-08-10,Électronique,Gabès,En ligne,Paiement mobile,2,680.79,52,4.4,1361.58
1470,2024-08-10,Électronique,Bizerte,En ligne,Carte bancaire,6,370.49,46,3.4,2222.94
1848,2024-08-10,Vêtements,Sfax,Magasin,Virement,6,71.36,44,4.3,428.16
3929,2024-08-10,Électronique,Sousse,En ligne,Virement,4,599.75,18,4.2,2399.0
3012,2024-08-10,Électronique,Gabès,En ligne,Virement,3,447.56,51,3.7,1342.68
355,2024-08-10,Électronique,Sfax,En ligne,Espèces,3,711.41,18,5.0,2134.23
4960,2024-08-10,Jouets,Bizerte,En ligne,Paiement mobile,6,37.24,34,4.5,223.44
6939,2024-08-10,Meubles,Gabès,Magasin,Carte bancaire,2,419.77,56,3.9,839.54
575,2024-08-10,Alimentation,Tunis,Magasin,Paiement mobile,7,18.42,22,4.5,128.94
491,2024-08-10,Électronique,Nabeul,Magasin,Carte bancaire,5,535.68,35,2.7,2678.4
591,2024-08-10,Électronique,Tunis,En ligne,Carte bancaire,1,468.29,52,4.8,468.29
5037,2024-08-10,Électronique,Tunis,En ligne,Paiement mobile,7,270.0,29,3.6,1890.0
7109,2024-08-10,Alimentation,Nabeul,Magasin,Carte bancaire,4,19.61,58,3.9,78.44
2573,2024-08-10,Jouets,Sfax,En ligne,Paiement mobile,4,37.5,47,3.4,150.0
2703,2024-08-10,Alimentation,Nabeul,En ligne,Carte bancaire,1,17.39,20,4.0,17.39
964,2024-08-10,Vêtements,Sfax,Magasin,Carte bancaire,7,89.89,18,3.9,629.23
2034,2024-08-10,Jouets,Tunis,Magasin,Carte bancaire,3,42.51,41,4.0,127.53
1276,2024-08-10,Meubles,Tunis,Magasin,Carte bancaire,3,354.59,66,3.9,1063.77
5370,2024-08-10,Électronique,Sfax,En ligne,Carte bancaire,5,713.82,42,4.1,3569.1
7879,2024-08-10,Beauté,Tunis,Magasin,Carte bancaire,5,48.86,61,2.3,244.3
2680,2024-08-11,Alimentation,Sfax,En ligne,Espèces,3,24.02,24,3.4,72.06
2117,2024-08-11,Sport,Sfax,Magasin,Carte bancaire,7,51.83,64,4.3,362.81
1670,2024-08-11,Jouets,Sfax,Magasin,Paiement mobile,1,55.34,58,3.0,55.34
6857,2024-08-11,Vêtements,Gabès,En ligne,Virement,5,64.27,50,4.2,321.35
551,2024-08-11,Beauté,Gabès,Magasin,Carte bancaire,6,34.26,40,4.3,205.56
5075,2024-08-11,Alimentation,Bizerte,Magasin,Carte bancaire,5,12.06,23,4.3,60.3
7858,2024-08-11,Électronique,Bizerte,Magasin,Paiement mobile,6,312.83,62,4.1,1876.98
6537,2024-08-11,Vêtements,Sfax,En ligne,Carte bancaire,2,37.55,48,4.1,75.1
6569,2024-08-11,Vêtements,Sfax,Magasin,Espèces,7,89.87,33,4.4,629.09
1617,2024-08-11,Électronique,Bizerte,Magasin,Virement,5,699.41,59,3.9,3497.05
3436,2024-08-11,Électronique,Bizerte,En ligne,Carte bancaire,7,700.27,64,3.0,4901.89
6134,2024-08-11,Vêtements,Sfax,En ligne,Espèces,7,63.01,65,4.3,441.07
684,2024-08-11,Sport,Nabeul,En ligne,Carte bancaire,5,87.38,60,5.0,436.9
726,2024-08-11,Électronique,Tunis,Magasin,Carte bancaire,5,567.4,24,3.7,2837.0
2634,2024-08-11,Sport,Gabès,Magasin,Paiement mobile,2,104.6,27,4.0,209.2
1315,2024-08-11,Électronique,Sousse,En ligne,Paiement mobile,1,382.68,38,4.8,382.68
4661,2024-08-11,Alimentation,Sfax,En ligne,Virement,2,19.9,27,4.0,39.8
3917,2024-08-11,Électronique,Nabeul,En ligne,Paiement mobile,5,293.92,24,3.3,1469.6
1216,2024-08-11,Alimentation,Sfax,En ligne,Virement,5,22.53,35,4.2,112.65
1687,2024-08-11,Sport,Gabès,En ligne,Carte bancaire,5,50.5,35,4.1,252.5
5640,2024-08-11,Vêtements,Nabeul,Magasin,Carte bancaire,2,79.52,51,3.5,159.04
4765,2024-08-11,Alimentation,Nabeul,En ligne,Paiement mobile,3,27.28,35,4.7,81.84
212,2024-08-11,Vêtements,Sfax,En ligne,Carte bancaire,5,36.86,66,2.8,184.3
3833,2024-08-11,Alimentation,Sfax,Magasin,Paiement mobile,3,28.18,69,4.0,84.54
3096,2024-08-12,Jouets,Gabès,En ligne,Carte bancaire,3,29.69,60,5.0,89.07
5530,2024-08-12,Vêtements,Sousse,En ligne,Virement,6,81.18,38,4.6,487.08
1068,2024-08-12,Jouets,Kairouan,Magasin,Carte bancaire,1,34.02,57,3.3,34.02
7828,2024-08-12,Sport,Nabeul,En ligne,Carte bancaire,4,92.75,34,3.8,371.0
213,2024-08-12,Beauté,Tunis,Magasin,Paiement mobile,1,60.16,30,2.3,60.16
987,2024-08-12,Meubles,Tunis,Magasin,Carte bancaire,4,260.4,18,3.8,1041.6
6347,2024-08-12,Meubles,Bizerte,Magasin,Espèces,5,431.4,47,4.5,2157.0
7981,2024-08-12,Alimentation,Tunis,En ligne,Espèces,2,31.34,20,4.5,62.68
3309,2024-08-12,Beauté,Nabeul,Magasin,Carte bancaire,2,32.94,52,4.7,65.88
4413,2024-08-12,Jouets,Sousse,Magasin,Espèces,7,33.48,61,3.0,234.36
186,2024-08-12,Électronique,Gabès,En ligne,Carte bancaire,1,710.83,33,5.0,710.83
6300,2024-08-12,Sport,Tunis,Magasin,Espèces,5,111.92,60,3.0,559.6
1939,2024-08-12,Beauté,Bizerte,Magasin,Espèces,2,48.61,45,4.0,97.22
175,2024-08-12,Vêtements,Tunis,Magasin,Carte bancaire,6,36.44,49,4.2,218.64
5746,2024-08-12,Beauté,Sousse,Magasin,Espèces,7,33.24,60,3.7,232.68
3852,2024-08-12,Électronique,Bizerte,En ligne,Virement,3,507.57,34,4.6,1522.71
3535,2024-08-12,Sport,Sfax,En ligne,Carte bancaire,2,85.96,56,3.5,171.92
5712,2024-08-12,Alimentation,Gabès,En ligne,Paiement mobile,6,12.3,36,3.8,73.8
1825,2024-08-12,Électronique,Sfax,En ligne,Carte bancaire,5,489.96,44,5.0,2449.8
1302,2024-08-13,Alimentation,Tunis,Magasin,Virement,6,14.65,42,4.4,87.9
1542,2024-08-13,Vêtements,Tunis,En ligne,Carte bancaire,1,69.78,20,3.9,69.78
2233,2024-08-13,Beauté,Sfax,En ligne,Carte bancaire,5,29.32,62,2.6,146.6
5772,2024-08-13,Alimentation,Gabès,En ligne,Carte bancaire,5,28.69,52,4.5,143.45
1722,2024-08-13,Vêtements,Bizerte,En ligne,Carte bancaire,5,61.41,56,5.0,307.05
790,2024-08-13,Électronique,Sousse,Magasin,Carte bancaire,5,393.22,58,5.0,1966.1
3035,2024-08-13,Alimentation,Bizerte,Magasin,Carte bancaire,4,25.07,68,4.7,100.28
1602,2024-08-13,Beauté,Nabeul,En ligne,Carte bancaire,5,38.51,49,3.4,192.55
3915,2024-08-13,Vêtements,Gabès,En ligne,Carte bancaire,7,90.28,23,5.0,631.96
6360,2024-08-13,Vêtements,Tunis,En ligne,Carte bancaire,6,83.64,54,4.0,501.84
5101,2024-08-13,Électronique,Tunis,En ligne,Carte bancaire,7,505.21,65,3.4,3536.47
2345,2024-08-13,Jouets,Bizerte,En ligne,Paiement mobile,4,54.78,33,3.5,219.12
1595,2024-08-13,Vêtements,Bizerte,Magasin,Carte bancaire,1,45.11,21,4.1,45.11
1556,2024-08-13,Sport,Sfax,En ligne,Carte bancaire,6,122.74,66,2.5,736.44
5560,2024-08-13,Vêtements,Bizerte,Magasin,Carte bancaire,4,68.02,55,3.5,272.08
3862,2024-08-13,Meubles,Kairouan,Magasin,Paiement mobile,6,312.4,41,4.3,1874.4
7337,2024-08-13,Sport,Sousse,En ligne,Paiement mobile,4,89.81,47,4.7,359.24
318,2024-08-13,Beauté,Sfax,Magasin,Virement,6,53.77,23,5.0,322.62
7380,2024-08-13,Vêtements,Kairouan,Magasin,Virement,3,56.56,43,3.9,169.68
7856,2024-08-13,Sport,Bizerte,En ligne,Espèces,6,63.37,55,4.1,380.22
7213,2024-08-13,Alimentation,Sousse,Magasin,Carte bancaire,3,16.82,25,4.3,50.46
7789,2024-08-13,Électronique,Nabeul,Magasin,Carte bancaire,2,626.88,51,4.1,1253.76
6863,2024-08-13,Sport,Sousse,Magasin,Paiement mobile,7,103.39,35,4.0,723.73
939,2024-08-13,Alimentation,Tunis,En ligne,Paiement mobile,3,25.54,37,3.1,76.62
5042,2024-08-13,Électronique,Kairouan,En ligne,Carte bancaire,3,270.91,66,3.1,812.73
6181,2024-08-13,Sport,Nabeul,Magasin,Carte bancaire,5,51.9,44,4.7,259.5
2600,2024-08-13,Beauté,Nabeul,En ligne,Paiement mobile,2,51.72,43,3.5,103.44
7199,2024-08-13,Vêtements,Tunis,Magasin,Espèces,5,49.73,18,3.8,248.65
7533,2024-08-14,Alimentation,Bizerte,En ligne,Paiement mobile,4,31.64,64,5.0,126.56
5068,2024-08-14,Beauté,Tunis,Magasin,Carte bancaire,4,53.95,23,3.0,215.8
5330,2024-08-14,Meubles,Kairouan,En ligne,Carte bancaire,5,302.7,42,5.0,1513.5
5187,2024-08-14,Jouets,Gabès,En ligne,Espèces,4,23.32,20,4.7,93.28
1386,2024-08-14,Alimentation,Kairouan,Magasin,Paiement mobile,1,18.05,64,4.8,18.05
670,2024-08-14,Alimentation,Tunis,En ligne,Espèces,3,29.28,59,3.8,87.84
287,2024-08-14,Beauté,Sousse,Magasin,Paiement mobile,4,61.95,42,3.7,247.8
2508,2024-08-14,Jouets,Tunis,En ligne,Paiement mobile,2,26.65,69,3.1,53.3
1503,2024-08-14,Jouets,Nabeul,En ligne,Espèces,4,36.09,55,3.1,144.36
1494,2024-08-14,Électronique,Nabeul,Magasin,Carte bancaire,7,438.08,26,4.9,3066.56
1400,2024-08-14,Alimentation,Nabeul,En ligne,Carte bancaire,4,15.45,18,5.0,61.8
3025,2024-08-14,Sport,Tunis,Magasin,Espèces,2,114.37,38,4.5,228.74
6567,2024-08-14,Alimentation,Tunis,En ligne,Virement,3,30.35,63,4.5,91.05
2956,2024-08-14,Vêtements,Sfax,En ligne,Paiement mobile,3,64.1,36,5.0,192.3
125,2024-08-14,Beauté,Tunis,Magasin,Paiement mobile,6,61.05,49,4.5,366.3
1714,2024-08-14,Électronique,Nabeul,En ligne,Carte bancaire,5,622.06,48,3.9,3110.3
903,2024-08-14,Électronique,Bizerte,En ligne,Virement,4,322.07,58,2.6,1288.28
7749,2024-08-14,Alimentation,Sfax,Magasin,Espèces,2,25.77,29,3.5,51.54
1580,2024-08-14,Vêtements,Sousse,En ligne,Paiement mobile,1,94.59,62,4.2,94.59
5220,2024-08-14,Jouets,Sfax,En ligne,Carte bancaire,3,31.85,43,4.3,95.55
3146,2024-08-14,Alimentation,Sousse,En ligne,Paiement mobile,7,23.69,68,4.1,165.83
3781,2024-08-14,Alimentation,Sfax,En ligne,Carte bancaire,1,28.12,65,3.1,28.12
3746,2024-08-14,Vêtements,Tunis,Magasin,Espèces,5,94.6,61,3.3,473.0
3084,2024-08-14,Alimentation,Tunis,Magasin,Carte bancaire,5,27.87,33,3.9,139.35
543,2024-08-14,Électronique,Tunis,En ligne,Paiement mobile,2,375.13,59,5.0,750.26
2714,2024-08-14,Alimentation,Tunis,En ligne,Carte bancaire,6,15.59,50,4.9,93.54
6865,2024-08-15,Sport,Bizerte,Magasin,Paiement mobile,1,96.95,58,3.6,96.95
4151,2024-08-15,Vêtements,Sousse,En ligne,Carte bancaire,4,70.75,55,3.4,283.0
3846,2024-08-15,Électronique,Nabeul,En ligne,Paiement mobile,3,666.17,52,2.5,1998.51
6681,2024-08-15,Sport,Nabeul,En ligne,Paiement mobile,3,75.24,29,4.8,225.72
7140,2024-08-15,Vêtements,Sfax,En ligne,Virement,1,76.78,61,5.0,76.78
2853,2024-08-15,Vêtements,Sfax,Magasin,Espèces,7,70.34,39,3.0,492.38
7298,2024-08-15,Vêtements,Kairouan,Magasin,Paiement mobile,3,41.22,47,4.0,123.66
5252,2024-08-15,Meubles,Sfax,Magasin,Paiement mobile,7,244.07,66,2.4,1708.49
1924,2024-08-15,Meubles,Sousse,Magasin,Paiement mobile,1,329.86,64,3.2,329.86
2759,2024-08-15,Jouets,Gabès,En ligne,Carte bancaire,2,34.06,18,2.8,68.12
4017,2024-08-15,Meubles,Nabeul,En ligne,Carte bancaire,5,423.18,57,4.4,2115.9
5626,2024-08-15,Électronique,Sousse,En ligne,Espèces,2,666.88,33,4.2,1333.76
2139,2024-08-15,Beauté,Tunis,En ligne,Virement,5,51.63,26,3.3,258.15
3811,2024-08-15,Jouets,Sfax,Magasin,Carte bancaire,7,34.22,56,3.2,239.54
2557,2024-08-15,Beauté,Sfax,Magasin,Virement,4,33.79,52,5.0,135.16
926,2024-08-15,Meubles,Tunis,Magasin,Carte bancaire,2,240.81,42,4.0,481.62
701,2024-08-15,Alimentation,Nabeul,Magasin,Carte bancaire,4,17.19,23,4.3,68.76
3512,2024-08-15,Alimentation,Tunis,Magasin,Virement,5,23.4,52,3.8,117.0
1100,2024-08-15,Beauté,Gabès,Magasin,Carte bancaire,1,30.37,66,4.4,30.37
1783,2024-08-15,Électronique,Gabès,En ligne,Paiement mobile,3,700.69,53,3.8,2102.07
2472,2024-08-16,Vêtements,Kairouan,Magasin,Carte bancaire,5,68.21,66,4.6,341.05
942,2024-08-16,Électronique,Sfax,Magasin,Espèces,1,322.54,18,3.0,322.54
2270,2024-08-16,Vêtements,Sfax,Magasin,Carte bancaire,5,53.76,47,3.6,268.8
783,2024-08-16,Beauté,Gabès,En ligne,Carte bancaire,7,38.25,19,3.4,267.75
1967,2024-08-16,Électronique,Tunis,Magasin,Carte bancaire,6,687.05,24,3.3,4122.3
7212,2024-08-16,Jouets,Tunis,Magasin,Paiement mobile,4,52.04,63,3.0,208.16
2734,2024-08-16,Alimentation,Nabeul,En ligne,Carte bancaire,5,24.77,22,5.0,123.85
6909,2024-08-16,Jouets,Sfax,En ligne,Carte bancaire,5,31.32,40,2.2,156.6
1038,2024-08-16,Vêtements,Bizerte,Magasin,Virement,2,86.65,21,4.0,173.3
668,2024-08-16,Électronique,Tunis,En ligne,Carte bancaire,2,436.57,30,5.0,873.14
439,2024-08-16,Beauté,Bizerte,En ligne,Espèces,7,29.05,24,4.8,203.35
6694,2024-08-16,Électronique,Tunis,En ligne,Espèces,7,271.85,26,3.9,1902.95
1261,2024-08-16,Jouets,Kairouan,Magasin,Carte bancaire,3,29.62,47,4.4,88.86
2668,2024-08-16,Alimentation,Sfax,Magasin,Carte bancaire,5,17.75,58,5.0,88.75
5079,2024-08-16,Jouets,Sfax,En ligne,Carte bancaire,1,46.4,65,4.7,46.4
6091,2024-08-16,Électronique,Tunis,En ligne,Paiement mobile,6,320.73,47,4.6,1924.38
5505,2024-08-16,Électronique,Bizerte,Magasin,Espèces,6,573.57,18,5.0,3441.42
3751,2024-08-16,Électronique,Gabès,En ligne,Virement,5,299.12,68,3.8,1495.6
7238,2024-08-16,Jouets,Tunis,Magasin,Virement,2,27.01,18,4.4,54.02
5151,2024-08-16,Électronique,Sfax,En ligne,Espèces,6,552.87,53,4.5,3317.22
1419,2024-08-16,Vêtements,Gabès,Magasin,Carte bancaire,7,57.09,52,5.0,399.63
962,2024-08-16,Alimentation,Gabès,Magasin,Carte bancaire,1,31.54,21,3.7,31.54
4462,2024-08-17,Jouets,Tunis,En ligne,Virement,2,33.71,64,2.4,67.42
2287,2024-08-17,Meubles,Gabès,En ligne,Carte bancaire,2,281.08,65,3.9,562.16
6555,2024-08-17,Jouets,Tunis,En ligne,Carte bancaire,1,42.12,64,2.0,42.12
4811,2024-08-17,Beauté,Bizerte,En ligne,Carte bancaire,2,60.81,32,4.2,121.62
2479,2024-08-17,Jouets,Sousse,En ligne,Carte bancaire,6,36.8,60,4.5,220.8
2717,2024-08-17,Meubles,Bizerte,En ligne,Virement,7,293.54,62,2.3,2054.78
3814,2024-08-17,Sport,Nabeul,Magasin,Paiement mobile,7,126.68,49,4.3,886.76
6021,2024-08-17,Électronique,Gabès,En ligne,Virement,3,271.48,29,3.8,814.44
5946,2024-08-17,Électronique,Sousse,Magasin,Paiement mobile,1,620.84,37,2.6,620.84
7904,2024-08-17,Électronique,Gabès,Magasin,Virement,2,589.41,48,2.3,1178.82
4927,2024-08-17,Sport,Sfax,Magasin,Carte bancaire,5,71.64,57,3.3,358.2
4334,2024-08-17,Vêtements,Gabès,En ligne,Paiement mobile,3,41.39,56,4.6,124.17
7917,2024-08-17,Meubles,Nabeul,Magasin,Carte bancaire,3,210.84,59,4.9,632.52
312,2024-08-17,Meubles,Tunis,Magasin,Espèces,6,376.03,23,3.2,2256.18
605,2024-08-17,Sport,Tunis,En ligne,Paiement mobile,2,55.64,21,4.1,111.28
5485,2024-08-17,Jouets,Gabès,En ligne,Paiement mobile,1,40.36,41,3.7,40.36
7842,2024-08-18,Jouets,Bizerte,Magasin,Espèces,1,52.15,24,3.8,52.15
5655,2024-08-18,Jouets,Tunis,Magasin,Virement,2,21.5,26,4.5,43.0
146,2024-08-18,Alimentation,Kairouan,En ligne,Espèces,5,29.01,56,3.3,145.05
7703,2024-08-18,Jouets,Tunis,En ligne,Espèces,4,30.86,50,5.0,123.44
911,2024-08-18,Jouets,Sousse,Magasin,Espèces,5,33.17,31,4.3,165.85
7479,2024-08-18,Vêtements,Bizerte,En ligne,Carte bancaire,6,55.75,57,2.7,334.5
1957,2024-08-18,Sport,Tunis,Magasin,Paiement mobile,6,100.6,55,3.4,603.6
173,2024-08-18,Électronique,Bizerte,Magasin,Espèces,1,354.29,51,5.0,354.29
2340,2024-08-18,Beauté,Kairouan,Magasin,Carte bancaire,4,28.27,19,2.4,113.08
108,2024-08-18,Beauté,Sfax,En ligne,Carte bancaire,4,29.66,65,2.4,118.64
4968,2024-08-18,Alimentation,Kairouan,Magasin,Virement,1,21.69,58,3.2,21.69
2686,2024-08-18,Électronique,Nabeul,En ligne,Virement,1,275.17,58,4.9,275.17
7472,2024-08-18,Sport,Sousse,En ligne,Carte bancaire,6,79.82,18,4.0,478.92
2461,2024-08-18,Jouets,Bizerte,Magasin,Carte bancaire,4,34.27,49,4.9,137.08
1960,2024-08-18,Électronique,Bizerte,En ligne,Espèces,3,711.21,37,2.8,2133.63
3633,2024-08-18,Alimentation,Sfax,En ligne,Carte bancaire,4,21.92,69,3.1,87.68
2817,2024-08-18,Électronique,Gabès,En ligne,Espèces,2,307.23,38,3.3,614.46
141,2024-08-18,Meubles,Bizerte,En ligne,Espèces,4,239.84,45,4.6,959.36
1082,2024-08-18,Électronique,Sousse,Magasin,Carte bancaire,1,505.45,25,2.8,505.45
5825,2024-08-18,Électronique,Sousse,Magasin,Espèces,7,404.38,33,3.2,2830.66
7974,2024-08-19,Sport,Sfax,En ligne,Carte bancaire,2,98.23,51,2.6,196.46
4807,2024-08-19,Électronique,Sousse,En ligne,Paiement mobile,5,441.21,62,4.3,2206.05
6493,2024-08-19,Jouets,Bizerte,En ligne,Carte bancaire,4,25.06,30,3.7,100.24
2939,2024-08-19,Meubles,Sfax,Magasin,Carte bancaire,4,336.6,38,3.6,1346.4
3584,2024-08-19,Électronique,Nabeul,Magasin,Carte bancaire,3,520.65,34,3.3,1561.95
7206,2024-08-19,Beauté,Tunis,Magasin,Carte bancaire,2,54.42,63,4.7,108.84
3195,2024-08-19,Électronique,Tunis,En ligne,Carte bancaire,6,696.81,39,2.6,4180.86
2507,2024-08-19,Alimentation,Kairouan,Magasin,Espèces,2,18.54,36,3.0,37.08
7415,2024-08-19,Vêtements,Tunis,En ligne,Espèces,7,73.65,36,2.5,515.55
2555,2024-08-19,Jouets,Sfax,En ligne,Carte bancaire,1,41.76,31,3.5,41.76
1385,2024-08-19,Vêtements,Tunis,En ligne,Espèces,1,94.4,21,4.6,94.4
5950,2024-08-19,Sport,Tunis,Magasin,Virement,4,68.06,66,3.7,272.24
4657,2024-08-19,Sport,Tunis,En ligne,Carte bancaire,5,73.97,23,3.2,369.85
7734,2024-08-19,Meubles,Nabeul,En ligne,Paiement mobile,7,322.57,48,5.0,2257.99
6215,2024-08-19,Jouets,Sfax,Magasin,Espèces,1,35.95,46,5.0,35.95
6286,2024-08-19,Vêtements,Sfax,Magasin,Carte bancaire,5,52.91,22,5.0,264.55
2528,2024-08-19,Vêtements,Sousse,En ligne,Carte bancaire,2,83.5,55,4.6,167.0
7202,2024-08-19,Vêtements,Gabès,Magasin,Carte bancaire,6,91.9,33,3.5,551.4
5202,2024-08-19,Jouets,Sfax,En ligne,Virement,7,46.12,47,3.6,322.84
2065,2024-08-19,Électronique,Sfax,Magasin,Carte bancaire,7,578.58,46,3.6,4050.06
2269,2024-08-19,Vêtements,Tunis,En ligne,Carte bancaire,5,69.02,51,4.4,345.1
7534,2024-08-20,Beauté,Kairouan,En ligne,Virement,5,58.48,51,1.9,292.4
3830,2024-08-20,Électronique,Bizerte,Magasin,Carte bancaire,7,718.32,53,4.6,5028.24
922,2024-08-20,Électronique,Tunis,Magasin,Paiement mobile,5,345.64,54,4.3,1728.2
5219,2024-08-20,Jouets,Sfax,Magasin,Espèces,5,38.11,25,3.7,190.55
674,2024-08-20,Sport,Nabeul,En ligne,Carte bancaire,1,95.46,32,4.3,95.46
1675,2024-08-20,Alimentation,Sfax,En ligne,Virement,2,18.71,47,4.1,37.42
6999,2024-08-20,Beauté,Tunis,Magasin,Carte bancaire,5,55.44,36,3.8,277.2
1686,2024-08-20,Alimentation,Kairouan,En ligne,Paiement mobile,4,18.74,61,3.6,74.96
1827,2024-08-20,Jouets,Nabeul,Magasin,Carte bancaire,5,34.56,42,2.1,172.8
4647,2024-08-20,Vêtements,Sfax,Magasin,Virement,7,67.9,62,5.0,475.3
179,2024-08-20,Vêtements,Tunis,Magasin,Carte bancaire,5,76.31,39,4.1,381.55
6248,2024-08-20,Électronique,Tunis,En ligne,Paiement mobile,7,602.67,39,5.0,4218.69
4352,2024-08-20,Beauté,Gabès,En ligne,Paiement mobile,3,38.27,25,3.4,114.81
271,2024-08-20,Alimentation,Sfax,Magasin,Carte bancaire,3,31.3,32,3.6,93.9
337,2024-08-20,Sport,Tunis,En ligne,Espèces,3,64.11,44,3.5,192.33
2509,2024-08-20,Beauté,Tunis,Magasin,Carte bancaire,6,24.52,47,3.3,147.12
3637,2024-08-20,Alimentation,Tunis,Magasin,Carte bancaire,3,16.79,21,4.6,50.37
3879,2024-08-20,Vêtements,Nabeul,En ligne,Paiement mobile,6,74.6,53,4.1,447.6
5534,2024-08-20,Meubles,Tunis,En ligne,Carte bancaire,1,315.17,51,3.9,315.17
570,2024-08-20,Électronique,Sfax,En ligne,Carte bancaire,5,663.47,59,4.7,3317.35
194,2024-08-20,Meubles,Gabès,En ligne,Carte bancaire,4,426.67,39,4.8,1706.68
3255,2024-08-20,Alimentation,Nabeul,En ligne,Espèces,3,23.42,40,3.5,70.26
2623,2024-08-20,Électronique,Bizerte,En ligne,Virement,1,667.79,32,4.9,667.79
851,2024-08-20,Vêtements,Tunis,Magasin,Paiement mobile,3,90.4,19,5.0,271.2
4684,2024-08-21,Vêtements,Bizerte,Magasin,Espèces,2,42.66,39,3.9,85.32
4512,2024-08-21,Alimentation,Gabès,Magasin,Carte bancaire,4,31.33,55,4.5,125.32
4576,2024-08-21,Alimentation,Kairouan,En ligne,Carte bancaire,5,27.92,46,3.5,139.6
1294,2024-08-21,Beauté,Gabès,En ligne,Carte bancaire,6,40.75,50,4.3,244.5
2044,2024-08-21,Vêtements,Sfax,En ligne,Virement,4,36.72,55,4.2,146.88
3617,2024-08-21,Jouets,Sfax,Magasin,Paiement mobile,6,50.5,42,5.0,303.0
188,2024-08-21,Électronique,Sfax,En ligne,Espèces,5,440.16,24,3.6,2200.8
7194,2024-08-21,Alimentation,Nabeul,Magasin,Carte bancaire,3,27.24,64,5.0,81.72
2692,2024-08-21,Jouets,Gabès,En ligne,Virement,7,47.24,35,3.9,330.68
7393,2024-08-21,Électronique,Sfax,En ligne,Carte bancaire,4,661.88,40,4.3,2647.52
3411,2024-08-21,Sport,Nabeul,Magasin,Carte bancaire,6,94.23,37,3.9,565.38
7030,2024-08-21,Vêtements,Tunis,Magasin,Espèces,5,75.63,69,4.3,378.15
4958,2024-08-21,Beauté,Tunis,En ligne,Carte bancaire,5,35.07,24,4.2,175.35
597,2024-08-22,Vêtements,Gabès,En ligne,Carte bancaire,7,61.77,28,5.0,432.39
2639,2024-08-22,Alimentation,Sousse,Magasin,Virement,4,16.62,61,5.0,66.48
7935,2024-08-22,Sport,Tunis,Magasin,Carte bancaire,6,113.23,50,4.4,679.38
3780,2024-08-22,Vêtements,Sousse,Magasin,Virement,6,51.26,20,4.7,307.56
5983,2024-08-22,Jouets,Bizerte,Magasin,Carte bancaire,3,55.32,37,4.2,165.96
3721,2024-08-22,Alimentation,Sousse,En ligne,Carte bancaire,2,18.84,33,2.4,37.68
4945,2024-08-22,Alimentation,Sousse,En ligne,Espèces,5,14.89,49,4.1,74.45
3339,2024-08-22,Meubles,Tunis,En ligne,Carte bancaire,2,206.51,50,4.7,413.02
4570,2024-08-22,Meubles,Tunis,En ligne,Espèces,4,242.8,68,4.7,971.2
4844,2024-08-22,Meubles,Sfax,En ligne,Espèces,3,470.3,40,3.9,1410.9
7643,2024-08-22,Sport,Sfax,En ligne,Paiement mobile,6,105.18,47,3.7,631.08
3935,2024-08-22,Meubles,Nabeul,Magasin,Carte bancaire,7,441.6,40,4.2,3091.2
820,2024-08-22,Meubles,Sfax,En ligne,Paiement mobile,6,387.46,30,3.8,2324.76
1653,2024-08-22,Alimentation,Tunis,En ligne,Espèces,2,20.69,59,3.8,41.38
1328,2024-08-22,Vêtements,Tunis,Magasin,Espèces,5,66.65,46,3.1,333.25
4702,2024-08-22,Meubles,Tunis,Magasin,Carte bancaire,4,464.2,36,4.5,1856.8
6101,2024-08-22,Sport,Gabès,Magasin,Carte bancaire,2,87.5,64,4.2,175.0
7919,2024-08-23,Meubles,Sousse,Magasin,Espèces,1,462.52,49,3.5,462.52
28,2024-08-23,Alimentation,Kairouan,En ligne,Espèces,7,22.68,36,4.1,158.76
7025,2024-08-23,Vêtements,Sousse,Magasin,Virement,3,50.59,67,3.7,151.77
6025,2024-08-23,Électronique,Sfax,Magasin,Carte bancaire,7,322.61,39,3.5,2258.27
6282,2024-08-23,Alimentation,Tunis,En ligne,Carte bancaire,4,25.68,39,3.5,102.72
4995,2024-08-23,Alimentation,Sousse,Magasin,Carte bancaire,4,28.92,50,4.0,115.68
7153,2024-08-23,Électronique,Nabeul,En ligne,Espèces,4,427.46,56,3.6,1709.84
6370,2024-08-23,Alimentation,Nabeul,En ligne,Paiement mobile,7,14.25,62,4.6,99.75
6455,2024-08-23,Beauté,Sfax,Magasin,Carte bancaire,3,63.48,65,4.1,190.44
6608,2024-08-23,Alimentation,Sfax,Magasin,Virement,5,30.4,60,2.8,152.0
2633,2024-08-23,Meubles,Gabès,Magasin,Carte bancaire,1,418.6,51,4.5,418.6
931,2024-08-23,Vêtements,Bizerte,Magasin,Carte bancaire,1,38.74,49,4.1,38.74
1781,2024-08-23,Alimentation,Bizerte,En ligne,Paiement mobile,3,19.31,19,3.2,57.93
6113,2024-08-23,Sport,Tunis,En ligne,Espèces,2,68.47,53,4.2,136.94
1739,2024-08-23,Alimentation,Tunis,En ligne,Espèces,5,23.06,64,3.4,115.3
1024,2024-08-23,Électronique,Nabeul,En ligne,Espèces,5,322.58,48,3.9,1612.9
3747,2024-08-23,Sport,Sousse,Magasin,Paiement mobile,1,83.93,20,2.8,83.93
1509,2024-08-23,Alimentation,Nabeul,Magasin,Paiement mobile,6,14.51,20,4.9,87.06
3506,2024-08-23,Électronique,Tunis,Magasin,Espèces,3,462.13,31,4.1,1386.39
775,2024-08-23,Vêtements,Gabès,En ligne,Espèces,5,65.53,37,3.6,327.65
1512,2024-08-23,Électronique,Sfax,En ligne,Espèces,3,439.95,49,3.7,1319.85
7783,2024-08-24,Vêtements,Gabès,En ligne,Virement,3,60.96,41,3.8,182.88
7531,2024-08-24,Électronique,Sfax,Magasin,Virement,4,556.55,45,4.0,2226.2
5273,2024-08-24,Jouets,Sousse,Magasin,Espèces,6,25.84,26,3.1,155.04
5350,2024-08-24,Alimentation,Bizerte,Magasin,Carte bancaire,4,15.14,65,4.2,60.56
5547,2024-08-24,Jouets,Sousse,En ligne,Espèces,5,23.39,67,4.2,116.95
6353,2024-08-24,Alimentation,Tunis,En ligne,Carte bancaire,6,24.62,26,2.5,147.72
4749,2024-08-24,Meubles,Sfax,En ligne,Paiement mobile,2,436.35,34,4.3,872.7
7309,2024-08-24,Meubles,Bizerte,Magasin,Paiement mobile,6,450.36,65,3.9,2702.16
7308,2024-08-24,Vêtements,Sousse,En ligne,Carte bancaire,6,59.7,49,3.3,358.2
84,2024-08-24,Électronique,Sfax,En ligne,Carte bancaire,4,336.95,44,4.0,1347.8
1628,2024-08-24,Sport,Tunis,En ligne,Carte bancaire,3,79.52,55,3.6,238.56
3234,2024-08-24,Alimentation,Bizerte,En ligne,Carte bancaire,5,31.4,62,3.6,157.0
6077,2024-08-24,Alimentation,Sfax,En ligne,Paiement mobile,4,15.49,29,4.1,61.96
4521,2024-08-24,Alimentation,Nabeul,En ligne,Virement,3,28.36,58,3.7,85.08
5345,2024-08-24,Alimentation,Tunis,Magasin,Virement,3,19.82,50,4.4,59.46
3763,2024-08-24,Électronique,Kairouan,Magasin,Espèces,2,713.31,69,3.6,1426.62
5466,2024-08-24,Beauté,Nabeul,En ligne,Carte bancaire,3,55.55,24,3.7,166.65
6549,2024-08-24,Beauté,Nabeul,Magasin,Carte bancaire,4,49.45,38,3.9,197.8
4380,2024-08-24,Beauté,Sousse,En ligne,Carte bancaire,6,25.44,31,3.6,152.64
1361,2024-08-24,Électronique,Gabès,En ligne,Carte bancaire,2,589.81,38,3.7,1179.62
1322,2024-08-24,Vêtements,Tunis,En ligne,Carte bancaire,6,87.11,49,2.9,522.66
5753,2024-08-24,Sport,Kairouan,En ligne,Espèces,2,90.07,69,4.6,180.14
1935,2024-08-24,Alimentation,Bizerte,Magasin,Carte bancaire,7,24.18,39,5.0,169.26
5195,2024-08-24,Jouets,Bizerte,Magasin,Virement,3,30.5,35,5.0,91.5
4063,2024-08-24,Électronique,Tunis,En ligne,Carte bancaire,1,666.3,37,3.9,666.3
5099,2024-08-24,Vêtements,Tunis,En ligne,Paiement mobile,2,42.23,26,2.9,84.46
455,2024-08-24,Alimentation,Tunis,Magasin,Carte bancaire,5,18.05,68,4.7,90.25
1051,2024-08-24,Jouets,Tunis,En ligne,Carte bancaire,3,34.59,48,3.0,103.77
2325,2024-08-24,Jouets,Tunis,En ligne,Carte bancaire,5,50.72,28,3.7,253.6
7539,2024-08-24,Sport,Nabeul,En ligne,Carte bancaire,4,96.42,50,2.6,385.68
147,2024-08-24,Vêtements,Tunis,En ligne,Carte bancaire,6,36.53,29,4.3,219.18
2350,2024-08-24,Alimentation,Nabeul,Magasin,Paiement mobile,5,16.29,40,4.7,81.45
7796,2024-08-25,Électronique,Tunis,En ligne,Paiement mobile,7,511.89,34,4.4,3583.23
4440,2024-08-25,Beauté,Sfax,En ligne,Carte bancaire,3,63.35,24,3.2,190.05
2630,2024-08-25,Jouets,Tunis,En ligne,Paiement mobile,5,43.15,49,3.8,215.75
7517,2024-08-25,Sport,Gabès,En ligne,Carte bancaire,4,60.21,51,4.2,240.84
473,2024-08-25,Électronique,Sfax,En ligne,Carte bancaire,7,367.32,61,3.7,2571.24
898,2024-08-25,Vêtements,Gabès,Magasin,Espèces,2,75.37,42,3.9,150.74
1880,2024-08-25,Alimentation,Nabeul,Magasin,Paiement mobile,4,16.16,68,5.0,64.64
2405,2024-08-25,Sport,Sfax,En ligne,Espèces,1,113.64,27,2.6,113.64
5997,2024-08-25,Alimentation,Sousse,En ligne,Paiement mobile,7,19.86,62,4.1,139.02
7053,2024-08-25,Électronique,Nabeul,Magasin,Espèces,7,357.81,33,3.6,2504.67
6244,2024-08-25,Jouets,Tunis,En ligne,Carte bancaire,2,30.51,24,2.9,61.02
5259,2024-08-25,Vêtements,Sfax,En ligne,Espèces,1,77.39,65,4.7,77.39
5029,2024-08-25,Beauté,Sousse,Magasin,Espèces,4,62.68,30,5.0,250.72
7103,2024-08-25,Meubles,Tunis,Magasin,Carte bancaire,2,192.57,39,4.7,385.14
5163,2024-08-25,Jouets,Sfax,Magasin,Virement,7,30.01,59,3.6,210.07
309,2024-08-25,Électronique,Sfax,Magasin,Carte bancaire,4,533.03,35,3.9,2132.12
2974,2024-08-25,Alimentation,Sousse,En ligne,Espèces,6,17.86,69,4.9,107.16
5584,2024-08-26,Meubles,Sfax,En ligne,Carte bancaire,7,400.97,65,4.5,2806.79
4550,2024-08-26,Beauté,Bizerte,Magasin,Carte bancaire,1,31.7,53,4.0,31.7
2166,2024-08-26,Beauté,Sfax,Magasin,Carte bancaire,5,38.57,47,4.6,192.85
2370,2024-08-26,Jouets,Gabès,Magasin,Virement,5,43.85,19,4.5,219.25
3306,2024-08-26,Vêtements,Sousse,Magasin,Carte bancaire,1,77.89,63,4.4,77.89
5456,2024-08-26,Alimentation,Tunis,En ligne,Carte bancaire,7,27.06,69,5.0,189.42
727,2024-08-26,Meubles,Bizerte,En ligne,Paiement mobile,2,345.37,41,4.4,690.74
1398,2024-08-26,Alimentation,Bizerte,En ligne,Carte bancaire,1,13.05,45,4.4,13.05
7417,2024-08-26,Sport,Tunis,Magasin,Carte bancaire,4,118.82,63,4.9,475.28
5437,2024-08-26,Jouets,Kairouan,Magasin,Carte bancaire,2,52.4,41,5.0,104.8
865,2024-08-26,Jouets,Sfax,Magasin,Espèces,3,21.44,36,3.8,64.32
3525,2024-08-26,Électronique,Tunis,En ligne,Espèces,1,485.77,27,4.2,485.77
1260,2024-08-26,Vêtements,Gabès,En ligne,Carte bancaire,7,82.91,34,4.2,580.37
1513,2024-08-26,Jouets,Gabès,En ligne,Virement,1,51.42,39,5.0,51.42
5659,2024-08-26,Électronique,Tunis,Magasin,Carte bancaire,4,622.54,61,3.2,2490.16
5407,2024-08-26,Vêtements,Tunis,En ligne,Carte bancaire,4,75.4,68,3.6,301.6
6805,2024-08-26,Beauté,Tunis,En ligne,Virement,4,50.28,26,2.7,201.12
4601,2024-08-26,Vêtements,Tunis,En ligne,Paiement mobile,6,87.75,58,4.5,526.5
900,2024-08-26,Électronique,Sfax,Magasin,Espèces,1,526.83,64,3.8,526.83
4666,2024-08-26,Jouets,Sfax,Magasin,Paiement mobile,2,32.86,19,4.8,65.72
7813,2024-08-26,Électronique,Sfax,Magasin,Paiement mobile,4,365.82,24,3.8,1463.28
448,2024-08-26,Vêtements,Sousse,Magasin,Paiement mobile,4,45.38,34,3.8,181.52
4138,2024-08-26,Électronique,Bizerte,En ligne,Carte bancaire,5,706.98,38,4.9,3534.9
4768,2024-08-26,Jouets,Gabès,Magasin,Carte bancaire,3,51.97,19,4.6,155.91
600,2024-08-26,Alimentation,Sousse,Magasin,Espèces,3,17.99,68,3.9,53.97
4959,2024-08-26,Alimentation,Nabeul,En ligne,Paiement mobile,3,17.11,57,2.4,51.33
4948,2024-08-26,Vêtements,Nabeul,En ligne,Virement,2,78.21,42,5.0,156.42
232,2024-08-27,Vêtements,Tunis,En ligne,Espèces,6,63.36,60,4.2,380.16
3939,2024-08-27,Jouets,Gabès,En ligne,Paiement mobile,1,41.82,49,4.2,41.82
4240,2024-08-27,Jouets,Sousse,En ligne,Espèces,5,41.04,53,3.3,205.2
707,2024-08-27,Sport,Sousse,En ligne,Espèces,7,96.61,23,3.1,676.27
5356,2024-08-27,Vêtements,Bizerte,Magasin,Paiement mobile,1,46.47,34,3.1,46.47
7149,2024-08-27,Jouets,Tunis,Magasin,Carte bancaire,3,49.48,49,3.2,148.44
2778,2024-08-27,Vêtements,Tunis,En ligne,Virement,2,63.26,45,4.2,126.52
7297,2024-08-27,Électronique,Sousse,En ligne,Espèces,2,302.13,22,5.0,604.26
5935,2024-08-27,Alimentation,Tunis,Magasin,Espèces,7,26.78,35,5.0,187.46
1944,2024-08-27,Jouets,Bizerte,Magasin,Paiement mobile,1,43.98,68,5.0,43.98
822,2024-08-27,Meubles,Nabeul,En ligne,Carte bancaire,1,421.58,34,3.9,421.58
3284,2024-08-27,Vêtements,Sousse,Magasin,Virement,4,73.48,40,4.5,293.92
5927,2024-08-27,Électronique,Tunis,En ligne,Espèces,7,309.93,63,3.7,2169.51
2188,2024-08-28,Électronique,Tunis,Magasin,Carte bancaire,7,541.91,42,3.9,3793.37
142,2024-08-28,Beauté,Tunis,Magasin,Carte bancaire,1,34.5,30,3.4,34.5
2256,2024-08-28,Meubles,Sfax,En ligne,Virement,2,318.53,62,3.7,637.06
6351,2024-08-28,Électronique,Gabès,En ligne,Carte bancaire,6,617.48,43,3.5,3704.88
5576,2024-08-28,Vêtements,Gabès,En ligne,Virement,2,78.83,23,2.6,157.66
5413,2024-08-28,Vêtements,Sfax,Magasin,Espèces,7,52.36,26,4.0,366.52
6603,2024-08-28,Beauté,Bizerte,Magasin,Carte bancaire,6,44.42,40,3.1,266.52
6733,2024-08-28,Sport,Sousse,En ligne,Paiement mobile,4,115.76,22,4.6,463.04
4623,2024-08-28,Meubles,Sfax,Magasin,Espèces,7,253.31,35,4.1,1773.17
4179,2024-08-28,Sport,Kairouan,Magasin,Carte bancaire,5,121.59,41,4.8,607.95
1559,2024-08-28,Sport,Kairouan,En ligne,Paiement mobile,2,70.65,42,4.0,141.3
1571,2024-08-28,Sport,Sousse,En ligne,Carte bancaire,7,63.73,49,3.6,446.11
7735,2024-08-28,Jouets,Sfax,En ligne,Carte bancaire,2,24.01,34,2.1,48.02
4028,2024-08-28,Sport,Sousse,En ligne,Carte bancaire,7,76.09,67,4.4,532.63
3230,2024-08-28,Vêtements,Tunis,En ligne,Carte bancaire,2,52.39,66,4.4,104.78
3907,2024-08-28,Alimentation,Gabès,Magasin,Espèces,3,29.19,36,4.1,87.57
4158,2024-08-28,Électronique,Bizerte,Magasin,Espèces,1,708.27,19,5.0,708.27
3680,2024-08-28,Vêtements,Sfax,En ligne,Paiement mobile,5,51.84,28,3.3,259.2
4086,2024-08-29,Alimentation,Tunis,En ligne,Espèces,5,27.76,33,3.5,138.8
3905,2024-08-29,Sport,Sfax,En ligne,Carte bancaire,7,90.23,39,4.5,631.61
5336,2024-08-29,Électronique,Tunis,En ligne,Carte bancaire,3,308.26,50,4.7,924.78
642,2024-08-29,Meubles,Nabeul,En ligne,Virement,2,340.09,64,4.6,680.18
7432,2024-08-29,Électronique,Bizerte,En ligne,Espèces,1,280.03,19,4.6,280.03
2228,2024-08-29,Alimentation,Kairouan,En ligne,Espèces,1,17.76,69,3.5,17.76
2487,2024-08-29,Alimentation,Nabeul,En ligne,Paiement mobile,1,18.95,39,4.7,18.95
2526,2024-08-29,Vêtements,Sfax,Magasin,Carte bancaire,5,63.72,33,3.9,318.6
2024,2024-08-29,Vêtements,Gabès,En ligne,Paiement mobile,4,87.87,56,4.2,351.48
4905,2024-08-29,Vêtements,Bizerte,En ligne,Carte bancaire,6,90.31,28,3.5,541.86
7150,2024-08-29,Électronique,Kairouan,En ligne,Carte bancaire,7,326.62,44,3.0,2286.34
7170,2024-08-29,Beauté,Tunis,En ligne,Carte bancaire,1,42.61,21,3.5,42.61
5428,2024-08-29,Alimentation,Nabeul,Magasin,Carte bancaire,7,21.27,61,3.1,148.89
5756,2024-08-29,Jouets,Tunis,Magasin,Paiement mobile,7,27.03,66,4.1,189.21
52,2024-08-29,Vêtements,Sousse,En ligne,Paiement mobile,1,89.42,25,3.2,89.42
1822,2024-08-29,Électronique,Sfax,En ligne,Carte bancaire,5,424.46,24,1.7,2122.3
523,2024-08-29,Alimentation,Bizerte,En ligne,Carte bancaire,5,28.58,55,3.4,142.9
3990,2024-08-29,Électronique,Sfax,Magasin,Paiement mobile,6,334.65,18,3.9,2007.9
3519,2024-08-29,Meubles,Bizerte,En ligne,Virement,7,300.18,59,3.1,2101.26
718,2024-08-29,Meubles,Sfax,Magasin,Paiement mobile,5,231.7,61,3.6,1158.5
4491,2024-08-29,Sport,Kairouan,Magasin,Carte bancaire,3,91.19,48,3.8,273.57
1696,2024-08-29,Meubles,Tunis,Magasin,Carte bancaire,4,203.63,58,4.6,814.52
4500,2024-08-29,Alimentation,Gabès,Magasin,Espèces,2,30.52,56,3.7,61.04
5824,2024-08-30,Alimentation,Sfax,En ligne,Espèces,5,27.65,54,4.5,138.25
5577,2024-08-30,Meubles,Sfax,En ligne,Carte bancaire,6,442.11,22,3.8,2652.66
3311,2024-08-30,Jouets,Sfax,Magasin,Virement,7,45.52,49,3.5,318.64
5910,2024-08-30,Électronique,Gabès,En ligne,Virement,3,387.56,50,3.9,1162.68
7818,2024-08-30,Alimentation,Tunis,En ligne,Paiement mobile,3,31.63,25,5.0,94.89
959,2024-08-30,Meubles,Sfax,En ligne,Carte bancaire,7,245.89,19,5.0,1721.23
2929,2024-08-30,Électronique,Gabès,Magasin,Espèces,6,542.36,52,3.0,3254.16
1929,2024-08-30,Jouets,Sousse,En ligne,Carte bancaire,7,51.11,62,3.8,357.77
1553,2024-08-30,Jouets,Sousse,En ligne,Espèces,6,27.22,28,3.7,163.32
1900,2024-08-30,Vêtements,Nabeul,Magasin,Paiement mobile,7,82.45,26,4.5,577.15
1876,2024-08-30,Alimentation,Tunis,En ligne,Espèces,7,30.6,18,4.7,214.2
156,2024-08-30,Sport,Tunis,En ligne,Espèces,2,120.68,40,4.9,241.36
2702,2024-08-30,Sport,Nabeul,Magasin,Carte bancaire,2,80.54,36,2.9,161.08
1116,2024-08-30,Alimentation,Tunis,Magasin,Virement,6,22.75,41,3.2,136.5
40,2024-08-31,Alimentation,Tunis,En ligne,Carte bancaire,7,21.45,47,4.4,150.15
6389,2024-08-31,Électronique,Kairouan,Magasin,Paiement mobile,3,497.89,42,4.0,1493.67
7185,2024-08-31,Alimentation,Tunis,En ligne,Carte bancaire,6,25.06,67,1.5,150.36
6386,2024-08-31,Meubles,Bizerte,En ligne,Carte bancaire,1,263.45,35,5.0,263.45
3838,2024-08-31,Électronique,Gabès,Magasin,Paiement mobile,5,272.09,64,4.9,1360.45
1401,2024-08-31,Sport,Bizerte,En ligne,Carte bancaire,3,50.54,67,5.0,151.62
2368,2024-08-31,Alimentation,Gabès,En ligne,Carte bancaire,4,23.43,52,4.0,93.72
7331,2024-08-31,Vêtements,Sousse,Magasin,Espèces,1,55.85,58,3.8,55.85
1177,2024-08-31,Alimentation,Gabès,En ligne,Espèces,7,25.4,48,4.7,177.8
4392,2024-08-31,Vêtements,Nabeul,Magasin,Carte bancaire,3,55.99,63,3.8,167.97
5239,2024-08-31,Alimentation,Bizerte,Magasin,Virement,2,23.76,23,3.8,47.52
6009,2024-08-31,Vêtements,Bizerte,En ligne,Espèces,5,65.37,53,3.6,326.85
6039,2024-08-31,Sport,Nabeul,En ligne,Carte bancaire,6,123.64,44,5.0,741.84
4604,2024-09-01,Vêtements,Sousse,Magasin,Virement,7,79.16,34,4.0,554.12
5414,2024-09-01,Vêtements,Sousse,Magasin,Virement,7,75.49,32,4.8,528.43
3417,2024-09-01,Alimentation,Tunis,En ligne,Carte bancaire,3,12.9,62,2.9,38.7
4408,2024-09-01,Meubles,Sfax,En ligne,Espèces,2,246.0,53,3.3,492.0
1508,2024-09-01,Alimentation,Gabès,En ligne,Virement,3,18.61,33,3.8,55.83
6627,2024-09-01,Jouets,Kairouan,Magasin,Paiement mobile,6,35.14,51,4.4,210.84
4205,2024-09-01,Alimentation,Kairouan,Magasin,Carte bancaire,3,30.83,37,4.1,92.49
4736,2024-09-01,Alimentation,Tunis,Magasin,Espèces,6,30.43,59,4.2,182.58
2015,2024-09-01,Jouets,Tunis,En ligne,Paiement mobile,4,53.75,62,3.6,215.0
2090,2024-09-01,Vêtements,Sfax,En ligne,Carte bancaire,6,72.73,63,4.0,436.38
5851,2024-09-01,Électronique,Sfax,En ligne,Espèces,2,482.56,26,3.9,965.12
3249,2024-09-01,Vêtements,Sfax,En ligne,Espèces,5,94.69,59,4.1,473.45
5702,2024-09-01,Jouets,Tunis,En ligne,Carte bancaire,3,53.2,60,5.0,159.6
2802,2024-09-01,Vêtements,Nabeul,Magasin,Carte bancaire,5,74.62,29,4.0,373.1
6316,2024-09-01,Meubles,Nabeul,En ligne,Carte bancaire,4,272.01,39,4.2,1088.04
3975,2024-09-01,Beauté,Bizerte,En ligne,Paiement mobile,4,30.76,46,3.3,123.04
5470,2024-09-02,Sport,Tunis,En ligne,Carte bancaire,7,105.56,34,3.4,738.92
4583,2024-09-02,Alimentation,Tunis,En ligne,Espèces,3,29.62,51,2.7,88.86
6548,2024-09-02,Meubles,Sousse,En ligne,Espèces,5,450.38,23,4.7,2251.9
4566,2024-09-02,Vêtements,Bizerte,En ligne,Virement,3,70.79,66,3.0,212.37
6438,2024-09-02,Vêtements,Gabès,Magasin,Virement,5,40.21,67,4.0,201.05
7443,2024-09-02,Beauté,Tunis,Magasin,Carte bancaire,6,32.37,39,3.9,194.22
1326,2024-09-02,Alimentation,Gabès,En ligne,Virement,3,21.11,60,4.9,63.33
7568,2024-09-02,Sport,Sousse,En ligne,Paiement mobile,6,112.83,28,4.2,676.98
2478,2024-09-02,Alimentation,Sousse,En ligne,Carte bancaire,4,31.48,64,2.9,125.92
1931,2024-09-02,Alimentation,Tunis,En ligne,Carte bancaire,7,22.08,43,3.9,154.56
5306,2024-09-02,Alimentation,Tunis,En ligne,Carte bancaire,1,29.13,28,2.0,29.13
6096,2024-09-02,Électronique,Sousse,Magasin,Espèces,4,431.25,36,4.3,1725.0
3494,2024-09-02,Sport,Sfax,En ligne,Paiement mobile,5,50.9,37,2.4,254.5
3492,2024-09-02,Alimentation,Kairouan,En ligne,Virement,1,18.09,44,4.2,18.09
1392,2024-09-02,Jouets,Sousse,En ligne,Carte bancaire,2,37.4,24,3.8,74.8
7062,2024-09-02,Électronique,Bizerte,Magasin,Carte bancaire,7,487.25,34,4.5,3410.75
371,2024-09-02,Électronique,Sfax,En ligne,Paiement mobile,2,501.04,28,4.6,1002.08
4599,2024-09-02,Beauté,Tunis,Magasin,Carte bancaire,3,35.09,65,3.2,105.27
7404,2024-09-02,Alimentation,Sousse,Magasin,Carte bancaire,7,16.58,67,4.4,116.06
5751,2024-09-02,Meubles,Sfax,Magasin,Virement,5,233.3,42,5.0,1166.5
5590,2024-09-02,Vêtements,Sfax,Magasin,Paiement mobile,1,93.06,39,4.9,93.06
2996,2024-09-02,Jouets,Sfax,En ligne,Carte bancaire,3,53.94,25,2.8,161.82
486,2024-09-02,Alimentation,Bizerte,En ligne,Carte bancaire,4,26.64,50,2.8,106.56
7216,2024-09-02,Électronique,Tunis,En ligne,Paiement mobile,1,370.34,21,4.1,370.34
7162,2024-09-02,Beauté,Nabeul,Magasin,Paiement mobile,3,27.38,19,4.4,82.14
5100,2024-09-02,Jouets,Gabès,En ligne,Espèces,4,51.01,69,4.7,204.04
6008,2024-09-02,Sport,Nabeul,En ligne,Carte bancaire,3,110.33,58,3.3,330.99
4877,2024-09-02,Sport,Tunis,En ligne,Carte bancaire,7,59.6,57,3.3,417.2
5156,2024-09-02,Vêtements,Sousse,En ligne,Carte bancaire,7,65.31,64,4.3,457.17
6330,2024-09-02,Alimentation,Sfax,En ligne,Carte bancaire,5,25.37,41,3.4,126.85
1498,2024-09-03,Vêtements,Gabès,Magasin,Paiement mobile,5,58.41,35,4.4,292.05
5253,2024-09-03,Beauté,Tunis,Magasin,Carte bancaire,7,56.64,61,4.1,396.48
5374,2024-09-03,Jouets,Sfax,En ligne,Carte bancaire,6,30.21,43,3.2,181.26
5036,2024-09-03,Électronique,Bizerte,En ligne,Espèces,5,282.95,30,3.5,1414.75
5872,2024-09-03,Vêtements,Kairouan,En ligne,Virement,7,67.1,45,3.6,469.7
6098,2024-09-03,Jouets,Tunis,Magasin,Carte bancaire,2,24.21,27,3.0,48.42
6592,2024-09-03,Électronique,Bizerte,En ligne,Virement,6,508.77,53,3.5,3052.62
221,2024-09-03,Jouets,Kairouan,En ligne,Carte bancaire,5,28.04,42,4.9,140.2
6750,2024-09-03,Vêtements,Bizerte,Magasin,Carte bancaire,7,47.85,59,4.8,334.95
462,2024-09-03,Alimentation,Tunis,Magasin,Espèces,4,13.43,67,5.0,53.72
2532,2024-09-03,Vêtements,Kairouan,Magasin,Carte bancaire,1,43.39,18,4.3,43.39
375,2024-09-03,Meubles,Gabès,Magasin,Virement,5,326.83,35,4.6,1634.15
4558,2024-09-03,Sport,Bizerte,En ligne,Carte bancaire,6,111.96,42,3.7,671.76
3014,2024-09-03,Électronique,Sfax,Magasin,Carte bancaire,7,480.72,57,3.3,3365.04
3073,2024-09-03,Vêtements,Sfax,En ligne,Carte bancaire,7,83.97,62,3.2,587.79
3977,2024-09-03,Meubles,Sousse,En ligne,Paiement mobile,6,362.03,30,4.3,2172.18
5522,2024-09-03,Vêtements,Sousse,En ligne,Virement,1,77.32,61,4.3,77.32
4581,2024-09-03,Électronique,Sfax,En ligne,Carte bancaire,1,299.88,46,3.3,299.88
501,2024-09-03,Vêtements,Gabès,En ligne,Carte bancaire,5,86.43,53,4.3,432.15
803,2024-09-03,Vêtements,Sfax,Magasin,Carte bancaire,1,74.1,40,4.6,74.1
1254,2024-09-03,Vêtements,Gabès,Magasin,Virement,3,69.06,48,3.9,207.18
6405,2024-09-03,Alimentation,Nabeul,En ligne,Carte bancaire,1,15.9,42,4.0,15.9
5105,2024-09-03,Vêtements,Bizerte,Magasin,Virement,5,71.43,53,4.9,357.15
6950,2024-09-03,Alimentation,Nabeul,En ligne,Carte bancaire,5,15.91,55,3.1,79.55
958,2024-09-03,Électronique,Sfax,En ligne,Espèces,3,646.95,25,3.8,1940.85
4230,2024-09-03,Jouets,Sousse,Magasin,Carte bancaire,1,26.71,67,4.6,26.71
4020,2024-09-03,Alimentation,Sousse,En ligne,Paiement mobile,4,19.62,61,3.7,78.48
7416,2024-09-03,Alimentation,Bizerte,En ligne,Virement,6,12.24,39,3.5,73.44
7176,2024-09-04,Beauté,Sfax,En ligne,Virement,6,25.44,58,3.2,152.64
4295,2024-09-04,Alimentation,Tunis,Magasin,Paiement mobile,3,31.3,56,4.0,93.9
2867,2024-09-04,Jouets,Gabès,En ligne,Virement,2,32.22,45,4.1,64.44
4109,2024-09-04,Jouets,Sfax,Magasin,Carte bancaire,3,40.82,64,3.6,122.46
7954,2024-09-04,Vêtements,Sfax,En ligne,Carte bancaire,5,56.22,60,5.0,281.1
2333,2024-09-04,Vêtements,Gabès,En ligne,Virement,3,78.94,45,3.6,236.82
5548,2024-09-04,Jouets,Sousse,En ligne,Carte bancaire,6,50.93,47,3.5,305.58
4365,2024-09-04,Meubles,Tunis,Magasin,Carte bancaire,3,271.42,52,4.2,814.26
3912,2024-09-04,Alimentation,Bizerte,En ligne,Espèces,7,12.81,22,5.0,89.67
2951,2024-09-04,Meubles,Sfax,Magasin,Espèces,5,369.27,22,3.6,1846.35
4019,2024-09-04,Alimentation,Tunis,Magasin,Carte bancaire,5,29.54,63,2.5,147.7
4399,2024-09-04,Alimentation,Sousse,Magasin,Carte bancaire,6,28.79,52,3.7,172.74
3041,2024-09-04,Vêtements,Tunis,En ligne,Carte bancaire,6,45.01,54,3.8,270.06
3672,2024-09-04,Sport,Sousse,Magasin,Espèces,7,101.16,49,4.5,708.12
6708,2024-09-04,Vêtements,Tunis,En ligne,Espèces,1,82.9,35,3.8,82.9
3066,2024-09-04,Meubles,Bizerte,En ligne,Espèces,1,286.97,67,3.9,286.97
7290,2024-09-04,Électronique,Kairouan,En ligne,Paiement mobile,5,445.2,52,3.3,2226.0
7960,2024-09-05,Alimentation,Nabeul,Magasin,Paiement mobile,2,16.17,63,4.6,32.34
6238,2024-09-05,Électronique,Kairouan,Magasin,Virement,5,630.34,52,3.8,3151.7
1656,2024-09-05,Alimentation,Tunis,Magasin,Virement,3,22.85,38,4.3,68.55
5067,2024-09-05,Électronique,Nabeul,Magasin,Carte bancaire,1,620.95,64,2.8,620.95
7983,2024-09-05,Vêtements,Sfax,En ligne,Carte bancaire,5,73.39,65,4.0,366.95
1259,2024-09-05,Meubles,Kairouan,Magasin,Virement,6,277.75,20,5.0,1666.5
861,2024-09-05,Meubles,Sfax,En ligne,Carte bancaire,3,246.25,65,3.6,738.75
2355,2024-09-05,Électronique,Nabeul,Magasin,Carte bancaire,3,655.64,34,3.5,1966.92
824,2024-09-05,Jouets,Sousse,En ligne,Carte bancaire,1,35.65,61,2.9,35.65
3470,2024-09-05,Sport,Tunis,En ligne,Virement,5,111.1,30,4.8,555.5
6219,2024-09-05,Électronique,Sousse,Magasin,Virement,7,350.73,42,3.1,2455.11
7462,2024-09-05,Vêtements,Sfax,Magasin,Paiement mobile,5,53.01,61,3.1,265.05
5431,2024-09-05,Alimentation,Sousse,Magasin,Paiement mobile,2,22.58,54,4.0,45.16
5384,2024-09-05,Électronique,Bizerte,Magasin,Carte bancaire,2,371.02,53,5.0,742.04
7739,2024-09-05,Beauté,Tunis,Magasin,Paiement mobile,1,44.92,37,3.4,44.92
4120,2024-09-05,Alimentation,Gabès,Magasin,Paiement mobile,3,23.12,20,3.4,69.36
799,2024-09-05,Alimentation,Bizerte,En ligne,Paiement mobile,7,29.21,19,2.9,204.47
6339,2024-09-05,Alimentation,Gabès,Magasin,Carte bancaire,2,13.16,56,2.8,26.32
6089,2024-09-05,Beauté,Nabeul,Magasin,Espèces,1,57.58,18,2.9,57.58
539,2024-09-05,Électronique,Sousse,En ligne,Carte bancaire,2,588.78,23,3.3,1177.56
3518,2024-09-05,Jouets,Gabès,Magasin,Carte bancaire,1,34.68,19,3.8,34.68
5129,2024-09-06,Vêtements,Tunis,En ligne,Virement,5,43.42,46,2.6,217.1
5277,2024-09-06,Vêtements,Tunis,En ligne,Carte bancaire,4,67.19,58,4.5,268.76
1459,2024-09-06,Électronique,Sfax,En ligne,Carte bancaire,2,387.73,36,4.6,775.46
7136,2024-09-06,Beauté,Sfax,Magasin,Carte bancaire,7,34.58,47,4.3,242.06
3472,2024-09-06,Alimentation,Gabès,Magasin,Virement,1,18.44,57,2.7,18.44
484,2024-09-06,Sport,Bizerte,Magasin,Carte bancaire,7,60.21,65,3.5,421.47
3451,2024-09-06,Beauté,Kairouan,Magasin,Carte bancaire,5,42.24,21,4.3,211.2
1921,2024-09-06,Vêtements,Bizerte,En ligne,Carte bancaire,7,42.0,41,5.0,294.0
5317,2024-09-06,Alimentation,Nabeul,En ligne,Carte bancaire,1,13.61,29,3.8,13.61
492,2024-09-06,Électronique,Sousse,En ligne,Espèces,3,297.04,52,4.4,891.12
6702,2024-09-06,Alimentation,Sousse,Magasin,Paiement mobile,6,14.29,58,2.2,85.74
7262,2024-09-06,Vêtements,Tunis,Magasin,Carte bancaire,6,55.93,62,4.8,335.58
768,2024-09-06,Vêtements,Sfax,Magasin,Paiement mobile,1,65.57,20,5.0,65.57
3511,2024-09-06,Vêtements,Tunis,Magasin,Espèces,1,46.35,18,4.1,46.35
3288,2024-09-06,Vêtements,Sfax,En ligne,Carte bancaire,1,92.88,22,3.7,92.88
4714,2024-09-06,Jouets,Nabeul,En ligne,Carte bancaire,4,26.37,56,5.0,105.48
2858,2024-09-06,Sport,Tunis,Magasin,Virement,4,85.68,67,3.1,342.72
1396,2024-09-06,Sport,Nabeul,En ligne,Carte bancaire,7,98.42,29,3.8,688.94
2769,2024-09-07,Alimentation,Sousse,Magasin,Virement,4,13.56,58,4.0,54.24
7242,2024-09-07,Sport,Sousse,En ligne,Carte bancaire,4,103.38,27,4.1,413.52
5524,2024-09-07,Électronique,Sousse,En ligne,Carte bancaire,7,421.0,20,4.2,2947.0
2768,2024-09-07,Sport,Sfax,Magasin,Paiement mobile,5,80.84,66,4.4,404.2
5533,2024-09-07,Sport,Bizerte,En ligne,Espèces,1,102.99,55,4.9,102.99
1859,2024-09-07,Jouets,Sousse,En ligne,Carte bancaire,6,22.22,35,5.0,133.32
5859,2024-09-07,Alimentation,Sfax,En ligne,Virement,4,16.34,31,4.2,65.36
3098,2024-09-07,Jouets,Tunis,Magasin,Carte bancaire,7,47.07,44,3.8,329.49
1713,2024-09-07,Alimentation,Tunis,Magasin,Paiement mobile,3,16.29,20,3.8,48.87
7399,2024-09-07,Électronique,Bizerte,En ligne,Virement,5,548.84,61,3.8,2744.2
6130,2024-09-07,Électronique,Tunis,Magasin,Espèces,5,354.1,44,3.9,1770.5
1497,2024-09-07,Vêtements,Kairouan,Magasin,Carte bancaire,1,74.84,52,5.0,74.84
719,2024-09-07,Meubles,Sfax,Magasin,Carte bancaire,6,426.07,32,3.9,2556.42
6145,2024-09-07,Jouets,Bizerte,En ligne,Espèces,3,28.66,20,3.9,85.98
777,2024-09-07,Vêtements,Tunis,En ligne,Paiement mobile,7,63.31,64,3.6,443.17
1187,2024-09-07,Jouets,Nabeul,Magasin,Espèces,6,43.66,19,5.0,261.96
2026,2024-09-07,Électronique,Tunis,Magasin,Virement,5,360.56,58,4.7,1802.8
4982,2024-09-07,Beauté,Tunis,Magasin,Paiement mobile,7,53.9,38,2.9,377.3
6662,2024-09-07,Alimentation,Kairouan,Magasin,Carte bancaire,1,27.05,30,3.9,27.05
3130,2024-09-07,Alimentation,Sfax,Magasin,Carte bancaire,5,17.83,57,2.7,89.15
2004,2024-09-07,Électronique,Tunis,Magasin,Carte bancaire,7,432.32,42,2.9,3026.24
6722,2024-09-07,Sport,Nabeul,En ligne,Virement,4,102.71,53,2.9,410.84
6050,2024-09-07,Vêtements,Nabeul,En ligne,Espèces,5,59.56,41,4.5,297.8
4628,2024-09-07,Jouets,Tunis,En ligne,Paiement mobile,3,22.99,59,4.2,68.97
4197,2024-09-07,Alimentation,Tunis,Magasin,Paiement mobile,2,21.37,60,3.6,42.74
1606,2024-09-07,Vêtements,Sfax,En ligne,Paiement mobile,6,65.94,50,3.2,395.64
7569,2024-09-07,Électronique,Tunis,Magasin,Espèces,3,282.81,51,4.6,848.43
2505,2024-09-08,Alimentation,Gabès,En ligne,Espèces,6,23.08,33,5.0,138.48
259,2024-09-08,Électronique,Sfax,Magasin,Virement,7,318.84,38,3.3,2231.88
7804,2024-09-08,Vêtements,Tunis,En ligne,Carte bancaire,6,40.09,43,4.2,240.54
4004,2024-09-08,Beauté,Nabeul,Magasin,Carte bancaire,2,25.72,19,4.0,51.44
2448,2024-09-08,Alimentation,Sousse,En ligne,Virement,6,23.4,18,4.4,140.4
79,2024-09-08,Vêtements,Tunis,Magasin,Espèces,2,48.38,44,4.4,96.76
5257,2024-09-08,Jouets,Sousse,En ligne,Virement,2,26.56,53,3.8,53.12
242,2024-09-08,Sport,Tunis,Magasin,Carte bancaire,4,77.73,44,2.4,310.92
3779,2024-09-08,Beauté,Kairouan,Magasin,Paiement mobile,4,63.44,54,4.0,253.76
7599,2024-09-08,Sport,Sfax,Magasin,Carte bancaire,5,89.2,50,4.2,446.0
7675,2024-09-08,Alimentation,Nabeul,En ligne,Carte bancaire,6,31.12,37,4.8,186.72
789,2024-09-08,Vêtements,Bizerte,En ligne,Carte bancaire,3,63.53,63,4.7,190.59
3466,2024-09-08,Alimentation,Tunis,En ligne,Espèces,3,27.02,34,4.0,81.06
667,2024-09-08,Vêtements,Sfax,En ligne,Carte bancaire,4,93.52,69,3.3,374.08
89,2024-09-08,Vêtements,Tunis,En ligne,Paiement mobile,5,92.3,55,5.0,461.5
3951,2024-09-08,Sport,Tunis,En ligne,Virement,7,107.03,48,4.6,749.21
629,2024-09-08,Alimentation,Gabès,En ligne,Espèces,7,23.41,33,3.4,163.87
3091,2024-09-08,Meubles,Sousse,En ligne,Espèces,3,311.33,59,5.0,933.99
4465,2024-09-08,Électronique,Kairouan,Magasin,Paiement mobile,1,305.33,26,4.8,305.33
4831,2024-09-09,Électronique,Kairouan,En ligne,Espèces,3,634.69,36,3.5,1904.07
522,2024-09-09,Sport,Tunis,Magasin,Carte bancaire,1,89.66,23,4.1,89.66
7013,2024-09-09,Électronique,Gabès,Magasin,Carte bancaire,3,505.21,24,4.9,1515.63
879,2024-09-09,Vêtements,Sfax,En ligne,Virement,5,82.38,49,4.0,411.9
2395,2024-09-09,Alimentation,Sfax,Magasin,Paiement mobile,3,31.92,62,4.8,95.76
6037,2024-09-09,Vêtements,Bizerte,En ligne,Carte bancaire,5,46.2,37,2.9,231.0
6262,2024-09-09,Électronique,Nabeul,En ligne,Virement,7,498.74,22,4.4,3491.18
2438,2024-09-09,Alimentation,Sfax,En ligne,Paiement mobile,4,22.83,22,3.9,91.32
5605,2024-09-09,Électronique,Bizerte,Magasin,Espèces,2,577.91,31,4.0,1155.82
5315,2024-09-09,Électronique,Sfax,En ligne,Virement,7,714.85,28,4.6,5003.95
710,2024-09-09,Vêtements,Bizerte,Magasin,Carte bancaire,2,46.39,31,3.6,92.78
348,2024-09-09,Vêtements,Nabeul,En ligne,Paiement mobile,6,71.91,32,4.5,431.46
6575,2024-09-09,Vêtements,Sfax,Magasin,Espèces,3,59.19,59,4.8,177.57
6614,2024-09-09,Meubles,Tunis,Magasin,Espèces,3,205.9,41,3.9,617.7
604,2024-09-09,Beauté,Nabeul,Magasin,Carte bancaire,6,57.27,68,3.6,343.62
4629,2024-09-09,Meubles,Bizerte,Magasin,Carte bancaire,5,242.0,26,3.3,1210.0
7147,2024-09-09,Alimentation,Bizerte,En ligne,Carte bancaire,3,14.7,38,4.8,44.1
6072,2024-09-09,Sport,Sousse,En ligne,Carte bancaire,3,61.8,65,4.4,185.4
27,2024-09-09,Électronique,Bizerte,En ligne,Espèces,7,293.51,58,3.3,2054.57
480,2024-09-10,Meubles,Sousse,Magasin,Espèces,2,215.47,56,3.7,430.94
266,2024-09-10,Alimentation,Tunis,Magasin,Carte bancaire,7,14.07,32,4.6,98.49
7627,2024-09-10,Vêtements,Nabeul,Magasin,Virement,4,36.61,59,3.2,146.44
4166,2024-09-10,Jouets,Sousse,En ligne,Carte bancaire,1,38.98,42,5.0,38.98
5127,2024-09-10,Alimentation,Gabès,Magasin,Virement,2,18.68,29,2.5,37.36
2245,2024-09-10,Alimentation,Kairouan,En ligne,Virement,3,14.76,58,3.8,44.28
2796,2024-09-10,Sport,Sfax,En ligne,Espèces,2,78.72,34,3.2,157.44
7218,2024-09-10,Électronique,Bizerte,En ligne,Virement,3,462.4,58,4.5,1387.2
286,2024-09-10,Vêtements,Bizerte,En ligne,Virement,3,50.6,37,5.0,151.8
7276,2024-09-10,Sport,Tunis,En ligne,Carte bancaire,5,121.12,43,2.2,605.6
2952,2024-09-10,Électronique,Sousse,En ligne,Virement,6,365.06,43,4.5,2190.36
1124,2024-09-10,Alimentation,Nabeul,Magasin,Carte bancaire,6,30.73,28,4.1,184.38
5601,2024-09-10,Alimentation,Gabès,En ligne,Paiement mobile,5,29.78,54,3.5,148.9
2427,2024-09-10,Jouets,Nabeul,En ligne,Carte bancaire,5,26.04,67,3.6,130.2
4115,2024-09-10,Alimentation,Bizerte,Magasin,Espèces,7,17.17,51,3.5,120.19
2738,2024-09-10,Jouets,Gabès,En ligne,Virement,5,37.63,35,3.7,188.15
6086,2024-09-10,Jouets,Bizerte,Magasin,Carte bancaire,6,34.95,21,3.5,209.7
1087,2024-09-10,Jouets,Sousse,En ligne,Carte bancaire,2,43.96,39,5.0,87.92
7923,2024-09-10,Beauté,Tunis,En ligne,Carte bancaire,2,55.16,25,4.2,110.32
7036,2024-09-10,Vêtements,Tunis,En ligne,Espèces,6,80.0,57,5.0,480.0
7384,2024-09-11,Alimentation,Bizerte,Magasin,Paiement mobile,3,21.61,68,5.0,64.83
7263,2024-09-11,Alimentation,Tunis,En ligne,Paiement mobile,4,20.74,21,4.3,82.96
6071,2024-09-11,Vêtements,Tunis,En ligne,Carte bancaire,5,93.87,34,4.3,469.35
7315,2024-09-11,Beauté,Sfax,En ligne,Carte bancaire,2,27.79,43,3.1,55.58
7295,2024-09-11,Meubles,Bizerte,En ligne,Virement,6,430.78,25,4.5,2584.68
7633,2024-09-11,Alimentation,Sfax,En ligne,Paiement mobile,6,29.65,26,3.0,177.9
7918,2024-09-11,Vêtements,Bizerte,Magasin,Carte bancaire,1,62.81,57,3.7,62.81
4000,2024-09-11,Beauté,Sfax,Magasin,Espèces,2,46.91,22,2.9,93.82
1256,2024-09-11,Électronique,Tunis,Magasin,Espèces,6,694.26,53,3.7,4165.56
4808,2024-09-11,Électronique,Sousse,Magasin,Carte bancaire,6,704.19,31,4.7,4225.14
4165,2024-09-11,Meubles,Tunis,Magasin,Espèces,6,260.24,26,3.8,1561.44
3160,2024-09-11,Vêtements,Sousse,En ligne,Espèces,3,74.85,38,4.9,224.55
3170,2024-09-11,Électronique,Tunis,Magasin,Paiement mobile,4,462.92,66,3.9,1851.68
5120,2024-09-11,Vêtements,Sfax,Magasin,Carte bancaire,4,40.89,52,2.4,163.56
226,2024-09-11,Électronique,Tunis,En ligne,Espèces,1,332.75,35,4.0,332.75
780,2024-09-11,Meubles,Gabès,Magasin,Espèces,6,192.87,63,5.0,1157.22
2587,2024-09-11,Meubles,Gabès,En ligne,Carte bancaire,2,198.01,26,3.9,396.02
131,2024-09-11,Sport,Nabeul,En ligne,Espèces,1,113.55,62,3.0,113.55
1300,2024-09-12,Sport,Nabeul,Magasin,Carte bancaire,4,117.79,65,3.8,471.16
7325,2024-09-12,Beauté,Tunis,En ligne,Espèces,6,40.72,55,4.4,244.32
2391,2024-09-12,Jouets,Tunis,Magasin,Paiement mobile,6,30.08,56,4.6,180.48
5846,2024-09-12,Beauté,Bizerte,Magasin,Virement,4,50.1,65,3.8,200.4
5543,2024-09-12,Jouets,Sousse,Magasin,Virement,1,54.55,41,4.3,54.55
4480,2024-09-12,Alimentation,Nabeul,Magasin,Paiement mobile,3,14.97,36,4.3,44.91
4816,2024-09-12,Meubles,Sfax,En ligne,Carte bancaire,5,458.9,44,4.1,2294.5
4843,2024-09-12,Alimentation,Kairouan,Magasin,Carte bancaire,3,25.32,26,5.0,75.96
4067,2024-09-12,Alimentation,Sfax,En ligne,Carte bancaire,3,27.86,43,4.3,83.58
2467,2024-09-12,Meubles,Sousse,En ligne,Virement,5,184.23,51,3.9,921.15
6601,2024-09-12,Vêtements,Sfax,En ligne,Carte bancaire,2,51.27,55,2.9,102.54
4704,2024-09-12,Électronique,Sousse,Magasin,Virement,5,421.35,56,4.6,2106.75
4953,2024-09-12,Électronique,Tunis,En ligne,Paiement mobile,5,448.02,47,3.4,2240.1
2497,2024-09-12,Vêtements,Kairouan,Magasin,Carte bancaire,3,47.18,44,4.8,141.54
3745,2024-09-12,Alimentation,Bizerte,En ligne,Carte bancaire,4,23.9,38,4.9,95.6
712,2024-09-12,Meubles,Tunis,Magasin,Paiement mobile,1,407.02,59,4.9,407.02
6423,2024-09-12,Alimentation,Gabès,En ligne,Espèces,5,16.37,64,4.5,81.85
2636,2024-09-12,Alimentation,Tunis,En ligne,Carte bancaire,5,28.34,50,2.4,141.7
7354,2024-09-12,Beauté,Gabès,Magasin,Carte bancaire,7,48.21,66,2.9,337.47
2575,2024-09-12,Électronique,Bizerte,Magasin,Espèces,5,625.13,61,3.9,3125.65
5113,2024-09-12,Beauté,Gabès,En ligne,Carte bancaire,2,25.71,28,4.7,51.42
350,2024-09-12,Électronique,Sousse,En ligne,Carte bancaire,3,303.48,42,4.3,910.44
128,2024-09-13,Électronique,Sousse,En ligne,Carte bancaire,5,403.66,32,5.0,2018.3
7927,2024-09-13,Alimentation,Nabeul,Magasin,Virement,6,31.65,61,4.7,189.9
4049,2024-09-13,Sport,Tunis,En ligne,Paiement mobile,6,123.41,64,5.0,740.46
3214,2024-09-13,Meubles,Tunis,En ligne,Paiement mobile,4,347.19,44,3.9,1388.76
7110,2024-09-13,Vêtements,Tunis,Magasin,Carte bancaire,3,43.24,62,2.6,129.72
4790,2024-09-13,Vêtements,Gabès,Magasin,Carte bancaire,6,55.44,62,3.4,332.64
3590,2024-09-13,Vêtements,Sousse,En ligne,Espèces,6,80.41,36,3.2,482.46
1158,2024-09-13,Meubles,Nabeul,En ligne,Virement,5,198.5,23,4.5,992.5
1229,2024-09-13,Sport,Gabès,Magasin,Virement,6,123.31,48,3.1,739.86
875,2024-09-13,Sport,Sousse,Magasin,Carte bancaire,6,105.49,47,4.5,632.94
495,2024-09-13,Électronique,Nabeul,En ligne,Carte bancaire,6,686.94,55,3.5,4121.64
1215,2024-09-13,Vêtements,Nabeul,En ligne,Carte bancaire,6,37.33,61,4.9,223.98
1747,2024-09-13,Électronique,Sousse,En ligne,Carte bancaire,5,494.54,23,3.5,2472.7
1983,2024-09-13,Électronique,Tunis,Magasin,Carte bancaire,6,344.5,62,3.3,2067.0
6073,2024-09-13,Alimentation,Kairouan,Magasin,Espèces,4,16.83,30,3.3,67.32
6105,2024-09-14,Alimentation,Tunis,En ligne,Carte bancaire,6,20.52,33,3.2,123.12
5569,2024-09-14,Meubles,Gabès,En ligne,Carte bancaire,6,408.3,44,4.0,2449.8
4812,2024-09-14,Électronique,Tunis,En ligne,Carte bancaire,2,706.35,38,3.8,1412.7
7902,2024-09-14,Alimentation,Kairouan,Magasin,Carte bancaire,3,30.01,49,3.4,90.03
4457,2024-09-14,Vêtements,Nabeul,En ligne,Virement,3,44.25,42,4.3,132.75
3798,2024-09-14,Alimentation,Bizerte,En ligne,Carte bancaire,1,20.35,25,4.2,20.35
2593,2024-09-14,Électronique,Tunis,Magasin,Espèces,5,653.82,23,4.7,3269.1
2645,2024-09-14,Électronique,Tunis,En ligne,Virement,4,411.0,24,3.8,1644.0
4355,2024-09-14,Jouets,Nabeul,En ligne,Espèces,6,38.31,53,4.4,229.86
502,2024-09-14,Jouets,Gabès,Magasin,Paiement mobile,6,50.13,18,4.4,300.78
6411,2024-09-14,Meubles,Gabès,Magasin,Paiement mobile,5,281.63,33,4.6,1408.15
2246,2024-09-14,Vêtements,Bizerte,En ligne,Espèces,7,94.91,57,3.9,664.37
7738,2024-09-14,Alimentation,Sfax,Magasin,Espèces,4,31.11,54,4.0,124.44
3336,2024-09-14,Meubles,Sousse,Magasin,Carte bancaire,7,443.18,49,5.0,3102.26
7209,2024-09-14,Électronique,Nabeul,En ligne,Espèces,5,574.9,40,2.7,2874.5
7561,2024-09-14,Vêtements,Sousse,Magasin,Carte bancaire,2,57.92,30,4.4,115.84
2354,2024-09-14,Meubles,Tunis,Magasin,Paiement mobile,1,277.35,43,3.8,277.35
1665,2024-09-14,Sport,Kairouan,En ligne,Carte bancaire,2,86.81,30,4.2,173.62
7269,2024-09-14,Vêtements,Sousse,Magasin,Espèces,4,36.73,38,4.0,146.92
19,2024-09-14,Alimentation,Bizerte,Magasin,Virement,4,27.96,65,4.1,111.84
2299,2024-09-14,Jouets,Sousse,En ligne,Carte bancaire,4,28.14,63,4.0,112.56
3314,2024-09-14,Alimentation,Nabeul,En ligne,Espèces,7,23.79,39,4.7,166.53
240,2024-09-15,Vêtements,Gabès,En ligne,Carte bancaire,1,81.64,63,4.3,81.64
3604,2024-09-15,Vêtements,Sfax,En ligne,Virement,1,58.95,32,3.6,58.95
680,2024-09-15,Électronique,Kairouan,Magasin,Espèces,7,634.27,66,4.7,4439.89
7769,2024-09-15,Jouets,Bizerte,Magasin,Espèces,7,28.44,19,4.5,199.08
771,2024-09-15,Jouets,Kairouan,En ligne,Virement,1,21.31,57,4.1,21.31
7717,2024-09-15,Jouets,Sousse,Magasin,Virement,5,35.59,51,4.1,177.95
3327,2024-09-15,Jouets,Nabeul,En ligne,Carte bancaire,6,26.61,39,3.4,159.66
180,2024-09-15,Alimentation,Bizerte,Magasin,Virement,5,20.63,36,4.3,103.15
1001,2024-09-15,Alimentation,Gabès,Magasin,Carte bancaire,5,12.58,24,3.8,62.9
5469,2024-09-15,Électronique,Gabès,Magasin,Virement,3,647.58,48,5.0,1942.74
2792,2024-09-15,Beauté,Tunis,En ligne,Carte bancaire,2,41.9,40,3.8,83.8
2983,2024-09-15,Alimentation,Tunis,En ligne,Carte bancaire,6,28.25,23,3.6,169.5
6345,2024-09-15,Alimentation,Sousse,Magasin,Paiement mobile,2,31.94,68,4.7,63.88
747,2024-09-15,Jouets,Sfax,En ligne,Paiement mobile,5,52.46,54,3.7,262.3
7258,2024-09-15,Alimentation,Tunis,En ligne,Paiement mobile,7,14.1,51,3.1,98.7
7929,2024-09-15,Beauté,Bizerte,Magasin,Espèces,3,58.09,23,3.7,174.27
1560,2024-09-15,Jouets,Tunis,En ligne,Paiement mobile,5,49.21,61,4.6,246.05
6109,2024-09-15,Meubles,Sousse,Magasin,Espèces,1,285.25,39,5.0,285.25
2293,2024-09-15,Jouets,Sfax,En ligne,Espèces,2,53.75,45,3.4,107.5
2722,2024-09-16,Vêtements,Sousse,Magasin,Espèces,5,81.81,67,4.3,409.05
1546,2024-09-16,Meubles,Tunis,En ligne,Espèces,1,182.88,19,3.0,182.88
2815,2024-09-16,Électronique,Sousse,Magasin,Carte bancaire,1,607.2,49,2.8,607.2
7869,2024-09-16,Meubles,Bizerte,En ligne,Paiement mobile,7,190.46,64,4.1,1333.22
5721,2024-09-16,Vêtements,Nabeul,En ligne,Virement,7,59.09,49,3.3,413.63
5973,2024-09-16,Alimentation,Bizerte,Magasin,Espèces,1,30.43,65,4.3,30.43
3407,2024-09-16,Jouets,Tunis,En ligne,Paiement mobile,4,36.3,34,4.6,145.2
2995,2024-09-16,Meubles,Sousse,Magasin,Carte bancaire,1,447.47,66,3.1,447.47
3664,2024-09-16,Vêtements,Sfax,Magasin,Carte bancaire,5,77.91,33,4.4,389.55
2451,2024-09-16,Beauté,Sousse,Magasin,Carte bancaire,2,41.18,50,3.3,82.36
3599,2024-09-16,Vêtements,Tunis,En ligne,Carte bancaire,2,66.41,20,3.6,132.82
3966,2024-09-16,Vêtements,Nabeul,Magasin,Carte bancaire,6,50.98,68,4.2,305.88
2776,2024-09-16,Jouets,Tunis,En ligne,Carte bancaire,4,48.41,33,3.8,193.64
3526,2024-09-16,Vêtements,Gabès,En ligne,Paiement mobile,1,47.82,41,4.2,47.82
760,2024-09-16,Vêtements,Nabeul,Magasin,Paiement mobile,3,39.48,31,3.1,118.44
7382,2024-09-16,Vêtements,Tunis,En ligne,Carte bancaire,7,42.79,30,4.1,299.53
4478,2024-09-16,Alimentation,Nabeul,Magasin,Carte bancaire,3,16.75,62,5.0,50.25
3206,2024-09-16,Vêtements,Tunis,En ligne,Paiement mobile,3,59.2,26,4.9,177.6
6053,2024-09-16,Électronique,Bizerte,En ligne,Virement,1,643.15,30,3.6,643.15
4900,2024-09-16,Électronique,Sfax,En ligne,Espèces,5,680.12,24,4.6,3400.6
3010,2024-09-16,Beauté,Bizerte,Magasin,Virement,6,44.91,26,3.1,269.46
5909,2024-09-16,Électronique,Tunis,En ligne,Carte bancaire,3,485.74,51,3.4,1457.22
2450,2024-09-16,Sport,Sfax,En ligne,Virement,2,101.1,25,4.4,202.2
6414,2024-09-16,Meubles,Kairouan,Magasin,Espèces,2,212.25,48,2.9,424.5
67,2024-09-16,Alimentation,Nabeul,En ligne,Carte bancaire,2,29.24,25,3.8,58.48
6670,2024-09-16,Électronique,Nabeul,En ligne,Carte bancaire,7,355.94,23,4.0,2491.58
6030,2024-09-16,Jouets,Tunis,Magasin,Espèces,7,52.81,25,3.7,369.67
4544,2024-09-17,Vêtements,Tunis,En ligne,Espèces,6,94.23,40,4.7,565.38
5841,2024-09-17,Beauté,Tunis,En ligne,Carte bancaire,3,37.73,68,4.5,113.19
7360,2024-09-17,Vêtements,Kairouan,En ligne,Paiement mobile,2,64.77,28,3.1,129.54
1563,2024-09-17,Électronique,Kairouan,Magasin,Virement,7,356.61,45,2.9,2496.27
1601,2024-09-17,Vêtements,Tunis,En ligne,Paiement mobile,5,76.24,49,3.1,381.2
1968,2024-09-17,Jouets,Kairouan,En ligne,Carte bancaire,2,38.16,61,5.0,76.32
1298,2024-09-17,Électronique,Gabès,En ligne,Virement,1,573.07,63,3.2,573.07
2811,2024-09-17,Électronique,Tunis,En ligne,Espèces,3,663.64,31,4.2,1990.92
2562,2024-09-17,Meubles,Gabès,Magasin,Paiement mobile,4,217.02,22,4.6,868.08
7922,2024-09-17,Électronique,Tunis,Magasin,Espèces,6,602.19,20,5.0,3613.14
6406,2024-09-17,Vêtements,Tunis,Magasin,Espèces,7,78.59,66,4.8,550.13
1005,2024-09-17,Alimentation,Kairouan,En ligne,Carte bancaire,5,20.86,58,4.1,104.3
107,2024-09-17,Alimentation,Bizerte,Magasin,Carte bancaire,1,30.75,27,4.4,30.75
2563,2024-09-17,Beauté,Bizerte,Magasin,Paiement mobile,2,44.2,33,4.3,88.4
2677,2024-09-17,Alimentation,Sfax,En ligne,Paiement mobile,6,23.16,35,5.0,138.96
1107,2024-09-17,Meubles,Sfax,Magasin,Carte bancaire,1,191.53,54,4.1,191.53
3217,2024-09-18,Vêtements,Bizerte,Magasin,Carte bancaire,1,70.01,43,4.9,70.01
7732,2024-09-18,Sport,Tunis,En ligne,Espèces,1,93.95,21,3.4,93.95
4384,2024-09-18,Sport,Tunis,Magasin,Virement,5,92.19,29,3.7,460.95
5404,2024-09-18,Vêtements,Tunis,En ligne,Espèces,7,49.51,27,2.7,346.57
3223,2024-09-18,Sport,Sousse,En ligne,Espèces,1,79.12,45,5.0,79.12
2957,2024-09-18,Alimentation,Sfax,En ligne,Carte bancaire,5,20.28,69,4.1,101.4
1630,2024-09-18,Sport,Sfax,En ligne,Virement,7,54.98,44,4.7,384.86
2363,2024-09-18,Vêtements,Sousse,En ligne,Paiement mobile,6,73.33,47,5.0,439.98
1745,2024-09-18,Vêtements,Tunis,Magasin,Espèces,7,48.99,22,3.9,342.93
1845,2024-09-18,Alimentation,Bizerte,Magasin,Carte bancaire,1,29.79,52,4.0,29.79
1561,2024-09-18,Électronique,Gabès,Magasin,Paiement mobile,7,364.22,52,4.5,2549.54
7068,2024-09-18,Électronique,Tunis,Magasin,Paiement mobile,1,553.86,21,3.4,553.86
4202,2024-09-18,Alimentation,Sfax,En ligne,Carte bancaire,3,15.18,53,4.6,45.54
7508,2024-09-18,Vêtements,Sousse,En ligne,Carte bancaire,4,58.95,63,4.2,235.8
1927,2024-09-18,Jouets,Sfax,En ligne,Carte bancaire,6,34.95,24,2.8,209.7
7128,2024-09-18,Électronique,Gabès,Magasin,Espèces,5,363.62,65,3.9,1818.1
5582,2024-09-18,Alimentation,Gabès,En ligne,Carte bancaire,7,19.66,37,4.2,137.62
816,2024-09-18,Vêtements,Gabès,Magasin,Espèces,2,76.24,51,5.0,152.48
419,2024-09-18,Alimentation,Tunis,En ligne,Carte bancaire,7,12.0,40,4.6,84.0
3414,2024-09-18,Vêtements,Nabeul,Magasin,Paiement mobile,4,51.25,30,2.8,205.0
5596,2024-09-19,Beauté,Sfax,En ligne,Carte bancaire,4,52.76,30,5.0,211.04
3767,2024-09-19,Meubles,Nabeul,Magasin,Carte bancaire,4,199.64,64,3.7,798.56
6979,2024-09-19,Électronique,Bizerte,En ligne,Carte bancaire,5,610.95,31,4.2,3054.75
2980,2024-09-19,Jouets,Nabeul,En ligne,Virement,1,35.56,43,3.9,35.56
6711,2024-09-19,Électronique,Sfax,Magasin,Carte bancaire,5,691.85,41,3.7,3459.25
2180,2024-09-19,Meubles,Sousse,En ligne,Carte bancaire,6,447.56,39,3.7,2685.36
5953,2024-09-19,Électronique,Gabès,En ligne,Carte bancaire,7,484.3,62,4.1,3390.1
7292,2024-09-19,Meubles,Tunis,En ligne,Virement,3,334.74,21,5.0,1004.22
2446,2024-09-19,Jouets,Kairouan,En ligne,Carte bancaire,2,40.91,44,5.0,81.82
258,2024-09-19,Beauté,Sfax,Magasin,Carte bancaire,5,25.96,46,3.4,129.8
1280,2024-09-19,Alimentation,Sousse,En ligne,Carte bancaire,3,25.04,64,3.7,75.12
2249,2024-09-19,Alimentation,Sousse,Magasin,Espèces,4,21.8,67,3.4,87.2
2192,2024-09-19,Sport,Gabès,En ligne,Espèces,6,50.61,68,3.1,303.66
1266,2024-09-20,Sport,Sfax,En ligne,Paiement mobile,6,95.11,27,4.3,570.66
528,2024-09-20,Électronique,Kairouan,En ligne,Carte bancaire,6,434.29,22,4.7,2605.74
58,2024-09-20,Meubles,Bizerte,Magasin,Espèces,1,273.31,58,5.0,273.31
2534,2024-09-20,Vêtements,Bizerte,Magasin,Carte bancaire,7,86.0,39,3.8,602.0
3766,2024-09-20,Vêtements,Bizerte,Magasin,Paiement mobile,4,44.24,44,3.2,176.96
3570,2024-09-20,Alimentation,Sousse,En ligne,Espèces,5,23.24,37,4.6,116.2
1439,2024-09-20,Électronique,Sfax,En ligne,Carte bancaire,5,489.79,60,3.7,2448.95
3667,2024-09-20,Alimentation,Nabeul,En ligne,Virement,1,24.5,19,3.5,24.5
5146,2024-09-20,Alimentation,Sousse,En ligne,Carte bancaire,2,24.91,68,4.2,49.82
3851,2024-09-20,Électronique,Tunis,Magasin,Carte bancaire,7,531.97,20,3.3,3723.79
3691,2024-09-20,Meubles,Kairouan,En ligne,Carte bancaire,7,289.84,48,4.4,2028.88
386,2024-09-20,Électronique,Sousse,Magasin,Carte bancaire,5,464.45,42,2.5,2322.25
6593,2024-09-20,Meubles,Sousse,En ligne,Carte bancaire,6,216.43,66,4.3,1298.58
2048,2024-09-20,Alimentation,Sousse,Magasin,Virement,7,30.77,25,3.5,215.39
412,2024-09-20,Alimentation,Sfax,Magasin,Carte bancaire,7,15.64,18,4.4,109.48
315,2024-09-20,Jouets,Sousse,En ligne,Carte bancaire,2,21.94,34,5.0,43.88
1239,2024-09-20,Jouets,Gabès,En ligne,Carte bancaire,1,52.35,37,5.0,52.35
1851,2024-09-20,Meubles,Sfax,En ligne,Carte bancaire,3,374.31,68,4.6,1122.93
4813,2024-09-20,Électronique,Sfax,En ligne,Carte bancaire,3,398.34,19,4.9,1195.02
930,2024-09-20,Alimentation,Nabeul,En ligne,Carte bancaire,1,29.58,68,3.6,29.58
3152,2024-09-20,Vêtements,Tunis,En ligne,Carte bancaire,1,56.53,35,4.4,56.53
1986,2024-09-20,Beauté,Sfax,En ligne,Espèces,7,30.64,59,4.6,214.48
4441,2024-09-20,Alimentation,Tunis,Magasin,Carte bancaire,3,20.68,58,3.9,62.04
5478,2024-09-20,Beauté,Tunis,En ligne,Paiement mobile,6,40.5,29,4.9,243.0
2306,2024-09-20,Alimentation,Sousse,En ligne,Carte bancaire,6,26.33,23,3.7,157.98
7946,2024-09-20,Alimentation,Bizerte,En ligne,Paiement mobile,7,26.07,39,3.9,182.49
7956,2024-09-20,Vêtements,Tunis,Magasin,Carte bancaire,3,88.2,42,4.5,264.6
4963,2024-09-20,Sport,Bizerte,Magasin,Carte bancaire,2,123.87,32,3.6,247.74
2286,2024-09-20,Alimentation,Sousse,Magasin,Carte bancaire,3,25.76,57,3.2,77.28
4729,2024-09-21,Vêtements,Sfax,Magasin,Carte bancaire,7,69.93,45,4.7,489.51
5191,2024-09-21,Électronique,Nabeul,En ligne,Virement,4,612.95,38,4.8,2451.8
53,2024-09-21,Beauté,Nabeul,En ligne,Carte bancaire,4,63.17,65,3.3,252.68
1017,2024-09-21,Sport,Tunis,En ligne,Espèces,7,64.73,38,3.8,453.11
7962,2024-09-21,Beauté,Tunis,Magasin,Carte bancaire,3,59.86,27,2.8,179.58
6945,2024-09-21,Meubles,Nabeul,Magasin,Virement,6,440.15,32,4.6,2640.9
7600,2024-09-21,Sport,Sousse,Magasin,Carte bancaire,6,60.52,59,3.5,363.12
4018,2024-09-21,Meubles,Tunis,Magasin,Carte bancaire,6,374.48,26,4.2,2246.88
7901,2024-09-21,Électronique,Bizerte,En ligne,Espèces,4,378.34,63,3.0,1513.36
2124,2024-09-21,Alimentation,Bizerte,En ligne,Virement,7,30.85,50,4.1,215.95
572,2024-09-21,Beauté,Bizerte,Magasin,Carte bancaire,3,51.59,53,4.6,154.77
5043,2024-09-21,Jouets,Tunis,Magasin,Espèces,6,40.41,48,3.2,242.46
7485,2024-09-21,Alimentation,Bizerte,En ligne,Virement,6,29.9,32,4.3,179.4
3597,2024-09-21,Jouets,Sfax,Magasin,Carte bancaire,6,24.38,68,4.6,146.28
3138,2024-09-21,Meubles,Nabeul,Magasin,Carte bancaire,5,314.7,27,3.8,1573.5
6653,2024-09-21,Alimentation,Tunis,Magasin,Carte bancaire,3,20.94,47,4.1,62.82
3027,2024-09-21,Beauté,Sousse,En ligne,Espèces,3,63.38,31,4.2,190.14
6138,2024-09-21,Jouets,Nabeul,En ligne,Virement,1,39.37,62,3.9,39.37
3256,2024-09-21,Vêtements,Sfax,En ligne,Carte bancaire,2,37.91,60,4.5,75.82
1244,2024-09-22,Alimentation,Nabeul,En ligne,Carte bancaire,2,30.39,38,4.1,60.78
5027,2024-09-22,Vêtements,Nabeul,Magasin,Espèces,7,90.21,44,5.0,631.47
7469,2024-09-22,Alimentation,Bizerte,Magasin,Carte bancaire,4,13.17,64,4.1,52.68
3320,2024-09-22,Électronique,Sfax,Magasin,Carte bancaire,3,287.97,67,4.5,863.91
7506,2024-09-22,Vêtements,Sfax,En ligne,Paiement mobile,5,71.2,35,4.9,356.0
4359,2024-09-22,Électronique,Tunis,En ligne,Paiement mobile,2,280.83,41,4.3,561.66
4055,2024-09-22,Électronique,Tunis,En ligne,Espèces,2,358.46,34,4.6,716.92
1979,2024-09-22,Sport,Nabeul,En ligne,Carte bancaire,5,63.55,28,4.9,317.75
7173,2024-09-22,Jouets,Sfax,En ligne,Carte bancaire,6,31.05,40,4.5,186.3
6185,2024-09-22,Électronique,Gabès,En ligne,Paiement mobile,3,628.97,48,3.6,1886.91
5743,2024-09-22,Vêtements,Sfax,En ligne,Espèces,2,74.97,64,3.9,149.94
4319,2024-09-22,Jouets,Nabeul,En ligne,Carte bancaire,6,33.84,20,2.1,203.04
4347,2024-09-22,Électronique,Tunis,Magasin,Carte bancaire,3,271.96,67,5.0,815.88
6989,2024-09-22,Électronique,Sousse,En ligne,Carte bancaire,4,456.91,51,4.7,1827.64
2392,2024-09-22,Vêtements,Sfax,En ligne,Paiement mobile,6,77.73,58,5.0,466.38
7098,2024-09-22,Jouets,Tunis,Magasin,Carte bancaire,3,52.73,30,5.0,158.19
6150,2024-09-22,Alimentation,Tunis,En ligne,Paiement mobile,7,23.12,21,4.7,161.84
1514,2024-09-22,Vêtements,Bizerte,Magasin,Paiement mobile,1,59.22,69,4.3,59.22
2433,2024-09-22,Sport,Sfax,En ligne,Carte bancaire,3,104.76,54,2.4,314.28
5561,2024-09-22,Électronique,Nabeul,Magasin,Carte bancaire,2,421.25,31,2.3,842.5
1454,2024-09-22,Beauté,Tunis,En ligne,Carte bancaire,1,46.33,61,4.2,46.33
2588,2024-09-22,Jouets,Sfax,Magasin,Espèces,7,44.26,47,3.5,309.82
7091,2024-09-23,Alimentation,Bizerte,En ligne,Carte bancaire,7,23.13,46,3.0,161.91
3270,2024-09-23,Jouets,Kairouan,En ligne,Carte bancaire,1,38.77,53,3.2,38.77
1378,2024-09-23,Meubles,Gabès,En ligne,Paiement mobile,2,398.33,60,5.0,796.66
729,2024-09-23,Sport,Bizerte,En ligne,Paiement mobile,3,75.23,33,4.8,225.69
5939,2024-09-23,Jouets,Sfax,En ligne,Paiement mobile,4,39.82,61,4.2,159.28
1157,2024-09-23,Électronique,Sousse,En ligne,Espèces,7,327.26,68,1.8,2290.82
254,2024-09-23,Électronique,Bizerte,En ligne,Virement,5,291.57,44,4.1,1457.85
6426,2024-09-23,Alimentation,Bizerte,Magasin,Virement,3,23.99,43,4.0,71.97
2120,2024-09-23,Vêtements,Sfax,Magasin,Virement,2,56.82,34,4.5,113.64
5954,2024-09-23,Électronique,Tunis,En ligne,Paiement mobile,3,342.96,43,3.7,1028.88
3889,2024-09-23,Électronique,Tunis,Magasin,Paiement mobile,6,309.98,65,3.9,1859.88
2964,2024-09-23,Meubles,Tunis,Magasin,Paiement mobile,3,382.11,22,2.7,1146.33
3167,2024-09-23,Vêtements,Nabeul,En ligne,Carte bancaire,2,83.32,48,4.5,166.64
1807,2024-09-23,Meubles,Kairouan,Magasin,Virement,5,293.11,20,4.4,1465.55
3487,2024-09-23,Alimentation,Bizerte,En ligne,Espèces,1,14.25,25,4.6,14.25
7131,2024-09-23,Meubles,Sfax,Magasin,Paiement mobile,3,185.83,43,4.3,557.49
2436,2024-09-23,Vêtements,Sfax,Magasin,Espèces,7,85.07,67,4.2,595.49
5523,2024-09-23,Vêtements,Tunis,En ligne,Espèces,6,62.67,19,3.5,376.02
1036,2024-09-23,Jouets,Gabès,En ligne,Paiement mobile,2,26.52,29,5.0,53.04
1588,2024-09-23,Alimentation,Tunis,Magasin,Espèces,5,30.24,21,4.3,151.2
4741,2024-09-23,Vêtements,Nabeul,En ligne,Espèces,3,51.55,45,3.7,154.65
5362,2024-09-23,Vêtements,Tunis,Magasin,Paiement mobile,1,72.47,49,4.4,72.47
1447,2024-09-24,Beauté,Bizerte,Magasin,Virement,5,40.02,57,3.8,200.1
3338,2024-09-24,Alimentation,Sfax,Magasin,Carte bancaire,1,12.65,20,4.2,12.65
114,2024-09-24,Vêtements,Tunis,Magasin,Carte bancaire,1,78.48,22,3.3,78.48
5937,2024-09-24,Vêtements,Bizerte,Magasin,Paiement mobile,4,89.81,63,3.1,359.24
7044,2024-09-24,Vêtements,Sfax,Magasin,Carte bancaire,3,53.23,52,3.9,159.69
3222,2024-09-24,Jouets,Sousse,En ligne,Espèces,4,26.47,39,4.4,105.88
4913,2024-09-24,Alimentation,Nabeul,En ligne,Carte bancaire,1,20.01,25,3.0,20.01
4971,2024-09-24,Vêtements,Sousse,En ligne,Carte bancaire,6,86.24,22,3.7,517.44
3806,2024-09-24,Meubles,Sfax,Magasin,Carte bancaire,2,330.56,52,4.9,661.12
2965,2024-09-24,Électronique,Nabeul,En ligne,Carte bancaire,7,384.67,49,3.1,2692.69
4875,2024-09-24,Électronique,Gabès,Magasin,Carte bancaire,4,288.57,45,4.3,1154.28
7111,2024-09-24,Beauté,Tunis,Magasin,Virement,2,63.61,65,4.1,127.22
2979,2024-09-24,Beauté,Tunis,Magasin,Carte bancaire,5,62.15,66,3.7,310.75
1360,2024-09-24,Électronique,Tunis,Magasin,Carte bancaire,3,284.46,45,4.9,853.38
6065,2024-09-24,Électronique,Tunis,En ligne,Carte bancaire,5,479.68,41,4.2,2398.4
6431,2024-09-24,Électronique,Nabeul,Magasin,Virement,6,360.3,49,5.0,2161.8
7759,2024-09-24,Vêtements,Bizerte,Magasin,Espèces,5,81.56,69,3.8,407.8
5199,2024-09-24,Alimentation,Sfax,En ligne,Espèces,5,23.91,30,4.3,119.55
553,2024-09-24,Vêtements,Nabeul,Magasin,Espèces,1,60.25,61,3.8,60.25
773,2024-09-24,Jouets,Bizerte,Magasin,Espèces,1,37.9,37,4.9,37.9
511,2024-09-24,Alimentation,Tunis,Magasin,Carte bancaire,7,30.9,52,4.6,216.3
3165,2024-09-24,Vêtements,Kairouan,En ligne,Espèces,6,60.6,61,5.0,363.6
199,2024-09-24,Meubles,Sousse,Magasin,Carte bancaire,4,360.25,66,4.1,1441.0
1933,2024-09-24,Sport,Kairouan,En ligne,Carte bancaire,5,54.06,19,4.3,270.3
7587,2024-09-24,Électronique,Kairouan,Magasin,Carte bancaire,7,619.81,37,3.8,4338.67
3283,2024-09-24,Meubles,Tunis,En ligne,Paiement mobile,1,314.22,37,4.1,314.22
2622,2024-09-24,Électronique,Nabeul,En ligne,Virement,5,505.52,36,4.8,2527.6
4740,2024-09-25,Sport,Sfax,En ligne,Carte bancaire,1,51.23,63,2.6,51.23
5967,2024-09-25,Électronique,Bizerte,Magasin,Virement,5,630.3,26,3.6,3151.5
4613,2024-09-25,Électronique,Tunis,En ligne,Paiement mobile,3,697.49,20,4.1,2092.47
1499,2024-09-25,Sport,Sousse,En ligne,Carte bancaire,3,107.43,18,4.3,322.29
3639,2024-09-25,Alimentation,Bizerte,Magasin,Virement,1,16.0,66,3.9,16.0
2088,2024-09-25,Jouets,Bizerte,Magasin,Carte bancaire,7,45.67,69,3.4,319.69
7021,2024-09-25,Jouets,Sfax,Magasin,Carte bancaire,5,23.27,39,3.3,116.35
1581,2024-09-25,Électronique,Tunis,En ligne,Carte bancaire,5,702.79,42,5.0,3513.95
4832,2024-09-25,Sport,Nabeul,Magasin,Virement,1,72.0,66,3.7,72.0
6224,2024-09-25,Électronique,Sfax,Magasin,Carte bancaire,3,697.48,51,3.0,2092.44
1641,2024-09-25,Sport,Tunis,En ligne,Espèces,3,103.34,55,3.4,310.02
2278,2024-09-25,Beauté,Sfax,Magasin,Virement,2,29.73,41,2.6,59.46
2644,2024-09-25,Vêtements,Tunis,Magasin,Virement,6,76.42,40,3.5,458.52
4777,2024-09-25,Beauté,Sfax,Magasin,Paiement mobile,1,30.55,27,3.6,30.55
3008,2024-09-25,Sport,Kairouan,En ligne,Carte bancaire,2,97.55,37,4.6,195.1
2594,2024-09-25,Alimentation,Sfax,En ligne,Paiement mobile,4,18.35,62,3.3,73.4
6604,2024-09-25,Vêtements,Tunis,En ligne,Paiement mobile,2,58.87,33,2.7,117.74
7699,2024-09-25,Électronique,Gabès,En ligne,Carte bancaire,2,540.94,54,4.4,1081.88
5412,2024-09-25,Électronique,Gabès,Magasin,Carte bancaire,5,501.96,37,4.4,2509.8
427,2024-09-25,Vêtements,Tunis,En ligne,Carte bancaire,4,44.81,52,3.9,179.24
5150,2024-09-25,Meubles,Kairouan,En ligne,Virement,2,441.62,39,3.8,883.24
5166,2024-09-25,Électronique,Nabeul,Magasin,Espèces,3,705.91,40,3.5,2117.73
5247,2024-09-25,Alimentation,Sousse,Magasin,Espèces,6,27.65,52,3.9,165.9
3115,2024-09-26,Sport,Tunis,Magasin,Paiement mobile,5,77.5,68,3.7,387.5
1976,2024-09-26,Électronique,Tunis,Magasin,Carte bancaire,3,666.7,42,3.9,2000.1
5529,2024-09-26,Alimentation,Nabeul,Magasin,Paiement mobile,3,24.17,54,3.5,72.51
5619,2024-09-26,Vêtements,Bizerte,Magasin,Carte bancaire,7,86.09,26,3.2,602.63
1460,2024-09-26,Jouets,Bizerte,Magasin,Espèces,6,53.26,49,2.5,319.56
74,2024-09-26,Électronique,Bizerte,En ligne,Espèces,5,554.08,22,5.0,2770.4
6485,2024-09-26,Électronique,Bizerte,En ligne,Espèces,1,664.87,31,2.6,664.87
5083,2024-09-26,Électronique,Tunis,En ligne,Carte bancaire,3,558.43,30,4.9,1675.29
4227,2024-09-26,Alimentation,Gabès,En ligne,Carte bancaire,1,27.79,31,4.8,27.79
6855,2024-09-26,Alimentation,Nabeul,En ligne,Espèces,4,12.58,28,3.8,50.32
1039,2024-09-26,Vêtements,Gabès,En ligne,Carte bancaire,1,84.41,59,5.0,84.41
6574,2024-09-26,Sport,Nabeul,En ligne,Carte bancaire,5,62.42,21,4.9,312.1
5990,2024-09-26,Électronique,Kairouan,En ligne,Carte bancaire,3,527.68,58,4.5,1583.04
2945,2024-09-26,Électronique,Tunis,Magasin,Virement,4,295.99,57,4.6,1183.96
2842,2024-09-26,Alimentation,Sfax,Magasin,Espèces,7,25.46,25,5.0,178.22
2400,2024-09-26,Jouets,Gabès,Magasin,Virement,2,46.38,46,4.0,92.76
1707,2024-09-26,Meubles,Tunis,Magasin,Paiement mobile,2,382.12,34,3.0,764.24
77,2024-09-27,Électronique,Tunis,Magasin,Espèces,7,521.31,24,4.1,3649.17
4652,2024-09-27,Électronique,Bizerte,En ligne,Carte bancaire,5,669.74,61,3.8,3348.7
7280,2024-09-27,Vêtements,Bizerte,En ligne,Paiement mobile,4,86.16,26,4.2,344.64
5049,2024-09-27,Électronique,Tunis,En ligne,Virement,7,511.09,21,4.3,3577.63
409,2024-09-27,Sport,Tunis,Magasin,Carte bancaire,1,91.98,56,5.0,91.98
4217,2024-09-27,Jouets,Gabès,En ligne,Carte bancaire,6,37.68,38,5.0,226.08
2205,2024-09-27,Alimentation,Sousse,En ligne,Espèces,4,30.73,52,4.1,122.92
5473,2024-09-27,Sport,Tunis,Magasin,Paiement mobile,2,79.02,40,3.6,158.04
1757,2024-09-27,Vêtements,Sfax,En ligne,Carte bancaire,5,38.99,22,4.4,194.95
6949,2024-09-27,Électronique,Nabeul,Magasin,Paiement mobile,5,573.48,40,2.6,2867.4
6104,2024-09-27,Beauté,Tunis,En ligne,Virement,6,36.82,24,3.6,220.92
6147,2024-09-27,Vêtements,Sfax,Magasin,Espèces,6,80.82,55,2.6,484.92
7963,2024-09-27,Vêtements,Bizerte,Magasin,Espèces,1,90.73,20,3.8,90.73
2140,2024-09-27,Vêtements,Sfax,En ligne,Carte bancaire,2,49.24,30,2.7,98.48
5503,2024-09-27,Électronique,Gabès,Magasin,Virement,2,293.45,39,3.5,586.9
3060,2024-09-27,Sport,Sousse,Magasin,Carte bancaire,5,122.14,62,2.8,610.7
6892,2024-09-27,Vêtements,Gabès,Magasin,Espèces,3,38.19,33,3.8,114.57
2603,2024-09-27,Électronique,Sfax,Magasin,Virement,6,413.57,34,4.3,2481.42
1727,2024-09-27,Jouets,Nabeul,Magasin,Carte bancaire,3,53.29,19,4.1,159.87
5290,2024-09-27,Beauté,Sousse,En ligne,Carte bancaire,2,60.97,19,3.4,121.94
2156,2024-09-27,Alimentation,Sfax,Magasin,Virement,1,26.65,28,4.6,26.65
4096,2024-09-27,Meubles,Sousse,Magasin,Virement,5,477.67,36,4.9,2388.35
34,2024-09-27,Jouets,Tunis,En ligne,Virement,1,38.03,22,3.6,38.03
7601,2024-09-27,Sport,Tunis,Magasin,Carte bancaire,1,127.28,66,4.0,127.28
3,2024-09-27,Meubles,Bizerte,En ligne,Paiement mobile,3,294.51,68,2.8,883.53
7683,2024-09-27,Beauté,Sfax,Magasin,Carte bancaire,2,35.31,44,4.5,70.62
4189,2024-09-27,Meubles,Nabeul,En ligne,Carte bancaire,4,437.71,46,5.0,1750.84
6589,2024-09-27,Électronique,Tunis,En ligne,Carte bancaire,6,453.39,36,5.0,2720.34
7085,2024-09-27,Électronique,Bizerte,En ligne,Carte bancaire,5,276.82,60,4.4,1384.1
4395,2024-09-27,Sport,Nabeul,Magasin,Carte bancaire,7,120.89,60,2.7,846.23
7924,2024-09-27,Alimentation,Sousse,En ligne,Carte bancaire,7,27.39,69,4.9,191.73
4988,2024-09-27,Vêtements,Sfax,Magasin,Carte bancaire,6,59.02,61,3.4,354.12
5193,2024-09-27,Meubles,Bizerte,Magasin,Espèces,3,450.2,61,5.0,1350.6
456,2024-09-28,Jouets,Sfax,Magasin,Espèces,3,38.01,56,3.1,114.03
5641,2024-09-28,Vêtements,Tunis,En ligne,Paiement mobile,6,41.0,29,2.7,246.0
3948,2024-09-28,Vêtements,Kairouan,Magasin,Paiement mobile,2,44.79,35,3.9,89.58
4159,2024-09-28,Vêtements,Sousse,En ligne,Paiement mobile,2,60.5,49,4.1,121.0
6630,2024-09-28,Vêtements,Tunis,Magasin,Virement,2,80.33,61,4.1,160.66
685,2024-09-28,Meubles,Tunis,En ligne,Virement,6,449.53,67,3.3,2697.18
6400,2024-09-28,Alimentation,Kairouan,Magasin,Paiement mobile,2,25.14,67,4.9,50.28
5154,2024-09-28,Alimentation,Sfax,En ligne,Espèces,3,16.26,25,4.8,48.78
1511,2024-09-28,Meubles,Bizerte,En ligne,Espèces,5,405.31,25,4.5,2026.55
2343,2024-09-28,Vêtements,Nabeul,En ligne,Carte bancaire,5,89.42,26,3.8,447.1
3819,2024-09-28,Vêtements,Gabès,En ligne,Espèces,5,67.31,32,4.6,336.55
3064,2024-09-28,Sport,Bizerte,Magasin,Paiement mobile,2,103.37,47,5.0,206.74
4257,2024-09-28,Électronique,Gabès,Magasin,Carte bancaire,4,403.1,39,4.9,1612.4
7049,2024-09-28,Vêtements,Nabeul,En ligne,Paiement mobile,6,72.02,36,3.3,432.12
5575,2024-09-28,Alimentation,Bizerte,Magasin,Paiement mobile,2,27.09,61,3.7,54.18
6578,2024-09-29,Vêtements,Sfax,En ligne,Carte bancaire,5,87.5,64,3.4,437.5
1472,2024-09-29,Électronique,Bizerte,En ligne,Carte bancaire,2,697.91,56,4.3,1395.82
2604,2024-09-29,Vêtements,Sfax,En ligne,Carte bancaire,4,80.93,55,4.2,323.72
5138,2024-09-29,Jouets,Tunis,Magasin,Virement,4,40.0,68,3.4,160.0
4171,2024-09-29,Sport,Tunis,En ligne,Carte bancaire,3,61.87,22,4.8,185.61
6752,2024-09-29,Alimentation,Tunis,En ligne,Espèces,1,14.26,52,4.0,14.26
3972,2024-09-29,Alimentation,Tunis,En ligne,Carte bancaire,3,31.03,21,4.0,93.09
561,2024-09-29,Vêtements,Bizerte,En ligne,Paiement mobile,2,44.22,39,3.6,88.44
7398,2024-09-29,Vêtements,Sfax,En ligne,Carte bancaire,1,73.26,48,2.1,73.26
5430,2024-09-29,Alimentation,Sousse,En ligne,Carte bancaire,5,30.39,52,5.0,151.95
3727,2024-09-29,Beauté,Gabès,En ligne,Paiement mobile,5,26.12,39,3.3,130.6
5396,2024-09-29,Jouets,Bizerte,Magasin,Carte bancaire,2,46.94,48,4.0,93.88
5697,2024-09-29,Beauté,Gabès,En ligne,Espèces,3,57.41,25,2.5,172.23
5209,2024-09-29,Alimentation,Sfax,Magasin,Carte bancaire,1,26.61,61,4.6,26.61
6501,2024-09-29,Vêtements,Bizerte,Magasin,Espèces,7,94.79,19,4.8,663.53
5231,2024-09-29,Jouets,Sousse,Magasin,Espèces,6,27.19,34,4.0,163.14
3055,2024-09-29,Meubles,Sousse,Magasin,Carte bancaire,6,238.66,26,4.8,1431.96
5995,2024-09-29,Vêtements,Kairouan,Magasin,Paiement mobile,2,78.06,53,4.1,156.12
7733,2024-09-29,Jouets,Tunis,En ligne,Carte bancaire,3,21.46,59,3.9,64.38
368,2024-09-29,Beauté,Sousse,Magasin,Carte bancaire,7,47.68,43,4.3,333.76
2454,2024-09-29,Meubles,Nabeul,Magasin,Paiement mobile,3,397.31,48,3.9,1191.93
1016,2024-09-29,Meubles,Nabeul,En ligne,Espèces,2,442.7,22,4.6,885.4
6917,2024-09-29,Alimentation,Sousse,En ligne,Carte bancaire,3,24.14,21,3.8,72.42
1780,2024-09-29,Sport,Bizerte,En ligne,Carte bancaire,7,79.35,61,3.7,555.45
910,2024-09-29,Vêtements,Sfax,Magasin,Carte bancaire,2,47.22,64,4.0,94.44
812,2024-09-29,Vêtements,Bizerte,En ligne,Carte bancaire,4,73.56,32,4.5,294.24
4972,2024-09-29,Jouets,Sfax,En ligne,Carte bancaire,7,48.89,32,3.2,342.23
4401,2024-09-29,Vêtements,Tunis,En ligne,Espèces,5,39.53,42,4.1,197.65
6779,2024-09-29,Électronique,Sousse,En ligne,Paiement mobile,3,444.02,34,3.5,1332.06
2726,2024-09-29,Vêtements,Tunis,Magasin,Carte bancaire,2,43.33,37,4.7,86.66
5854,2024-09-29,Alimentation,Sousse,En ligne,Carte bancaire,2,18.29,46,3.2,36.58
6964,2024-09-29,Sport,Sousse,En ligne,Espèces,4,96.57,58,4.0,386.28
6635,2024-09-29,Sport,Sousse,Magasin,Paiement mobile,4,114.97,36,4.2,459.88
3464,2024-09-29,Alimentation,Sfax,Magasin,Espèces,6,12.04,59,4.2,72.24
6929,2024-09-30,Sport,Sousse,Magasin,Paiement mobile,7,88.94,33,3.9,622.58
4040,2024-09-30,Vêtements,Tunis,Magasin,Carte bancaire,5,70.07,61,3.8,350.35
3961,2024-09-30,Jouets,Sfax,Magasin,Carte bancaire,4,50.07,22,3.7,200.28
1796,2024-09-30,Sport,Sfax,Magasin,Espèces,3,127.5,52,4.8,382.5
3683,2024-09-30,Alimentation,Bizerte,Magasin,Carte bancaire,1,16.92,55,5.0,16.92
48,2024-09-30,Sport,Gabès,En ligne,Paiement mobile,1,82.42,66,4.2,82.42
6108,2024-09-30,Sport,Sousse,Magasin,Espèces,4,71.66,18,5.0,286.64
901,2024-09-30,Vêtements,Kairouan,Magasin,Paiement mobile,4,62.56,48,3.9,250.24
7815,2024-09-30,Alimentation,Nabeul,En ligne,Paiement mobile,7,18.89,51,4.3,132.23
3429,2024-09-30,Alimentation,Tunis,En ligne,Paiement mobile,5,26.62,34,4.2,133.1
6387,2024-09-30,Alimentation,Tunis,En ligne,Carte bancaire,5,31.99,67,4.6,159.95
3769,2024-09-30,Beauté,Sousse,Magasin,Carte bancaire,5,53.23,21,4.0,266.15
1756,2024-09-30,Alimentation,Sousse,Magasin,Espèces,7,14.48,50,4.1,101.36
1501,2024-09-30,Alimentation,Nabeul,En ligne,Paiement mobile,6,20.6,22,5.0,123.6
5911,2024-10-01,Vêtements,Nabeul,En ligne,Paiement mobile,4,44.23,48,3.5,176.92
985,2024-10-01,Meubles,Tunis,Magasin,Carte bancaire,5,405.55,21,5.0,2027.75
1425,2024-10-01,Électronique,Kairouan,En ligne,Paiement mobile,7,667.32,47,3.6,4671.24
2997,2024-10-01,Beauté,Sousse,Magasin,Carte bancaire,4,46.79,33,3.5,187.16
630,2024-10-01,Alimentation,Kairouan,En ligne,Paiement mobile,4,26.76,49,3.4,107.04
5627,2024-10-01,Meubles,Sousse,En ligne,Espèces,3,228.51,49,4.4,685.53
3473,2024-10-01,Meubles,Nabeul,En ligne,Carte bancaire,3,279.22,49,4.4,837.66
2160,2024-10-01,Vêtements,Sousse,En ligne,Carte bancaire,3,79.59,39,3.8,238.77
7550,2024-10-01,Vêtements,Nabeul,En ligne,Carte bancaire,7,46.23,52,4.0,323.61
5646,2024-10-01,Électronique,Sfax,Magasin,Virement,7,449.96,33,3.0,3149.72
3133,2024-10-01,Vêtements,Bizerte,Magasin,Espèces,1,68.92,25,4.2,68.92
3642,2024-10-01,Électronique,Bizerte,En ligne,Carte bancaire,5,286.56,63,4.3,1432.8
6963,2024-10-01,Alimentation,Tunis,En ligne,Carte bancaire,7,17.14,46,4.1,119.98
3387,2024-10-01,Alimentation,Sousse,Magasin,Carte bancaire,5,15.69,56,4.2,78.45
4432,2024-10-01,Meubles,Bizerte,Magasin,Carte bancaire,4,284.74,44,4.8,1138.96
3122,2024-10-01,Électronique,Sousse,En ligne,Carte bancaire,7,316.77,65,2.8,2217.39
5945,2024-10-01,Beauté,Nabeul,Magasin,Paiement mobile,3,42.73,53,3.2,128.19
7240,2024-10-01,Alimentation,Sousse,Magasin,Virement,5,18.72,38,3.3,93.6
6253,2024-10-01,Vêtements,Tunis,Magasin,Carte bancaire,2,47.54,44,3.9,95.08
435,2024-10-01,Vêtements,Sousse,Magasin,Carte bancaire,4,38.48,56,4.2,153.92
7955,2024-10-02,Sport,Sousse,En ligne,Carte bancaire,2,89.89,20,3.7,179.78
6535,2024-10-02,Sport,Kairouan,En ligne,Carte bancaire,2,106.88,67,5.0,213.76
3199,2024-10-02,Beauté,Gabès,Magasin,Espèces,6,57.28,39,5.0,343.68
5906,2024-10-02,Vêtements,Sfax,En ligne,Paiement mobile,2,72.96,43,3.7,145.92
2022,2024-10-02,Alimentation,Nabeul,En ligne,Carte bancaire,5,18.04,35,2.8,90.2
2390,2024-10-02,Jouets,Tunis,Magasin,Carte bancaire,7,22.3,28,4.7,156.1
4967,2024-10-02,Électronique,Nabeul,En ligne,Espèces,3,290.13,59,3.1,870.39
6454,2024-10-02,Beauté,Nabeul,En ligne,Virement,7,56.98,23,4.9,398.86
6407,2024-10-02,Vêtements,Sfax,En ligne,Espèces,7,40.51,35,3.9,283.57
7557,2024-10-02,Sport,Bizerte,Magasin,Espèces,6,69.07,66,5.0,414.42
4862,2024-10-02,Alimentation,Tunis,En ligne,Espèces,2,20.72,49,4.6,41.44
5135,2024-10-02,Alimentation,Nabeul,Magasin,Carte bancaire,5,19.79,48,4.0,98.95
4983,2024-10-02,Jouets,Bizerte,Magasin,Paiement mobile,5,39.12,34,4.8,195.6
3174,2024-10-02,Sport,Sousse,En ligne,Paiement mobile,5,53.42,57,3.4,267.1
5774,2024-10-02,Vêtements,Gabès,Magasin,Paiement mobile,5,63.96,28,5.0,319.8
1985,2024-10-02,Sport,Sfax,Magasin,Carte bancaire,4,119.95,68,4.2,479.8
7040,2024-10-02,Électronique,Bizerte,En ligne,Paiement mobile,3,674.8,51,4.7,2024.4
4820,2024-10-02,Alimentation,Gabès,En ligne,Paiement mobile,1,15.06,66,4.2,15.06
1795,2024-10-03,Vêtements,Nabeul,En ligne,Paiement mobile,2,48.09,53,4.2,96.18
319,2024-10-03,Électronique,Tunis,Magasin,Virement,3,611.91,40,3.1,1835.73
4515,2024-10-03,Alimentation,Bizerte,Magasin,Carte bancaire,3,14.83,61,5.0,44.49
3039,2024-10-03,Vêtements,Kairouan,Magasin,Carte bancaire,4,56.47,58,3.1,225.88
301,2024-10-03,Meubles,Nabeul,En ligne,Virement,7,455.15,43,3.4,3186.05
538,2024-10-03,Beauté,Kairouan,En ligne,Carte bancaire,2,42.44,21,3.5,84.88
5320,2024-10-03,Électronique,Gabès,Magasin,Carte bancaire,7,379.67,25,3.6,2657.69
3557,2024-10-03,Jouets,Sousse,En ligne,Paiement mobile,2,25.78,29,3.5,51.56
7532,2024-10-03,Alimentation,Sousse,En ligne,Paiement mobile,7,20.77,21,4.1,145.39
945,2024-10-03,Alimentation,Bizerte,Magasin,Paiement mobile,2,14.05,44,4.0,28.1
842,2024-10-03,Alimentation,Sfax,Magasin,Carte bancaire,5,30.96,48,4.6,154.8
2933,2024-10-03,Jouets,Sfax,Magasin,Virement,4,50.84,69,4.7,203.36
2529,2024-10-03,Vêtements,Sfax,Magasin,Carte bancaire,7,89.03,58,4.9,623.21
4890,2024-10-03,Vêtements,Sousse,En ligne,Paiement mobile,3,52.31,66,4.8,156.93
2200,2024-10-03,Électronique,Nabeul,En ligne,Carte bancaire,5,332.44,35,4.6,1662.2
2554,2024-10-03,Sport,Nabeul,Magasin,Paiement mobile,4,79.93,46,5.0,319.72
3920,2024-10-03,Vêtements,Nabeul,En ligne,Carte bancaire,4,40.71,59,3.7,162.84
3263,2024-10-03,Meubles,Gabès,Magasin,Carte bancaire,3,409.75,32,5.0,1229.25
3352,2024-10-03,Alimentation,Sousse,Magasin,Carte bancaire,3,22.47,30,3.3,67.41
7713,2024-10-03,Électronique,Gabès,En ligne,Carte bancaire,6,345.9,62,4.1,2075.4
23,2024-10-03,Jouets,Tunis,Magasin,Virement,1,22.96,20,5.0,22.96
4732,2024-10-03,Électronique,Kairouan,Magasin,Paiement mobile,5,619.3,55,3.9,3096.5
6767,2024-10-03,Beauté,Sousse,En ligne,Carte bancaire,2,63.55,50,5.0,127.1
2158,2024-10-03,Alimentation,Sousse,En ligne,Paiement mobile,6,25.29,53,3.9,151.74
7523,2024-10-03,Alimentation,Gabès,En ligne,Carte bancaire,3,22.11,43,3.3,66.33
5867,2024-10-04,Alimentation,Sfax,Magasin,Virement,2,16.4,47,4.3,32.8
4366,2024-10-04,Jouets,Sfax,En ligne,Virement,3,24.36,37,3.6,73.08
6659,2024-10-04,Vêtements,Tunis,Magasin,Paiement mobile,2,44.17,69,3.1,88.34
5019,2024-10-04,Vêtements,Sfax,En ligne,Espèces,4,52.74,39,3.1,210.96
5044,2024-10-04,Électronique,Tunis,Magasin,Carte bancaire,4,377.08,30,4.5,1508.32
6014,2024-10-04,Électronique,Sfax,En ligne,Carte bancaire,7,271.8,62,4.1,1902.6
6756,2024-10-04,Alimentation,Bizerte,Magasin,Espèces,6,25.14,55,4.8,150.84
3878,2024-10-04,Vêtements,Kairouan,En ligne,Espèces,7,74.03,41,3.1,518.21
1327,2024-10-04,Jouets,Tunis,Magasin,Carte bancaire,5,39.67,57,4.9,198.35
3437,2024-10-04,Électronique,Sousse,En ligne,Virement,6,460.87,24,4.3,2765.22
460,2024-10-04,Sport,Tunis,Magasin,Espèces,3,51.54,57,3.1,154.62
4009,2024-10-04,Meubles,Tunis,En ligne,Carte bancaire,6,233.34,47,4.2,1400.04
5671,2024-10-04,Meubles,Tunis,Magasin,Paiement mobile,4,264.73,46,5.0,1058.92
4779,2024-10-04,Beauté,Nabeul,En ligne,Espèces,5,44.32,68,3.6,221.6
7811,2024-10-04,Vêtements,Nabeul,Magasin,Carte bancaire,3,46.52,33,2.6,139.56
6895,2024-10-04,Jouets,Tunis,En ligne,Paiement mobile,5,44.94,57,4.1,224.7
4061,2024-10-04,Électronique,Tunis,En ligne,Virement,6,402.73,61,4.1,2416.38
5379,2024-10-04,Électronique,Tunis,En ligne,Carte bancaire,6,560.73,56,3.7,3364.38
2653,2024-10-04,Jouets,Gabès,En ligne,Carte bancaire,1,44.88,37,2.6,44.88
7057,2024-10-04,Meubles,Bizerte,Magasin,Carte bancaire,4,269.26,33,3.6,1077.04
6182,2024-10-04,Meubles,Gabès,Magasin,Virement,4,267.27,64,4.4,1069.08
6061,2024-10-04,Meubles,Bizerte,Magasin,Paiement mobile,7,309.17,24,3.7,2164.19
2611,2024-10-04,Alimentation,Sfax,Magasin,Paiement mobile,1,19.47,64,4.5,19.47
1693,2024-10-04,Meubles,Tunis,Magasin,Espèces,4,472.25,37,2.6,1889.0
5981,2024-10-05,Sport,Gabès,En ligne,Virement,6,76.93,65,2.3,461.58
5536,2024-10-05,Sport,Sfax,En ligne,Carte bancaire,3,92.93,37,3.5,278.79
4782,2024-10-05,Alimentation,Gabès,En ligne,Virement,1,13.7,59,3.2,13.7
442,2024-10-05,Alimentation,Nabeul,En ligne,Carte bancaire,2,26.04,35,4.0,52.08
7241,2024-10-05,Alimentation,Sfax,Magasin,Paiement mobile,6,12.9,60,4.7,77.4
6195,2024-10-05,Beauté,Sfax,Magasin,Carte bancaire,7,54.38,54,3.3,380.66
7594,2024-10-05,Vêtements,Gabès,Magasin,Carte bancaire,2,46.76,69,4.2,93.52
3349,2024-10-05,Sport,Sousse,En ligne,Espèces,4,48.47,42,3.9,193.88
7647,2024-10-05,Meubles,Tunis,En ligne,Carte bancaire,1,218.66,31,4.5,218.66
4762,2024-10-05,Alimentation,Bizerte,En ligne,Carte bancaire,6,12.57,67,5.0,75.42
4083,2024-10-05,Meubles,Sousse,Magasin,Espèces,7,350.8,32,3.6,2455.6
2326,2024-10-05,Meubles,Tunis,En ligne,Carte bancaire,3,285.88,22,3.9,857.64
5143,2024-10-05,Électronique,Bizerte,En ligne,Espèces,7,355.88,61,3.8,2491.16
3052,2024-10-05,Sport,Sfax,Magasin,Virement,2,77.91,28,4.5,155.82
4111,2024-10-05,Sport,Gabès,En ligne,Espèces,7,87.39,35,2.2,611.73
7034,2024-10-05,Vêtements,Sfax,Magasin,Paiement mobile,7,45.93,45,4.0,321.51
6811,2024-10-05,Alimentation,Tunis,En ligne,Paiement mobile,2,26.65,24,4.8,53.3
556,2024-10-05,Sport,Kairouan,Magasin,Virement,1,124.57,69,4.1,124.57
2100,2024-10-05,Alimentation,Kairouan,Magasin,Paiement mobile,2,15.06,48,3.3,30.12
7198,2024-10-05,Électronique,Kairouan,Magasin,Carte bancaire,6,577.56,25,3.5,3465.36
6441,2024-10-05,Vêtements,Sfax,En ligne,Carte bancaire,1,74.88,19,3.6,74.88
2959,2024-10-05,Sport,Nabeul,En ligne,Espèces,7,68.58,24,5.0,480.06
5472,2024-10-06,Meubles,Tunis,En ligne,Espèces,4,225.12,25,4.7,900.48
3797,2024-10-06,Vêtements,Gabès,Magasin,Carte bancaire,4,67.73,42,4.5,270.92
2257,2024-10-06,Jouets,Tunis,En ligne,Espèces,4,22.03,62,3.2,88.12
339,2024-10-06,Jouets,Sfax,Magasin,Carte bancaire,5,23.54,56,4.0,117.7
2820,2024-10-06,Jouets,Sousse,Magasin,Carte bancaire,2,21.57,66,4.8,43.14
228,2024-10-06,Jouets,Gabès,En ligne,Carte bancaire,4,44.28,37,4.3,177.12
4326,2024-10-06,Alimentation,Kairouan,En ligne,Espèces,7,13.62,64,4.1,95.34
7247,2024-10-06,Sport,Tunis,Magasin,Carte bancaire,3,48.45,58,4.2,145.35
1307,2024-10-06,Beauté,Sfax,En ligne,Espèces,6,40.07,63,2.6,240.42
499,2024-10-06,Alimentation,Nabeul,Magasin,Virement,5,27.39,46,3.5,136.95
7845,2024-10-06,Jouets,Kairouan,Magasin,Virement,3,30.34,67,4.6,91.02
4098,2024-10-06,Jouets,Kairouan,Magasin,Paiement mobile,4,31.65,41,5.0,126.6
361,2024-10-06,Sport,Kairouan,En ligne,Carte bancaire,5,93.9,27,4.5,469.5
87,2024-10-06,Électronique,Sousse,En ligne,Carte bancaire,4,517.29,42,3.8,2069.16
3459,2024-10-06,Électronique,Tunis,En ligne,Paiement mobile,3,519.95,61,3.5,1559.85
6222,2024-10-06,Sport,Kairouan,En ligne,Paiement mobile,4,104.85,67,4.1,419.4
5720,2024-10-06,Vêtements,Sousse,En ligne,Virement,2,66.68,23,3.5,133.36
4297,2024-10-06,Alimentation,Nabeul,Magasin,Virement,1,28.27,63,3.3,28.27
1754,2024-10-06,Électronique,Sousse,En ligne,Paiement mobile,5,509.44,65,3.1,2547.2
5793,2024-10-06,Jouets,Kairouan,Magasin,Espèces,5,52.27,30,5.0,261.35
3113,2024-10-07,Vêtements,Gabès,Magasin,Paiement mobile,3,76.79,44,4.7,230.37
2152,2024-10-07,Vêtements,Gabès,Magasin,Espèces,3,93.63,27,4.1,280.89
5741,2024-10-07,Électronique,Nabeul,En ligne,Carte bancaire,2,282.7,64,4.6,565.4
7370,2024-10-07,Vêtements,Nabeul,En ligne,Virement,2,89.87,28,4.4,179.74
1753,2024-10-07,Vêtements,Sousse,Magasin,Espèces,1,46.66,36,3.2,46.66
3728,2024-10-07,Jouets,Tunis,En ligne,Paiement mobile,6,41.83,69,2.9,250.98
354,2024-10-07,Vêtements,Sfax,En ligne,Paiement mobile,4,84.0,26,4.4,336.0
7893,2024-10-07,Beauté,Gabès,Magasin,Carte bancaire,4,44.3,60,3.6,177.2
5089,2024-10-07,Électronique,Sousse,Magasin,Carte bancaire,4,409.22,62,5.0,1636.88
3022,2024-10-07,Alimentation,Bizerte,Magasin,Espèces,2,31.13,58,5.0,62.26
2394,2024-10-07,Jouets,Sousse,Magasin,Espèces,6,46.51,60,3.0,279.06
1323,2024-10-07,Vêtements,Bizerte,Magasin,Paiement mobile,3,57.66,29,4.6,172.98
5636,2024-10-07,Sport,Tunis,Magasin,Carte bancaire,3,126.4,29,4.0,379.2
2666,2024-10-07,Vêtements,Gabès,En ligne,Carte bancaire,2,83.8,60,4.6,167.6
3644,2024-10-07,Électronique,Nabeul,En ligne,Carte bancaire,1,327.71,46,3.8,327.71
5546,2024-10-07,Meubles,Tunis,En ligne,Virement,3,405.32,31,4.3,1215.96
832,2024-10-07,Alimentation,Kairouan,Magasin,Carte bancaire,1,26.35,49,5.0,26.35
6285,2024-10-08,Sport,Nabeul,Magasin,Carte bancaire,6,93.81,41,4.9,562.86
7026,2024-10-08,Électronique,Tunis,En ligne,Espèces,2,527.83,54,3.8,1055.66
1941,2024-10-08,Jouets,Gabès,En ligne,Espèces,5,25.45,68,4.6,127.25
3906,2024-10-08,Sport,Sousse,En ligne,Virement,4,104.37,56,4.9,417.48
2009,2024-10-08,Vêtements,Nabeul,Magasin,Carte bancaire,3,62.84,18,4.8,188.52
3571,2024-10-08,Alimentation,Sousse,En ligne,Carte bancaire,2,13.55,59,4.5,27.1
2127,2024-10-08,Vêtements,Tunis,Magasin,Virement,6,73.67,39,4.6,442.02
4073,2024-10-08,Alimentation,Sousse,En ligne,Carte bancaire,5,24.83,55,3.5,124.15
2500,2024-10-08,Jouets,Bizerte,En ligne,Virement,4,26.32,44,4.1,105.28
5280,2024-10-08,Beauté,Nabeul,Magasin,Paiement mobile,6,54.85,39,4.6,329.1
1375,2024-10-08,Électronique,Gabès,En ligne,Espèces,3,682.36,46,3.7,2047.08
937,2024-10-08,Meubles,Sfax,En ligne,Carte bancaire,1,459.39,38,4.0,459.39
5012,2024-10-08,Vêtements,Tunis,Magasin,Espèces,7,70.36,44,3.2,492.52
7271,2024-10-08,Alimentation,Gabès,Magasin,Paiement mobile,1,19.87,26,3.8,19.87
4610,2024-10-08,Électronique,Gabès,En ligne,Carte bancaire,3,375.84,27,3.7,1127.52
6816,2024-10-08,Vêtements,Kairouan,Magasin,Carte bancaire,7,86.63,31,4.3,606.41
860,2024-10-08,Sport,Nabeul,En ligne,Carte bancaire,7,116.71,43,4.8,816.97
1457,2024-10-08,Électronique,Sousse,Magasin,Paiement mobile,4,488.22,60,4.1,1952.88
4615,2024-10-08,Jouets,Tunis,En ligne,Carte bancaire,5,26.44,33,5.0,132.2
5295,2024-10-08,Vêtements,Tunis,En ligne,Carte bancaire,1,50.31,57,5.0,50.31
7195,2024-10-08,Alimentation,Sousse,En ligne,Virement,7,31.14,23,3.8,217.98
1118,2024-10-08,Électronique,Gabès,En ligne,Virement,4,454.46,50,4.6,1817.84
731,2024-10-08,Alimentation,Tunis,Magasin,Espèces,7,30.5,27,4.8,213.5
4633,2024-10-08,Beauté,Tunis,En ligne,Espèces,2,47.09,42,3.6,94.18
3824,2024-10-09,Vêtements,Tunis,En ligne,Carte bancaire,3,55.94,36,3.5,167.82
316,2024-10-09,Vêtements,Nabeul,Magasin,Espèces,2,89.95,32,4.8,179.9
1120,2024-10-09,Jouets,Kairouan,En ligne,Virement,4,55.23,44,2.9,220.92
4389,2024-10-09,Meubles,Tunis,Magasin,Carte bancaire,5,478.11,29,5.0,2390.55
5411,2024-10-09,Vêtements,Tunis,En ligne,Carte bancaire,4,75.36,58,5.0,301.44
3225,2024-10-09,Jouets,Tunis,En ligne,Virement,6,53.84,23,4.0,323.04
2648,2024-10-09,Vêtements,Tunis,Magasin,Carte bancaire,5,36.01,30,4.0,180.05
4510,2024-10-09,Électronique,Sousse,En ligne,Carte bancaire,2,558.39,50,4.8,1116.78
4099,2024-10-09,Alimentation,Sfax,En ligne,Paiement mobile,3,18.02,69,3.2,54.06
7604,2024-10-09,Électronique,Kairouan,Magasin,Paiement mobile,3,626.11,61,4.9,1878.33
611,2024-10-09,Électronique,Tunis,En ligne,Carte bancaire,6,344.82,61,3.2,2068.92
5843,2024-10-09,Électronique,Nabeul,En ligne,Carte bancaire,6,339.7,27,3.7,2038.2
176,2024-10-09,Électronique,Tunis,En ligne,Carte bancaire,7,637.57,41,3.1,4462.99
6042,2024-10-09,Électronique,Kairouan,En ligne,Paiement mobile,5,286.13,41,4.5,1430.65
736,2024-10-09,Meubles,Tunis,En ligne,Paiement mobile,6,422.65,30,4.8,2535.9
133,2024-10-09,Électronique,Tunis,Magasin,Paiement mobile,1,688.27,41,2.4,688.27
6552,2024-10-09,Beauté,Nabeul,Magasin,Espèces,4,33.4,59,4.0,133.6
5758,2024-10-09,Sport,Kairouan,En ligne,Carte bancaire,3,55.51,32,5.0,166.53
6673,2024-10-09,Jouets,Sousse,Magasin,Carte bancaire,7,31.18,45,2.4,218.26
3016,2024-10-09,Vêtements,Tunis,En ligne,Paiement mobile,3,73.29,18,4.3,219.87
5731,2024-10-09,Vêtements,Tunis,En ligne,Virement,2,93.01,44,3.9,186.02
4346,2024-10-09,Jouets,Gabès,En ligne,Carte bancaire,2,38.85,41,4.3,77.7
5288,2024-10-09,Beauté,Nabeul,En ligne,Virement,4,24.01,57,3.3,96.04
7560,2024-10-09,Alimentation,Tunis,Magasin,Carte bancaire,4,19.04,24,3.6,76.16
4237,2024-10-09,Beauté,Bizerte,En ligne,Virement,6,34.27,43,4.6,205.62
4268,2024-10-09,Alimentation,Gabès,En ligne,Paiement mobile,6,27.5,22,4.9,165.0
7998,2024-10-09,Vêtements,Tunis,En ligne,Paiement mobile,1,71.01,53,4.5,71.01
2984,2024-10-09,Sport,Tunis,Magasin,Espèces,5,116.81,29,5.0,584.05
5593,2024-10-09,Vêtements,Nabeul,En ligne,Carte bancaire,6,79.54,69,2.8,477.24
7189,2024-10-09,Jouets,Kairouan,En ligne,Virement,3,42.88,55,4.8,128.64
3477,2024-10-10,Meubles,Bizerte,En ligne,Virement,7,198.35,40,3.3,1388.45
158,2024-10-10,Électronique,Tunis,En ligne,Espèces,2,460.87,53,4.4,921.74
6520,2024-10-10,Vêtements,Bizerte,En ligne,Espèces,6,71.35,18,3.2,428.1
6882,2024-10-10,Alimentation,Kairouan,Magasin,Espèces,7,21.17,56,5.0,148.19
5612,2024-10-10,Vêtements,Sfax,Magasin,Espèces,2,48.65,32,5.0,97.3
573,2024-10-10,Électronique,Tunis,En ligne,Carte bancaire,4,579.68,60,4.2,2318.72
5740,2024-10-10,Meubles,Sousse,En ligne,Carte bancaire,6,351.83,48,4.3,2110.98
5464,2024-10-10,Beauté,Sfax,Magasin,Espèces,6,25.81,52,3.3,154.86
2948,2024-10-10,Sport,Tunis,En ligne,Espèces,3,66.63,69,3.5,199.89
1991,2024-10-10,Meubles,Nabeul,En ligne,Paiement mobile,1,353.19,35,4.3,353.19
7333,2024-10-10,Électronique,Bizerte,En ligne,Carte bancaire,2,550.82,63,4.8,1101.64
1612,2024-10-10,Électronique,Tunis,Magasin,Carte bancaire,3,303.22,30,4.5,909.66
164,2024-10-10,Vêtements,Gabès,En ligne,Paiement mobile,6,93.05,29,5.0,558.3
4448,2024-10-10,Alimentation,Tunis,En ligne,Carte bancaire,3,22.73,41,4.4,68.19
3124,2024-10-10,Jouets,Sousse,Magasin,Espèces,2,54.73,31,4.7,109.46
5262,2024-10-10,Électronique,Gabès,En ligne,Carte bancaire,6,317.6,34,4.2,1905.6
2530,2024-10-10,Beauté,Tunis,En ligne,Paiement mobile,3,51.44,51,4.7,154.32
6678,2024-10-10,Électronique,Kairouan,En ligne,Paiement mobile,2,570.55,35,4.0,1141.1
3351,2024-10-10,Alimentation,Kairouan,En ligne,Carte bancaire,3,25.28,30,3.3,75.84
322,2024-10-10,Alimentation,Sousse,En ligne,Carte bancaire,4,24.17,49,3.7,96.68
4370,2024-10-10,Électronique,Sousse,En ligne,Paiement mobile,3,573.43,54,3.9,1720.29
6204,2024-10-10,Vêtements,Sfax,Magasin,Carte bancaire,2,71.27,55,3.4,142.54
1287,2024-10-11,Alimentation,Tunis,En ligne,Virement,7,31.04,46,3.9,217.28
7966,2024-10-11,Électronique,Sfax,En ligne,Carte bancaire,7,338.66,68,2.9,2370.62
3315,2024-10-11,Alimentation,Tunis,Magasin,Carte bancaire,4,31.41,42,2.6,125.64
4549,2024-10-11,Alimentation,Tunis,Magasin,Paiement mobile,6,19.1,24,2.5,114.6
2031,2024-10-11,Vêtements,Nabeul,Magasin,Carte bancaire,3,71.84,58,3.6,215.52
468,2024-10-11,Alimentation,Tunis,Magasin,Espèces,5,22.31,18,3.7,111.55
3968,2024-10-11,Sport,Tunis,Magasin,Espèces,1,122.19,64,4.5,122.19
3431,2024-10-11,Meubles,Sfax,Magasin,Carte bancaire,7,380.32,41,3.6,2662.24
5624,2024-10-11,Jouets,Bizerte,Magasin,Paiement mobile,4,32.43,48,3.7,129.72
7578,2024-10-11,Jouets,Sfax,Magasin,Paiement mobile,5,47.83,52,2.5,239.15
808,2024-10-11,Beauté,Kairouan,En ligne,Paiement mobile,5,58.09,69,4.5,290.45
2010,2024-10-11,Meubles,Sfax,En ligne,Virement,6,442.08,42,4.1,2652.48
2643,2024-10-11,Meubles,Nabeul,En ligne,Virement,5,378.91,68,4.5,1894.55
1728,2024-10-11,Sport,Sousse,En ligne,Carte bancaire,2,105.05,66,4.1,210.1
1710,2024-10-11,Jouets,Bizerte,En ligne,Paiement mobile,7,49.91,50,4.1,349.37
7257,2024-10-11,Vêtements,Nabeul,Magasin,Carte bancaire,7,66.45,26,4.6,465.15
6512,2024-10-11,Électronique,Tunis,En ligne,Espèces,7,448.35,27,3.0,3138.45
5864,2024-10-11,Beauté,Bizerte,En ligne,Espèces,5,61.75,61,4.5,308.75
5634,2024-10-11,Meubles,Tunis,En ligne,Carte bancaire,6,417.17,36,4.9,2503.02
518,2024-10-11,Vêtements,Tunis,En ligne,Carte bancaire,2,82.67,55,4.6,165.34
1197,2024-10-11,Alimentation,Kairouan,Magasin,Espèces,3,26.06,66,5.0,78.18
6719,2024-10-11,Électronique,Sousse,En ligne,Virement,4,422.35,46,3.5,1689.4
5785,2024-10-11,Électronique,Gabès,Magasin,Carte bancaire,7,427.22,37,4.5,2990.54
1223,2024-10-11,Alimentation,Tunis,En ligne,Espèces,6,12.29,27,4.1,73.74
1723,2024-10-11,Vêtements,Nabeul,Magasin,Espèces,4,91.56,50,5.0,366.24
169,2024-10-12,Beauté,Sfax,Magasin,Carte bancaire,6,32.47,34,3.6,194.82
5484,2024-10-12,Vêtements,Sfax,En ligne,Espèces,6,59.0,30,1.7,354.0
2304,2024-10-12,Vêtements,Tunis,En ligne,Carte bancaire,4,94.82,39,3.9,379.28
7016,2024-10-12,Meubles,Gabès,En ligne,Carte bancaire,7,424.61,24,3.1,2972.27
6701,2024-10-12,Alimentation,Bizerte,En ligne,Carte bancaire,3,29.48,39,3.5,88.44
717,2024-10-12,Vêtements,Sfax,En ligne,Paiement mobile,5,36.74,22,5.0,183.7
7590,2024-10-12,Vêtements,Sousse,Magasin,Carte bancaire,3,91.57,57,3.5,274.71
3038,2024-10-12,Électronique,Sfax,En ligne,Paiement mobile,2,375.69,65,4.0,751.38
2337,2024-10-12,Sport,Sousse,Magasin,Carte bancaire,5,88.98,22,3.4,444.9
560,2024-10-12,Électronique,Tunis,Magasin,Virement,5,506.02,63,3.4,2530.1
3564,2024-10-12,Jouets,Gabès,Magasin,Espèces,3,29.36,26,3.0,88.08
795,2024-10-12,Meubles,Sfax,Magasin,Carte bancaire,6,223.15,52,3.8,1338.9
5158,2024-10-12,Vêtements,Gabès,Magasin,Virement,7,89.82,52,4.3,628.74
320,2024-10-12,Beauté,Kairouan,En ligne,Paiement mobile,7,50.02,34,5.0,350.14
3137,2024-10-12,Alimentation,Sfax,En ligne,Virement,2,13.5,29,3.8,27.0
5993,2024-10-12,Meubles,Tunis,Magasin,Carte bancaire,7,422.06,54,4.5,2954.42
6741,2024-10-12,Alimentation,Kairouan,En ligne,Espèces,4,28.49,36,3.8,113.96
1041,2024-10-12,Jouets,Tunis,Magasin,Carte bancaire,6,30.43,45,4.4,182.58
1225,2024-10-12,Électronique,Nabeul,En ligne,Carte bancaire,1,538.36,51,4.7,538.36
5118,2024-10-13,Électronique,Sfax,En ligne,Carte bancaire,2,698.67,30,3.9,1397.34
1151,2024-10-13,Jouets,Tunis,Magasin,Paiement mobile,7,22.33,51,4.5,156.31
4823,2024-10-13,Alimentation,Bizerte,En ligne,Paiement mobile,7,24.56,54,4.2,171.92
1355,2024-10-13,Vêtements,Sfax,En ligne,Virement,7,82.18,64,4.5,575.26
2311,2024-10-13,Électronique,Nabeul,En ligne,Espèces,5,615.7,21,3.5,3078.5
6849,2024-10-13,Jouets,Sousse,Magasin,Paiement mobile,4,55.08,49,4.4,220.32
6453,2024-10-13,Alimentation,Tunis,En ligne,Carte bancaire,3,23.51,57,3.6,70.53
6383,2024-10-13,Jouets,Sousse,En ligne,Espèces,1,42.22,65,4.0,42.22
3545,2024-10-13,Alimentation,Gabès,En ligne,Carte bancaire,4,29.72,34,5.0,118.88
6319,2024-10-13,Sport,Nabeul,Magasin,Carte bancaire,1,61.49,45,5.0,61.49
5852,2024-10-13,Beauté,Tunis,En ligne,Carte bancaire,3,38.14,22,4.4,114.42
2431,2024-10-13,Alimentation,Tunis,En ligne,Carte bancaire,7,14.87,65,5.0,104.09
7204,2024-10-13,Meubles,Nabeul,En ligne,Virement,2,458.44,56,3.0,916.88
5271,2024-10-13,Électronique,Sfax,En ligne,Virement,3,537.66,67,4.3,1612.98
2073,2024-10-13,Jouets,Tunis,En ligne,Espèces,1,41.11,32,2.6,41.11
4161,2024-10-13,Jouets,Sousse,En ligne,Carte bancaire,1,21.99,64,2.2,21.99
1972,2024-10-13,Électronique,Gabès,Magasin,Virement,5,421.6,66,4.6,2108.0
5126,2024-10-13,Vêtements,Sfax,En ligne,Espèces,4,45.58,38,4.3,182.32
5468,2024-10-13,Meubles,Sousse,En ligne,Espèces,2,383.49,59,5.0,766.98
5663,2024-10-14,Électronique,Sousse,Magasin,Virement,4,349.72,68,4.6,1398.88
1243,2024-10-14,Jouets,Tunis,En ligne,Carte bancaire,6,41.52,69,4.9,249.12
5690,2024-10-14,Alimentation,Bizerte,En ligne,Paiement mobile,1,20.17,18,4.2,20.17
2599,2024-10-14,Vêtements,Sfax,Magasin,Carte bancaire,7,57.69,61,3.0,403.83
363,2024-10-14,Meubles,Sousse,En ligne,Paiement mobile,4,465.67,34,3.9,1862.68
4383,2024-10-14,Jouets,Nabeul,Magasin,Espèces,3,38.23,20,4.8,114.69
5192,2024-10-14,Meubles,Sfax,Magasin,Espèces,1,348.03,68,2.8,348.03
1059,2024-10-14,Électronique,Nabeul,En ligne,Carte bancaire,1,551.17,68,4.2,551.17
1731,2024-10-14,Vêtements,Gabès,En ligne,Virement,7,85.75,48,4.2,600.25
2414,2024-10-14,Vêtements,Kairouan,Magasin,Carte bancaire,5,72.67,50,3.3,363.35
5858,2024-10-14,Vêtements,Tunis,Magasin,Virement,4,51.32,29,3.5,205.28
3362,2024-10-14,Meubles,Kairouan,En ligne,Virement,4,288.72,41,4.6,1154.88
3876,2024-10-14,Beauté,Kairouan,Magasin,Espèces,7,52.49,48,3.3,367.43
2265,2024-10-14,Électronique,Gabès,Magasin,Carte bancaire,5,548.81,26,4.4,2744.05
5250,2024-10-14,Vêtements,Sfax,En ligne,Carte bancaire,1,42.98,53,4.9,42.98
1887,2024-10-14,Jouets,Tunis,En ligne,Espèces,6,41.9,38,3.6,251.4
2614,2024-10-14,Jouets,Tunis,En ligne,Carte bancaire,7,51.65,68,3.7,361.55
2341,2024-10-14,Meubles,Tunis,Magasin,Espèces,5,369.35,65,3.9,1846.75
4883,2024-10-14,Beauté,Sfax,Magasin,Carte bancaire,6,63.45,67,3.7,380.7
6801,2024-10-14,Vêtements,Nabeul,Magasin,Carte bancaire,3,82.89,69,5.0,248.67
5834,2024-10-14,Beauté,Sfax,En ligne,Carte bancaire,5,50.24,61,3.1,251.2
2598,2024-10-14,Vêtements,Sousse,En ligne,Paiement mobile,2,79.95,52,3.7,159.9
392,2024-10-14,Alimentation,Gabès,Magasin,Paiement mobile,1,14.21,19,4.7,14.21
7598,2024-10-14,Alimentation,Tunis,En ligne,Carte bancaire,5,23.89,24,4.1,119.45
1248,2024-10-14,Meubles,Sousse,Magasin,Paiement mobile,6,237.03,19,4.6,1422.18
1453,2024-10-14,Alimentation,Tunis,Magasin,Virement,7,21.49,50,3.8,150.43
761,2024-10-14,Sport,Kairouan,Magasin,Paiement mobile,2,91.58,20,4.4,183.16
5500,2024-10-14,Meubles,Bizerte,En ligne,Paiement mobile,3,430.75,64,5.0,1292.25
1271,2024-10-14,Meubles,Tunis,En ligne,Espèces,5,185.5,28,4.0,927.5
5451,2024-10-14,Alimentation,Bizerte,En ligne,Carte bancaire,5,31.43,32,3.6,157.15
4226,2024-10-15,Sport,Tunis,Magasin,Virement,3,108.97,20,4.7,326.91
1805,2024-10-15,Beauté,Bizerte,Magasin,Carte bancaire,4,52.11,48,3.0,208.44
300,2024-10-15,Électronique,Sfax,Magasin,Carte bancaire,7,303.65,28,4.5,2125.55
7207,2024-10-15,Beauté,Sfax,En ligne,Paiement mobile,2,62.04,45,3.8,124.08
479,2024-10-15,Vêtements,Tunis,Magasin,Carte bancaire,2,81.54,49,3.4,163.08
1826,2024-10-15,Électronique,Tunis,Magasin,Espèces,6,310.18,43,4.0,1861.08
4285,2024-10-15,Meubles,Bizerte,Magasin,Virement,7,211.39,55,4.0,1479.73
1086,2024-10-15,Jouets,Kairouan,En ligne,Carte bancaire,7,32.81,54,2.7,229.67
7181,2024-10-15,Vêtements,Kairouan,Magasin,Espèces,3,87.01,48,2.8,261.03
943,2024-10-15,Jouets,Tunis,En ligne,Carte bancaire,7,35.54,60,5.0,248.78
2070,2024-10-15,Beauté,Sousse,Magasin,Carte bancaire,1,58.28,38,3.1,58.28
1081,2024-10-15,Jouets,Tunis,En ligne,Paiement mobile,7,49.01,39,4.4,343.07
7810,2024-10-15,Vêtements,Sfax,Magasin,Espèces,7,50.82,52,2.6,355.74
723,2024-10-15,Beauté,Tunis,En ligne,Virement,7,42.18,36,4.4,295.26
2397,2024-10-15,Jouets,Sousse,Magasin,Espèces,7,32.96,48,5.0,230.72
1395,2024-10-15,Alimentation,Kairouan,Magasin,Carte bancaire,5,21.08,18,4.1,105.4
2892,2024-10-15,Jouets,Sfax,En ligne,Virement,3,50.69,42,5.0,152.07
4592,2024-10-15,Jouets,Gabès,En ligne,Carte bancaire,2,32.71,23,3.7,65.42
3062,2024-10-15,Électronique,Sousse,Magasin,Virement,2,389.65,68,4.4,779.3
106,2024-10-15,Électronique,Sousse,En ligne,Espèces,5,618.53,50,3.6,3092.65
6259,2024-10-15,Meubles,Tunis,Magasin,Carte bancaire,1,205.79,34,5.0,205.79
1629,2024-10-15,Alimentation,Sfax,Magasin,Carte bancaire,7,22.79,69,3.7,159.53
4567,2024-10-15,Vêtements,Sfax,En ligne,Carte bancaire,2,59.02,35,4.0,118.04
3670,2024-10-16,Électronique,Bizerte,En ligne,Virement,2,659.68,65,3.0,1319.36
489,2024-10-16,Électronique,Tunis,En ligne,Virement,7,499.6,46,4.1,3497.2
2161,2024-10-16,Alimentation,Kairouan,En ligne,Paiement mobile,3,26.22,27,2.9,78.66
2533,2024-10-16,Vêtements,Sousse,Magasin,Paiement mobile,7,58.93,29,4.1,412.51
4342,2024-10-16,Jouets,Bizerte,En ligne,Paiement mobile,5,29.31,28,3.7,146.55
3625,2024-10-16,Sport,Tunis,En ligne,Carte bancaire,2,107.95,40,2.5,215.9
5674,2024-10-16,Électronique,Sfax,En ligne,Espèces,3,492.59,21,5.0,1477.77
5275,2024-10-16,Vêtements,Sfax,En ligne,Paiement mobile,2,69.32,48,4.0,138.64
4107,2024-10-16,Jouets,Kairouan,Magasin,Carte bancaire,4,50.06,23,3.6,200.24
4981,2024-10-16,Meubles,Gabès,En ligne,Carte bancaire,2,404.19,62,2.7,808.38
3607,2024-10-16,Alimentation,Nabeul,Magasin,Carte bancaire,5,21.98,59,3.9,109.9
3598,2024-10-16,Sport,Tunis,En ligne,Virement,5,74.81,64,4.3,374.05
449,2024-10-16,Vêtements,Gabès,En ligne,Espèces,1,56.63,49,3.2,56.63
4416,2024-10-16,Beauté,Bizerte,Magasin,Carte bancaire,5,51.94,32,3.6,259.7
2055,2024-10-16,Électronique,Kairouan,Magasin,Paiement mobile,1,692.1,29,4.4,692.1
3378,2024-10-16,Alimentation,Gabès,Magasin,Paiement mobile,1,28.65,31,2.6,28.65
6685,2024-10-16,Beauté,Sousse,En ligne,Carte bancaire,4,32.19,69,4.3,128.76
2248,2024-10-17,Jouets,Sousse,Magasin,Espèces,3,42.9,56,4.7,128.7
6629,2024-10-17,Beauté,Gabès,En ligne,Carte bancaire,5,54.46,26,3.8,272.3
5861,2024-10-17,Vêtements,Sousse,Magasin,Carte bancaire,7,73.85,68,3.4,516.95
6035,2024-10-17,Jouets,Sousse,En ligne,Virement,3,55.36,39,3.7,166.08
2302,2024-10-17,Sport,Kairouan,En ligne,Paiement mobile,4,64.93,30,4.4,259.72
7215,2024-10-17,Alimentation,Bizerte,Magasin,Carte bancaire,7,25.51,18,4.8,178.57
4322,2024-10-17,Alimentation,Tunis,Magasin,Carte bancaire,6,25.64,48,4.3,153.84
3233,2024-10-17,Alimentation,Sousse,En ligne,Carte bancaire,2,29.44,25,4.0,58.88
2375,2024-10-17,Électronique,Sfax,En ligne,Carte bancaire,2,381.32,38,3.6,762.64
1175,2024-10-17,Vêtements,Kairouan,Magasin,Paiement mobile,3,91.89,18,3.8,275.67
1417,2024-10-17,Électronique,Sousse,En ligne,Carte bancaire,7,304.79,61,3.8,2133.53
4836,2024-10-17,Électronique,Tunis,En ligne,Carte bancaire,7,718.93,53,3.5,5032.51
1042,2024-10-17,Vêtements,Nabeul,En ligne,Paiement mobile,1,53.04,48,4.4,53.04
1267,2024-10-17,Électronique,Nabeul,En ligne,Espèces,1,529.33,69,3.0,529.33
2168,2024-10-17,Jouets,Kairouan,Magasin,Paiement mobile,2,51.16,54,4.3,102.32
7723,2024-10-17,Jouets,Tunis,Magasin,Carte bancaire,7,30.25,40,3.8,211.75
4505,2024-10-17,Alimentation,Gabès,Magasin,Espèces,7,20.44,27,3.4,143.08
4833,2024-10-17,Jouets,Sfax,En ligne,Virement,2,25.43,47,4.9,50.86
6759,2024-10-17,Alimentation,Tunis,Magasin,Carte bancaire,6,19.19,63,2.5,115.14
5518,2024-10-17,Vêtements,Bizerte,Magasin,Espèces,2,51.65,31,5.0,103.3
7890,2024-10-17,Sport,Kairouan,Magasin,Espèces,3,112.02,34,3.8,336.06
2118,2024-10-17,Vêtements,Gabès,En ligne,Carte bancaire,1,79.07,60,2.3,79.07
3578,2024-10-18,Vêtements,Bizerte,Magasin,Carte bancaire,5,78.18,57,4.4,390.9
5606,2024-10-18,Sport,Tunis,Magasin,Carte bancaire,1,92.29,20,3.3,92.29
6888,2024-10-18,Meubles,Tunis,En ligne,Espèces,5,289.81,65,1.5,1449.05
1374,2024-10-18,Électronique,Bizerte,En ligne,Paiement mobile,7,374.06,32,4.4,2618.42
6067,2024-10-18,Jouets,Gabès,En ligne,Virement,1,32.52,47,4.4,32.52
7369,2024-10-18,Meubles,Bizerte,Magasin,Paiement mobile,4,448.16,50,4.2,1792.64
2579,2024-10-18,Électronique,Sfax,Magasin,Carte bancaire,3,641.99,47,4.2,1925.97
4735,2024-10-18,Vêtements,Sousse,Magasin,Paiement mobile,3,54.72,38,3.5,164.16
7504,2024-10-18,Meubles,Tunis,Magasin,Virement,5,248.02,25,3.1,1240.1
1117,2024-10-18,Jouets,Kairouan,En ligne,Paiement mobile,6,54.05,48,4.2,324.3
4929,2024-10-18,Meubles,Sousse,En ligne,Espèces,2,195.35,39,3.9,390.7
7145,2024-10-18,Vêtements,Tunis,Magasin,Paiement mobile,3,68.76,19,4.4,206.28
6038,2024-10-18,Sport,Nabeul,Magasin,Paiement mobile,7,125.76,37,4.8,880.32
874,2024-10-18,Vêtements,Tunis,En ligne,Carte bancaire,5,78.09,21,4.1,390.45
4184,2024-10-18,Électronique,Tunis,Magasin,Carte bancaire,5,362.71,23,3.8,1813.55
4669,2024-10-18,Jouets,Tunis,En ligne,Espèces,6,28.0,20,4.3,168.0
5611,2024-10-18,Vêtements,Bizerte,Magasin,Carte bancaire,3,58.1,42,3.5,174.3
3768,2024-10-18,Vêtements,Sfax,Magasin,Carte bancaire,5,88.29,47,4.4,441.45
2153,2024-10-18,Alimentation,Bizerte,Magasin,Carte bancaire,4,15.49,18,4.7,61.96
2347,2024-10-18,Vêtements,Gabès,En ligne,Carte bancaire,5,49.54,26,3.2,247.7
6591,2024-10-18,Alimentation,Sfax,Magasin,Carte bancaire,5,17.84,42,5.0,89.2
7968,2024-10-18,Alimentation,Sfax,Magasin,Espèces,4,25.31,25,3.8,101.24
627,2024-10-18,Alimentation,Tunis,Magasin,Virement,4,12.55,29,4.3,50.2
5623,2024-10-19,Vêtements,Tunis,Magasin,Carte bancaire,6,60.99,44,4.5,365.94
1335,2024-10-19,Sport,Gabès,Magasin,Espèces,4,94.67,53,5.0,378.68
4990,2024-10-19,Vêtements,Sousse,Magasin,Espèces,1,90.79,51,4.4,90.79
1146,2024-10-19,Alimentation,Gabès,Magasin,Carte bancaire,6,15.78,58,4.1,94.68
4926,2024-10-19,Vêtements,Sfax,En ligne,Carte bancaire,6,86.91,20,2.8,521.46
7817,2024-10-19,Beauté,Bizerte,Magasin,Espèces,4,60.31,22,3.5,241.24
4957,2024-10-19,Vêtements,Nabeul,Magasin,Carte bancaire,5,76.22,48,3.4,381.1
5238,2024-10-19,Sport,Kairouan,En ligne,Virement,5,89.09,63,2.8,445.45
997,2024-10-19,Alimentation,Bizerte,En ligne,Carte bancaire,2,14.31,39,4.5,28.62
2716,2024-10-19,Alimentation,Sfax,En ligne,Paiement mobile,3,18.6,37,3.4,55.8
119,2024-10-19,Jouets,Bizerte,En ligne,Espèces,5,29.41,51,4.8,147.05
1299,2024-10-19,Alimentation,Bizerte,En ligne,Carte bancaire,3,20.44,21,4.2,61.32
1481,2024-10-19,Sport,Gabès,En ligne,Carte bancaire,7,100.98,40,4.9,706.86
3735,2024-10-19,Électronique,Bizerte,En ligne,Virement,3,419.88,60,3.6,1259.64
2238,2024-10-19,Électronique,Sousse,En ligne,Carte bancaire,2,488.79,44,3.9,977.58
2216,2024-10-19,Jouets,Sousse,Magasin,Espèces,5,51.57,56,4.6,257.85
2137,2024-10-19,Beauté,Gabès,En ligne,Paiement mobile,3,35.41,55,4.4,106.23
7083,2024-10-19,Beauté,Gabès,Magasin,Espèces,3,35.66,64,3.0,106.98
1950,2024-10-19,Sport,Bizerte,En ligne,Espèces,2,90.87,69,4.1,181.74
1911,2024-10-19,Vêtements,Sfax,En ligne,Espèces,5,43.27,29,2.4,216.35
2007,2024-10-19,Sport,Gabès,En ligne,Carte bancaire,5,95.78,41,4.9,478.9
1524,2024-10-19,Alimentation,Bizerte,Magasin,Espèces,2,23.25,47,4.3,46.5
1532,2024-10-19,Électronique,Sousse,Magasin,Virement,7,340.08,26,4.8,2380.56
6156,2024-10-20,Vêtements,Gabès,En ligne,Virement,4,40.46,26,5.0,161.84
21,2024-10-20,Beauté,Nabeul,Magasin,Carte bancaire,6,29.14,66,3.7,174.84
3922,2024-10-20,Électronique,Tunis,En ligne,Virement,3,313.92,37,3.0,941.76
6753,2024-10-20,Meubles,Gabès,En ligne,Carte bancaire,1,288.43,26,4.0,288.43
227,2024-10-20,Sport,Gabès,Magasin,Carte bancaire,3,88.58,53,4.6,265.74
5314,2024-10-20,Jouets,Tunis,Magasin,Carte bancaire,1,34.55,34,3.5,34.55
6271,2024-10-20,Alimentation,Nabeul,Magasin,Paiement mobile,2,23.82,56,4.2,47.64
3392,2024-10-20,Alimentation,Sousse,Magasin,Carte bancaire,7,13.82,42,5.0,96.74
2924,2024-10-20,Vêtements,Sfax,Magasin,Carte bancaire,2,67.45,46,4.0,134.9
5816,2024-10-20,Sport,Nabeul,En ligne,Carte bancaire,7,125.32,69,3.9,877.24
1181,2024-10-20,Alimentation,Sousse,En ligne,Carte bancaire,4,22.25,46,4.6,89.0
791,2024-10-20,Beauté,Sfax,Magasin,Paiement mobile,2,63.42,20,4.2,126.84
902,2024-10-20,Alimentation,Tunis,En ligne,Paiement mobile,5,23.03,42,3.7,115.15
2037,2024-10-20,Électronique,Sfax,Magasin,Carte bancaire,5,391.15,34,4.2,1955.75
3540,2024-10-20,Vêtements,Tunis,En ligne,Paiement mobile,2,43.06,67,3.9,86.12
3080,2024-10-20,Vêtements,Nabeul,Magasin,Espèces,5,49.76,52,3.5,248.8
7161,2024-10-20,Électronique,Tunis,En ligne,Espèces,4,605.61,43,3.5,2422.44
7171,2024-10-20,Vêtements,Kairouan,En ligne,Carte bancaire,4,91.1,34,2.9,364.4
6831,2024-10-20,Alimentation,Tunis,En ligne,Carte bancaire,3,14.01,34,3.3,42.03
3350,2024-10-20,Alimentation,Sfax,En ligne,Paiement mobile,6,12.7,42,3.5,76.2
1097,2024-10-20,Alimentation,Sfax,En ligne,Carte bancaire,1,21.83,25,3.9,21.83
5943,2024-10-20,Jouets,Tunis,En ligne,Espèces,2,26.44,23,4.6,52.88
3686,2024-10-20,Meubles,Sousse,Magasin,Paiement mobile,4,365.37,25,4.8,1461.48
4767,2024-10-20,Alimentation,Sfax,Magasin,Virement,5,24.32,69,3.6,121.6
7100,2024-10-20,Jouets,Tunis,Magasin,Carte bancaire,1,33.34,36,3.7,33.34
7407,2024-10-20,Électronique,Gabès,Magasin,Virement,4,708.89,33,4.6,2835.56
6696,2024-10-21,Sport,Tunis,Magasin,Paiement mobile,2,114.34,47,3.2,228.68
1669,2024-10-21,Vêtements,Bizerte,En ligne,Virement,7,89.09,45,5.0,623.63
3247,2024-10-21,Vêtements,Sfax,En ligne,Espèces,6,71.16,46,4.3,426.96
6146,2024-10-21,Vêtements,Gabès,Magasin,Carte bancaire,4,40.04,54,4.3,160.16
4447,2024-10-21,Alimentation,Sfax,Magasin,Carte bancaire,3,26.22,43,3.5,78.66
1535,2024-10-21,Sport,Sfax,En ligne,Carte bancaire,7,51.67,21,3.7,361.69
4532,2024-10-21,Électronique,Bizerte,Magasin,Espèces,2,349.85,26,2.6,699.7
4607,2024-10-21,Alimentation,Tunis,En ligne,Paiement mobile,5,20.5,51,3.3,102.5
1384,2024-10-21,Sport,Tunis,En ligne,Carte bancaire,7,118.23,69,3.5,827.61
2818,2024-10-21,Électronique,Kairouan,En ligne,Paiement mobile,4,615.83,21,3.7,2463.32
4718,2024-10-21,Vêtements,Sfax,En ligne,Carte bancaire,3,44.12,54,4.1,132.36
1056,2024-10-21,Alimentation,Gabès,Magasin,Paiement mobile,1,24.72,30,4.1,24.72
4331,2024-10-21,Vêtements,Sfax,En ligne,Espèces,6,46.21,51,2.8,277.26
1928,2024-10-21,Meubles,Gabès,En ligne,Carte bancaire,5,370.16,35,5.0,1850.8
3635,2024-10-21,Jouets,Nabeul,Magasin,Paiement mobile,3,31.44,52,3.6,94.32
2664,2024-10-21,Électronique,Tunis,Magasin,Espèces,7,275.77,34,5.0,1930.39
200,2024-10-21,Vêtements,Bizerte,Magasin,Virement,6,45.62,48,5.0,273.72
3626,2024-10-21,Alimentation,Tunis,En ligne,Virement,3,20.72,35,2.6,62.16
5071,2024-10-21,Électronique,Bizerte,Magasin,Carte bancaire,6,358.04,60,4.7,2148.24
7233,2024-10-22,Jouets,Gabès,En ligne,Espèces,5,52.17,32,4.9,260.85
81,2024-10-22,Électronique,Sfax,En ligne,Carte bancaire,4,461.09,38,2.4,1844.36
4417,2024-10-22,Vêtements,Bizerte,En ligne,Espèces,5,61.01,33,4.4,305.05
5458,2024-10-22,Beauté,Tunis,En ligne,Carte bancaire,5,57.05,48,3.2,285.25
6712,2024-10-22,Jouets,Tunis,Magasin,Paiement mobile,4,30.69,30,3.9,122.76
5724,2024-10-22,Sport,Kairouan,En ligne,Paiement mobile,3,60.03,45,5.0,180.09
1408,2024-10-22,Alimentation,Gabès,En ligne,Carte bancaire,3,23.6,18,3.3,70.8
3335,2024-10-22,Alimentation,Gabès,Magasin,Carte bancaire,2,16.92,24,4.9,33.84
5265,2024-10-22,Alimentation,Kairouan,En ligne,Carte bancaire,2,18.16,23,3.4,36.32
7492,2024-10-22,Électronique,Tunis,Magasin,Paiement mobile,2,592.14,44,5.0,1184.28
1154,2024-10-22,Alimentation,Gabès,En ligne,Virement,2,18.86,42,2.5,37.72
7726,2024-10-22,Alimentation,Sfax,En ligne,Virement,7,14.19,30,4.4,99.33
1054,2024-10-22,Vêtements,Tunis,Magasin,Paiement mobile,3,84.46,66,3.4,253.38
1030,2024-10-22,Alimentation,Tunis,Magasin,Carte bancaire,1,30.65,68,4.0,30.65
4938,2024-10-22,Meubles,Nabeul,En ligne,Paiement mobile,2,400.84,32,4.3,801.68
4992,2024-10-22,Alimentation,Gabès,En ligne,Carte bancaire,1,19.36,23,3.3,19.36
4994,2024-10-22,Beauté,Tunis,Magasin,Espèces,6,56.61,39,5.0,339.66
5745,2024-10-22,Sport,Gabès,En ligne,Paiement mobile,6,93.38,40,4.7,560.28
4914,2024-10-22,Vêtements,Gabès,Magasin,Paiement mobile,1,89.33,26,2.8,89.33
1379,2024-10-22,Alimentation,Nabeul,Magasin,Virement,2,25.66,39,5.0,51.32
7045,2024-10-22,Jouets,Kairouan,Magasin,Paiement mobile,5,26.42,65,5.0,132.1
6322,2024-10-22,Électronique,Nabeul,Magasin,Espèces,4,675.54,32,3.3,2702.16
6443,2024-10-22,Sport,Nabeul,En ligne,Paiement mobile,3,123.71,53,3.1,371.13
2968,2024-10-23,Beauté,Nabeul,En ligne,Espèces,4,30.01,60,4.3,120.04
7674,2024-10-23,Sport,Tunis,En ligne,Paiement mobile,1,104.7,57,3.7,104.7
2824,2024-10-23,Électronique,Bizerte,En ligne,Paiement mobile,3,488.06,38,4.3,1464.18
7756,2024-10-23,Meubles,Sousse,En ligne,Carte bancaire,3,252.92,55,3.8,758.76
6336,2024-10-23,Meubles,Sfax,En ligne,Paiement mobile,5,422.27,26,4.3,2111.35
1867,2024-10-23,Meubles,Gabès,En ligne,Carte bancaire,1,392.39,18,3.1,392.39
5516,2024-10-23,Meubles,Sfax,Magasin,Carte bancaire,3,417.72,58,5.0,1253.16
7787,2024-10-23,Vêtements,Tunis,En ligne,Paiement mobile,5,70.58,59,3.4,352.9
1155,2024-10-23,Électronique,Bizerte,En ligne,Carte bancaire,1,574.1,29,4.5,574.1
7471,2024-10-23,Électronique,Gabès,En ligne,Paiement mobile,6,394.28,51,5.0,2365.68
2189,2024-10-24,Meubles,Tunis,Magasin,Virement,4,281.75,21,4.7,1127.0
6428,2024-10-24,Vêtements,Sfax,Magasin,Espèces,7,83.59,33,3.9,585.13
5744,2024-10-24,Alimentation,Tunis,En ligne,Carte bancaire,6,20.02,43,4.2,120.12
1946,2024-10-24,Électronique,Sousse,En ligne,Espèces,7,631.78,52,3.7,4422.46
6962,2024-10-24,Sport,Sousse,En ligne,Virement,5,73.72,60,3.5,368.6
4974,2024-10-24,Alimentation,Nabeul,Magasin,Espèces,7,19.28,43,4.5,134.96
3736,2024-10-24,Alimentation,Kairouan,En ligne,Espèces,3,23.66,23,3.4,70.98
5925,2024-10-24,Alimentation,Bizerte,Magasin,Paiement mobile,6,29.17,52,5.0,175.02
6561,2024-10-24,Électronique,Tunis,Magasin,Espèces,2,397.05,28,2.5,794.1
7663,2024-10-24,Alimentation,Nabeul,En ligne,Carte bancaire,5,16.11,39,3.2,80.55
7188,2024-10-24,Beauté,Bizerte,En ligne,Carte bancaire,6,50.18,47,4.7,301.08
5586,2024-10-24,Alimentation,Sfax,En ligne,Carte bancaire,1,16.41,59,3.1,16.41
5572,2024-10-24,Sport,Tunis,En ligne,Paiement mobile,5,63.73,28,4.5,318.65
3554,2024-10-24,Vêtements,Tunis,En ligne,Espèces,7,63.0,58,4.1,441.0
6724,2024-10-24,Meubles,Bizerte,En ligne,Espèces,3,320.93,38,4.0,962.79
5676,2024-10-24,Vêtements,Tunis,En ligne,Carte bancaire,6,52.54,31,4.9,315.24
256,2024-10-24,Sport,Sfax,Magasin,Carte bancaire,3,94.58,66,3.8,283.74
4415,2024-10-25,Jouets,Nabeul,En ligne,Espèces,6,55.24,35,5.0,331.44
2027,2024-10-25,Alimentation,Sfax,Magasin,Carte bancaire,4,23.81,45,5.0,95.24
4933,2024-10-25,Vêtements,Tunis,En ligne,Virement,6,57.28,56,4.5,343.68
5513,2024-10-25,Électronique,Sfax,En ligne,Carte bancaire,5,557.5,41,3.2,2787.5
5244,2024-10-25,Beauté,Tunis,En ligne,Carte bancaire,5,56.86,22,3.8,284.3
5930,2024-10-25,Alimentation,Sousse,Magasin,Virement,6,18.66,27,2.9,111.96
1119,2024-10-25,Meubles,Gabès,Magasin,Virement,2,383.89,48,3.2,767.78
4822,2024-10-25,Vêtements,Sousse,En ligne,Paiement mobile,6,57.86,25,3.3,347.16
7421,2024-10-25,Beauté,Sfax,Magasin,Paiement mobile,6,49.24,61,3.5,295.44
3974,2024-10-25,Beauté,Gabès,Magasin,Carte bancaire,7,41.8,25,3.6,292.6
7001,2024-10-25,Sport,Kairouan,En ligne,Carte bancaire,4,49.56,37,2.9,198.24
370,2024-10-25,Jouets,Sousse,En ligne,Carte bancaire,6,38.29,53,4.2,229.74
6041,2024-10-25,Électronique,Bizerte,En ligne,Carte bancaire,7,712.3,24,3.2,4986.1
2138,2024-10-26,Meubles,Nabeul,En ligne,Carte bancaire,2,460.53,41,4.4,921.06
914,2024-10-26,Vêtements,Bizerte,En ligne,Espèces,5,61.61,68,3.3,308.05
980,2024-10-26,Électronique,Gabès,En ligne,Espèces,6,500.83,37,2.4,3004.98
3454,2024-10-26,Alimentation,Tunis,Magasin,Carte bancaire,6,13.81,39,5.0,82.86
1889,2024-10-26,Jouets,Sousse,En ligne,Virement,2,44.3,19,3.0,88.6
2291,2024-10-26,Beauté,Sfax,En ligne,Carte bancaire,5,29.45,51,3.4,147.25
7460,2024-10-26,Jouets,Sousse,En ligne,Virement,5,41.36,56,4.9,206.8
5673,2024-10-26,Jouets,Sousse,En ligne,Virement,5,33.52,33,4.5,167.6
7825,2024-10-26,Jouets,Kairouan,Magasin,Paiement mobile,7,27.34,55,3.0,191.38
4754,2024-10-26,Électronique,Tunis,En ligne,Paiement mobile,4,307.07,56,3.5,1228.28
2308,2024-10-26,Beauté,Nabeul,Magasin,Espèces,7,31.61,27,3.2,221.27
7322,2024-10-26,Meubles,Sfax,Magasin,Carte bancaire,3,396.97,35,4.7,1190.91
2773,2024-10-27,Électronique,Sfax,Magasin,Espèces,3,511.74,32,2.8,1535.22
3183,2024-10-27,Jouets,Bizerte,En ligne,Virement,2,28.08,26,3.0,56.16
3285,2024-10-27,Jouets,Nabeul,En ligne,Carte bancaire,6,25.87,29,3.1,155.22
94,2024-10-27,Vêtements,Sfax,En ligne,Carte bancaire,1,43.84,21,3.8,43.84
625,2024-10-27,Alimentation,Kairouan,En ligne,Paiement mobile,4,16.63,60,4.8,66.52
2852,2024-10-27,Électronique,Tunis,En ligne,Carte bancaire,1,686.02,43,3.2,686.02
7843,2024-10-27,Jouets,Sfax,En ligne,Paiement mobile,7,21.66,36,5.0,151.62
6324,2024-10-27,Jouets,Bizerte,En ligne,Espèces,3,30.4,36,5.0,91.2
1478,2024-10-27,Alimentation,Tunis,En ligne,Carte bancaire,4,31.33,48,4.0,125.32
858,2024-10-27,Électronique,Tunis,En ligne,Paiement mobile,7,298.3,55,2.7,2088.1
6304,2024-10-27,Vêtements,Tunis,En ligne,Espèces,5,95.13,37,4.2,475.65
7009,2024-10-27,Alimentation,Sfax,En ligne,Paiement mobile,7,15.7,60,3.7,109.9
4371,2024-10-27,Jouets,Gabès,Magasin,Carte bancaire,2,53.61,64,4.9,107.22
1803,2024-10-27,Beauté,Tunis,En ligne,Espèces,3,33.12,44,3.7,99.36
1616,2024-10-27,Électronique,Nabeul,En ligne,Virement,5,448.17,60,3.9,2240.85
2041,2024-10-27,Alimentation,Gabès,En ligne,Espèces,3,24.1,59,4.7,72.3
6232,2024-10-27,Beauté,Nabeul,Magasin,Carte bancaire,7,36.49,24,2.9,255.43
1875,2024-10-27,Vêtements,Nabeul,En ligne,Paiement mobile,6,87.25,65,5.0,523.5
3342,2024-10-27,Jouets,Sfax,Magasin,Carte bancaire,7,54.52,18,4.4,381.64
3887,2024-10-27,Vêtements,Tunis,En ligne,Espèces,1,43.85,30,5.0,43.85
1970,2024-10-27,Meubles,Kairouan,En ligne,Paiement mobile,5,322.59,29,5.0,1612.95
7958,2024-10-28,Beauté,Gabès,Magasin,Carte bancaire,3,52.42,57,3.5,157.26
2069,2024-10-28,Alimentation,Nabeul,En ligne,Carte bancaire,5,22.75,37,4.4,113.75
3001,2024-10-28,Alimentation,Sfax,Magasin,Carte bancaire,7,15.41,34,5.0,107.87
2144,2024-10-28,Vêtements,Kairouan,En ligne,Carte bancaire,5,50.69,64,3.6,253.45
3241,2024-10-28,Alimentation,Sfax,Magasin,Carte bancaire,4,23.69,37,4.4,94.76
1537,2024-10-28,Jouets,Sousse,Magasin,Espèces,3,40.62,68,4.8,121.86
2628,2024-10-28,Jouets,Sfax,En ligne,Virement,3,45.36,53,5.0,136.08
341,2024-10-28,Électronique,Tunis,En ligne,Carte bancaire,5,282.24,53,3.7,1411.2
2259,2024-10-28,Meubles,Tunis,Magasin,Carte bancaire,2,355.35,63,3.4,710.7
3087,2024-10-28,Vêtements,Nabeul,En ligne,Paiement mobile,2,47.84,35,4.4,95.68
1273,2024-10-28,Vêtements,Gabès,En ligne,Paiement mobile,7,49.75,39,4.3,348.25
6787,2024-10-28,Alimentation,Gabès,En ligne,Carte bancaire,2,16.1,39,3.1,32.2
1159,2024-10-28,Jouets,Nabeul,En ligne,Espèces,1,55.86,47,3.8,55.86
1133,2024-10-28,Sport,Nabeul,Magasin,Carte bancaire,3,89.89,56,3.5,269.67
6981,2024-10-28,Électronique,Bizerte,Magasin,Carte bancaire,7,388.88,48,4.4,2722.16
521,2024-10-28,Électronique,Tunis,En ligne,Carte bancaire,1,333.36,41,5.0,333.36
7728,2024-10-28,Électronique,Tunis,En ligne,Espèces,2,531.44,60,2.6,1062.88
2685,2024-10-28,Alimentation,Bizerte,En ligne,Carte bancaire,3,15.34,37,3.5,46.02
1505,2024-10-28,Jouets,Bizerte,Magasin,Virement,7,44.85,56,4.1,313.95
2804,2024-10-28,Vêtements,Tunis,En ligne,Paiement mobile,2,43.4,20,4.6,86.8
8000,2024-10-28,Alimentation,Tunis,En ligne,Carte bancaire,7,29.68,49,5.0,207.76
4523,2024-10-28,Alimentation,Sfax,En ligne,Espèces,6,26.64,29,3.6,159.84
5023,2024-10-28,Alimentation,Nabeul,Magasin,Espèces,6,20.79,67,3.0,124.74
5318,2024-10-28,Électronique,Bizerte,Magasin,Carte bancaire,7,567.08,64,5.0,3969.56
6218,2024-10-28,Alimentation,Tunis,En ligne,Espèces,1,24.43,32,2.7,24.43
4801,2024-10-28,Vêtements,Gabès,Magasin,Carte bancaire,3,93.02,28,3.5,279.06
5701,2024-10-28,Électronique,Nabeul,Magasin,Paiement mobile,2,400.82,57,5.0,801.64
3928,2024-10-28,Électronique,Tunis,Magasin,Carte bancaire,2,653.9,57,5.0,1307.8
3743,2024-10-29,Électronique,Sousse,Magasin,Paiement mobile,7,319.78,53,5.0,2238.46
5326,2024-10-29,Jouets,Sfax,En ligne,Espèces,3,39.3,23,3.1,117.9
5750,2024-10-29,Sport,Tunis,Magasin,Espèces,4,86.3,22,4.1,345.2
714,2024-10-29,Électronique,Sfax,En ligne,Virement,4,452.2,65,4.6,1808.8
5423,2024-10-29,Jouets,Sousse,En ligne,Espèces,5,36.34,30,5.0,181.7
2770,2024-10-29,Jouets,Tunis,Magasin,Carte bancaire,2,52.23,56,4.4,104.46
2312,2024-10-29,Meubles,Kairouan,En ligne,Carte bancaire,4,259.42,69,3.2,1037.68
2064,2024-10-29,Meubles,Gabès,En ligne,Paiement mobile,6,459.36,35,3.9,2756.16
4135,2024-10-29,Électronique,Sousse,En ligne,Carte bancaire,2,489.34,40,5.0,978.68
1971,2024-10-29,Vêtements,Sfax,Magasin,Virement,7,79.1,64,4.6,553.7
4502,2024-10-29,Vêtements,Tunis,Magasin,Carte bancaire,7,39.11,66,3.6,273.77
6306,2024-10-29,Électronique,Sfax,Magasin,Espèces,7,581.11,61,2.7,4067.77
662,2024-10-29,Alimentation,Nabeul,En ligne,Espèces,4,30.69,27,4.0,122.76
3790,2024-10-29,Électronique,Gabès,En ligne,Paiement mobile,6,413.39,30,3.4,2480.34
882,2024-10-29,Alimentation,Kairouan,En ligne,Paiement mobile,5,16.59,32,4.1,82.95
4077,2024-10-29,Sport,Sfax,Magasin,Carte bancaire,4,54.02,61,3.1,216.08
1742,2024-10-29,Électronique,Bizerte,Magasin,Espèces,4,449.53,57,4.5,1798.12
1099,2024-10-29,Électronique,Sfax,En ligne,Espèces,6,405.63,39,3.8,2433.78
1291,2024-10-29,Sport,Gabès,En ligne,Carte bancaire,7,121.52,20,3.5,850.64
781,2024-10-29,Meubles,Tunis,En ligne,Virement,1,231.27,67,3.1,231.27
2149,2024-10-29,Vêtements,Bizerte,En ligne,Carte bancaire,2,77.98,63,4.7,155.96
1131,2024-10-29,Jouets,Sfax,Magasin,Espèces,3,54.0,21,3.8,162.0
1433,2024-10-29,Vêtements,Tunis,En ligne,Carte bancaire,4,62.83,40,4.1,251.32
3079,2024-10-29,Beauté,Nabeul,En ligne,Espèces,3,42.43,41,2.8,127.29
3567,2024-10-29,Alimentation,Gabès,Magasin,Carte bancaire,3,15.89,53,4.5,47.67
274,2024-10-30,Alimentation,Tunis,En ligne,Carte bancaire,7,26.89,60,3.2,188.23
7648,2024-10-30,Sport,Sfax,Magasin,Paiement mobile,6,108.22,62,2.8,649.32
76,2024-10-30,Électronique,Sfax,Magasin,Espèces,2,686.42,23,5.0,1372.84
7187,2024-10-30,Sport,Sfax,Magasin,Espèces,7,121.01,57,2.4,847.07
3173,2024-10-30,Alimentation,Sousse,En ligne,Carte bancaire,7,27.47,28,4.1,192.29
6056,2024-10-30,Électronique,Tunis,En ligne,Paiement mobile,1,500.33,41,3.6,500.33
3738,2024-10-30,Électronique,Sfax,Magasin,Virement,5,492.86,24,4.6,2464.3
2076,2024-10-30,Électronique,Nabeul,En ligne,Carte bancaire,2,352.76,21,3.8,705.52
5264,2024-10-30,Meubles,Tunis,Magasin,Carte bancaire,6,205.97,67,4.2,1235.82
1639,2024-10-30,Meubles,Bizerte,En ligne,Espèces,7,434.03,55,3.8,3038.21
7074,2024-10-30,Vêtements,Tunis,Magasin,Carte bancaire,3,46.62,46,5.0,139.86
4427,2024-10-30,Vêtements,Sfax,Magasin,Virement,1,65.93,29,3.1,65.93
3504,2024-10-30,Vêtements,Bizerte,En ligne,Carte bancaire,5,46.83,18,3.7,234.15
265,2024-10-30,Jouets,Bizerte,Magasin,Espèces,1,28.46,55,4.4,28.46
2129,2024-10-30,Vêtements,Sfax,En ligne,Carte bancaire,3,59.6,54,4.6,178.8
7028,2024-10-30,Sport,Bizerte,En ligne,Virement,2,101.38,63,3.2,202.76
2136,2024-10-30,Vêtements,Sfax,Magasin,Virement,4,68.91,59,5.0,275.64
302,2024-10-30,Sport,Sfax,En ligne,Paiement mobile,3,107.32,36,2.9,321.96
4835,2024-10-30,Électronique,Bizerte,Magasin,Carte bancaire,7,575.94,53,4.5,4031.58
5585,2024-10-30,Électronique,Tunis,Magasin,Carte bancaire,1,626.9,46,3.6,626.9
7037,2024-10-30,Beauté,Tunis,En ligne,Virement,7,53.54,49,4.4,374.78
324,2024-10-30,Beauté,Sfax,Magasin,Paiement mobile,2,54.48,20,4.6,108.96
3391,2024-10-31,Alimentation,Bizerte,Magasin,Carte bancaire,1,15.62,51,3.3,15.62
2883,2024-10-31,Beauté,Tunis,Magasin,Carte bancaire,2,42.89,38,3.5,85.78
4616,2024-10-31,Meubles,Sfax,Magasin,Carte bancaire,1,231.72,22,3.2,231.72
4374,2024-10-31,Vêtements,Sfax,En ligne,Carte bancaire,2,76.52,65,4.1,153.04
5733,2024-10-31,Alimentation,Bizerte,En ligne,Carte bancaire,5,18.4,28,1.9,92.0
405,2024-10-31,Alimentation,Tunis,Magasin,Carte bancaire,3,28.82,43,5.0,86.46
5975,2024-10-31,Alimentation,Sousse,En ligne,Carte bancaire,2,26.58,54,4.4,53.16
6490,2024-10-31,Alimentation,Tunis,Magasin,Espèces,3,13.65,33,5.0,40.95
6716,2024-10-31,Sport,Bizerte,Magasin,Carte bancaire,5,101.85,59,3.8,509.25
1840,2024-10-31,Vêtements,Bizerte,En ligne,Carte bancaire,7,63.59,35,4.2,445.13
2746,2024-10-31,Vêtements,Nabeul,Magasin,Virement,3,78.06,43,3.4,234.18
1021,2024-10-31,Meubles,Kairouan,Magasin,Virement,6,195.45,48,4.7,1172.7
1528,2024-10-31,Vêtements,Bizerte,En ligne,Espèces,3,67.28,54,3.7,201.84
5420,2024-10-31,Jouets,Tunis,En ligne,Carte bancaire,1,38.04,31,4.2,38.04
3441,2024-10-31,Alimentation,Nabeul,Magasin,Carte bancaire,1,21.5,30,5.0,21.5
1906,2024-10-31,Électronique,Nabeul,Magasin,Virement,7,407.33,42,4.5,2851.31
1224,2024-10-31,Jouets,Tunis,Magasin,Carte bancaire,4,46.64,56,3.2,186.56
5223,2024-10-31,Alimentation,Nabeul,Magasin,Paiement mobile,5,25.33,59,4.8,126.65
2116,2024-10-31,Alimentation,Nabeul,En ligne,Carte bancaire,3,27.43,18,3.6,82.29
4619,2024-10-31,Alimentation,Tunis,En ligne,Espèces,3,16.38,44,2.3,49.14
3259,2024-10-31,Électronique,Sfax,En ligne,Paiement mobile,1,501.85,42,3.9,501.85
1428,2024-10-31,Alimentation,Tunis,En ligne,Espèces,4,21.48,33,3.5,85.92
7988,2024-10-31,Alimentation,Tunis,Magasin,Paiement mobile,1,15.18,53,5.0,15.18
1997,2024-10-31,Sport,Bizerte,Magasin,Carte bancaire,1,109.5,59,5.0,109.5
7434,2024-10-31,Alimentation,Sousse,En ligne,Carte bancaire,4,23.51,34,4.6,94.04
675,2024-10-31,Vêtements,Sousse,En ligne,Carte bancaire,6,68.34,55,4.9,410.04
7154,2024-11-01,Alimentation,Nabeul,En ligne,Carte bancaire,5,27.79,32,3.3,138.95
1706,2024-11-01,Vêtements,Tunis,Magasin,Espèces,1,64.69,49,4.4,64.69
378,2024-11-01,Meubles,Sousse,Magasin,Virement,3,237.23,26,2.8,711.69
5709,2024-11-01,Jouets,Sousse,En ligne,Carte bancaire,4,25.16,21,4.1,100.64
3413,2024-11-01,Beauté,Gabès,En ligne,Espèces,1,33.5,22,3.5,33.5
6919,2024-11-01,Alimentation,Nabeul,Magasin,Paiement mobile,1,22.42,48,3.0,22.42
5725,2024-11-01,Alimentation,Kairouan,Magasin,Carte bancaire,5,27.98,49,4.0,139.9
2030,2024-11-01,Alimentation,Sousse,Magasin,Carte bancaire,7,21.28,54,3.2,148.96
7497,2024-11-01,Vêtements,Sousse,En ligne,Carte bancaire,1,38.62,60,4.9,38.62
3690,2024-11-01,Vêtements,Sfax,En ligne,Carte bancaire,7,71.78,46,4.2,502.46
6631,2024-11-01,Alimentation,Nabeul,Magasin,Virement,3,27.0,69,3.6,81.0
4142,2024-11-01,Beauté,Tunis,En ligne,Virement,3,47.44,38,4.6,142.32
792,2024-11-01,Meubles,Sfax,Magasin,Virement,4,427.44,44,4.8,1709.76
6189,2024-11-01,Alimentation,Gabès,En ligne,Paiement mobile,1,16.51,53,3.3,16.51
772,2024-11-01,Alimentation,Sousse,En ligne,Virement,7,18.9,36,3.0,132.3
6020,2024-11-01,Alimentation,Gabès,En ligne,Carte bancaire,5,18.63,21,3.2,93.15
3705,2024-11-02,Vêtements,Bizerte,Magasin,Carte bancaire,7,38.57,19,3.5,269.99
3264,2024-11-02,Jouets,Nabeul,En ligne,Virement,5,27.89,56,5.0,139.45
3048,2024-11-02,Jouets,Tunis,En ligne,Espèces,4,39.0,24,2.0,156.0
6873,2024-11-02,Vêtements,Bizerte,En ligne,Carte bancaire,5,67.92,24,4.5,339.6
187,2024-11-02,Meubles,Kairouan,Magasin,Espèces,1,474.12,59,3.7,474.12
7580,2024-11-02,Alimentation,Tunis,Magasin,Carte bancaire,6,28.4,21,4.8,170.4
43,2024-11-02,Électronique,Sousse,Magasin,Paiement mobile,6,423.3,63,4.2,2539.8
3318,2024-11-02,Alimentation,Tunis,En ligne,Carte bancaire,5,22.12,61,4.3,110.6
3848,2024-11-02,Beauté,Tunis,Magasin,Carte bancaire,6,56.49,37,2.3,338.94
7130,2024-11-02,Alimentation,Bizerte,En ligne,Carte bancaire,5,27.9,31,3.8,139.5
5360,2024-11-02,Sport,Tunis,Magasin,Espèces,6,126.85,59,3.3,761.1
2963,2024-11-02,Alimentation,Tunis,Magasin,Paiement mobile,3,25.95,68,2.3,77.85
1888,2024-11-02,Alimentation,Kairouan,En ligne,Espèces,5,21.78,62,4.4,108.9
1372,2024-11-02,Jouets,Sousse,Magasin,Paiement mobile,7,30.5,34,4.2,213.5
6646,2024-11-02,Vêtements,Gabès,En ligne,Carte bancaire,3,67.22,41,3.7,201.66
3197,2024-11-02,Alimentation,Sousse,En ligne,Carte bancaire,4,21.09,59,5.0,84.36
7364,2024-11-02,Vêtements,Kairouan,Magasin,Virement,2,91.56,51,2.9,183.12
7355,2024-11-02,Jouets,Tunis,En ligne,Paiement mobile,5,52.7,45,4.5,263.5
6761,2024-11-03,Électronique,Sfax,En ligne,Virement,4,331.51,43,4.2,1326.04
798,2024-11-03,Électronique,Tunis,En ligne,Carte bancaire,7,346.98,21,3.4,2428.86
3193,2024-11-03,Beauté,Kairouan,En ligne,Carte bancaire,2,59.39,47,4.6,118.78
6435,2024-11-03,Jouets,Sfax,En ligne,Carte bancaire,1,40.75,26,5.0,40.75
5123,2024-11-03,Électronique,Sousse,En ligne,Paiement mobile,6,659.65,35,3.8,3957.9
7283,2024-11-03,Électronique,Nabeul,En ligne,Paiement mobile,1,281.44,28,2.5,281.44
248,2024-11-03,Alimentation,Tunis,En ligne,Carte bancaire,4,26.41,43,4.3,105.64
2457,2024-11-03,Jouets,Gabès,Magasin,Espèces,7,23.14,48,3.7,161.98
3141,2024-11-03,Électronique,Gabès,Magasin,Paiement mobile,3,396.47,27,4.3,1189.41
2459,2024-11-03,Alimentation,Tunis,Magasin,Espèces,4,21.34,32,3.1,85.36
7491,2024-11-03,Alimentation,Kairouan,En ligne,Virement,7,21.0,34,2.8,147.0
6403,2024-11-03,Vêtements,Tunis,En ligne,Espèces,3,94.39,63,3.7,283.17
4204,2024-11-03,Électronique,Sousse,Magasin,Virement,2,310.55,50,4.8,621.1
2496,2024-11-03,Meubles,Bizerte,En ligne,Virement,5,226.97,35,3.8,1134.85
5248,2024-11-03,Jouets,Bizerte,En ligne,Carte bancaire,6,38.3,69,4.5,229.8
6976,2024-11-03,Vêtements,Kairouan,Magasin,Carte bancaire,4,42.04,31,3.4,168.16
3507,2024-11-03,Beauté,Sfax,Magasin,Carte bancaire,3,25.58,24,3.5,76.74
7457,2024-11-03,Vêtements,Kairouan,En ligne,Paiement mobile,5,48.81,52,3.6,244.05
2042,2024-11-03,Sport,Kairouan,Magasin,Carte bancaire,3,57.75,27,4.9,173.25
7743,2024-11-03,Vêtements,Tunis,Magasin,Carte bancaire,1,54.42,67,4.7,54.42
6022,2024-11-03,Électronique,Kairouan,En ligne,Espèces,5,291.04,52,2.7,1455.2
425,2024-11-03,Vêtements,Bizerte,Magasin,Virement,5,62.52,41,4.1,312.6
5182,2024-11-03,Alimentation,Nabeul,Magasin,Virement,7,26.54,33,3.9,185.78
3910,2024-11-03,Jouets,Sousse,En ligne,Espèces,7,26.27,62,3.3,183.89
18,2024-11-04,Électronique,Sousse,Magasin,Espèces,4,686.73,36,2.5,2746.92
1069,2024-11-04,Électronique,Kairouan,En ligne,Paiement mobile,6,544.38,69,4.1,3266.28
1764,2024-11-04,Électronique,Nabeul,Magasin,Espèces,2,328.66,38,5.0,657.32
5964,2024-11-04,Meubles,Gabès,Magasin,Carte bancaire,4,246.97,58,3.1,987.88
7320,2024-11-04,Jouets,Sousse,En ligne,Espèces,3,35.69,32,3.3,107.07
4621,2024-11-04,Alimentation,Tunis,En ligne,Paiement mobile,2,22.91,54,3.0,45.82
7249,2024-11-04,Sport,Sousse,Magasin,Carte bancaire,5,71.45,45,5.0,357.25
3145,2024-11-04,Jouets,Nabeul,En ligne,Espèces,5,38.73,36,3.4,193.65
7139,2024-11-04,Alimentation,Sfax,En ligne,Carte bancaire,3,15.5,36,4.0,46.5
7376,2024-11-04,Vêtements,Tunis,Magasin,Espèces,5,76.86,54,5.0,384.3
1885,2024-11-04,Vêtements,Nabeul,En ligne,Espèces,6,53.24,31,3.0,319.44
7223,2024-11-04,Meubles,Sfax,Magasin,Paiement mobile,4,269.9,36,4.5,1079.6
1169,2024-11-04,Jouets,Kairouan,En ligne,Virement,2,49.83,64,2.0,99.66
6242,2024-11-04,Alimentation,Nabeul,En ligne,Paiement mobile,2,14.49,42,5.0,28.98
4969,2024-11-04,Électronique,Nabeul,En ligne,Carte bancaire,4,488.69,18,4.0,1954.76
3445,2024-11-04,Jouets,Tunis,En ligne,Paiement mobile,7,25.83,24,3.4,180.81
4341,2024-11-04,Électronique,Sousse,Magasin,Carte bancaire,1,691.52,44,2.5,691.52
4360,2024-11-04,Meubles,Tunis,Magasin,Espèces,2,256.09,54,2.8,512.18
1362,2024-11-04,Sport,Kairouan,En ligne,Paiement mobile,4,114.42,41,3.5,457.68
2396,2024-11-05,Électronique,Sousse,En ligne,Espèces,5,628.69,35,4.1,3143.45
294,2024-11-05,Sport,Gabès,Magasin,Virement,6,63.18,27,4.3,379.08
2404,2024-11-05,Vêtements,Bizerte,En ligne,Carte bancaire,1,57.65,64,4.3,57.65
5217,2024-11-05,Beauté,Sfax,En ligne,Carte bancaire,3,31.6,34,3.8,94.8
7626,2024-11-05,Vêtements,Gabès,Magasin,Virement,4,36.59,67,4.2,146.36
5838,2024-11-05,Jouets,Tunis,En ligne,Carte bancaire,2,52.95,30,3.1,105.9
2718,2024-11-05,Meubles,Tunis,Magasin,Paiement mobile,1,463.54,51,5.0,463.54
4294,2024-11-05,Alimentation,Bizerte,En ligne,Espèces,3,14.7,52,4.3,44.1
5085,2024-11-05,Alimentation,Gabès,En ligne,Carte bancaire,2,21.38,58,3.8,42.76
2193,2024-11-05,Électronique,Bizerte,Magasin,Paiement mobile,4,395.41,54,2.9,1581.64
7722,2024-11-05,Électronique,Gabès,Magasin,Espèces,7,561.18,46,4.0,3928.26
3775,2024-11-05,Vêtements,Bizerte,En ligne,Carte bancaire,1,81.42,28,4.4,81.42
2106,2024-11-05,Électronique,Bizerte,En ligne,Paiement mobile,5,426.92,59,3.2,2134.6
7243,2024-11-05,Alimentation,Gabès,En ligne,Carte bancaire,7,28.38,19,4.9,198.66
6984,2024-11-05,Jouets,Sfax,En ligne,Paiement mobile,4,51.66,20,4.0,206.64
7830,2024-11-05,Électronique,Tunis,Magasin,Carte bancaire,3,691.68,63,3.4,2075.04
4156,2024-11-05,Meubles,Bizerte,Magasin,Carte bancaire,4,452.42,23,3.3,1809.68
1816,2024-11-05,Vêtements,Sousse,Magasin,Paiement mobile,7,69.8,63,4.5,488.6
3758,2024-11-05,Électronique,Bizerte,En ligne,Carte bancaire,3,444.52,58,3.7,1333.56
6275,2024-11-05,Alimentation,Kairouan,Magasin,Paiement mobile,7,30.3,38,5.0,212.1
1552,2024-11-05,Alimentation,Nabeul,En ligne,Carte bancaire,4,31.9,60,4.4,127.6
68,2024-11-05,Électronique,Sousse,En ligne,Espèces,5,449.52,46,4.6,2247.6
6618,2024-11-05,Beauté,Gabès,Magasin,Virement,4,30.66,45,3.9,122.64
1369,2024-11-05,Jouets,Kairouan,En ligne,Carte bancaire,5,24.63,51,3.7,123.15
3254,2024-11-05,Électronique,Tunis,En ligne,Carte bancaire,6,639.31,18,3.6,3835.86
3488,2024-11-05,Électronique,Tunis,En ligne,Virement,7,468.13,51,4.7,3276.91
1387,2024-11-05,Alimentation,Sousse,En ligne,Carte bancaire,2,25.87,35,4.0,51.74
4636,2024-11-05,Meubles,Kairouan,En ligne,Virement,7,346.02,24,4.1,2422.14
5410,2024-11-05,Meubles,Tunis,En ligne,Carte bancaire,2,470.9,55,2.1,941.8
4484,2024-11-05,Électronique,Tunis,En ligne,Carte bancaire,2,713.04,26,3.3,1426.08
3203,2024-11-06,Meubles,Sfax,En ligne,Carte bancaire,4,392.61,56,5.0,1570.44
424,2024-11-06,Électronique,Bizerte,Magasin,Carte bancaire,5,553.62,66,3.7,2768.1
741,2024-11-06,Alimentation,Sfax,En ligne,Carte bancaire,6,14.34,25,4.7,86.04
4489,2024-11-06,Vêtements,Nabeul,En ligne,Carte bancaire,4,65.78,46,2.5,263.12
7650,2024-11-06,Vêtements,Tunis,En ligne,Paiement mobile,2,45.03,56,5.0,90.06
1493,2024-11-06,Alimentation,Nabeul,En ligne,Paiement mobile,7,13.19,33,4.5,92.33
5347,2024-11-06,Alimentation,Kairouan,Magasin,Espèces,6,27.53,34,3.9,165.18
7436,2024-11-06,Vêtements,Gabès,En ligne,Espèces,4,70.78,41,4.3,283.12
956,2024-11-06,Électronique,Tunis,En ligne,Carte bancaire,1,273.97,36,4.2,273.97
2313,2024-11-06,Meubles,Nabeul,En ligne,Carte bancaire,4,273.24,21,3.4,1092.96
4522,2024-11-06,Meubles,Sfax,En ligne,Paiement mobile,6,418.33,33,3.7,2509.98
1432,2024-11-06,Alimentation,Sousse,Magasin,Carte bancaire,3,14.52,62,4.7,43.56
2057,2024-11-06,Alimentation,Gabès,En ligne,Carte bancaire,7,12.7,44,5.0,88.9
7934,2024-11-06,Électronique,Gabès,En ligne,Carte bancaire,3,353.36,27,2.9,1060.08
2362,2024-11-06,Jouets,Sfax,Magasin,Paiement mobile,4,50.14,37,4.0,200.56
3963,2024-11-06,Électronique,Sfax,En ligne,Paiement mobile,6,369.48,60,4.4,2216.88
1277,2024-11-06,Alimentation,Tunis,En ligne,Espèces,5,30.18,69,3.9,150.9
3341,2024-11-06,Beauté,Sousse,Magasin,Carte bancaire,6,50.05,34,3.9,300.3
5633,2024-11-06,Électronique,Tunis,En ligne,Espèces,5,676.63,66,3.4,3383.15
7437,2024-11-07,Beauté,Nabeul,En ligne,Paiement mobile,7,29.8,39,3.9,208.6
6545,2024-11-07,Beauté,Sfax,Magasin,Paiement mobile,4,60.13,24,3.4,240.52
4069,2024-11-07,Vêtements,Tunis,En ligne,Carte bancaire,6,43.91,59,4.2,263.46
7516,2024-11-07,Meubles,Nabeul,En ligne,Espèces,7,237.08,26,4.0,1659.56
4511,2024-11-07,Meubles,Sousse,Magasin,Carte bancaire,6,469.13,48,4.2,2814.78
2705,2024-11-07,Beauté,Tunis,Magasin,Espèces,2,55.73,44,5.0,111.46
6439,2024-11-07,Jouets,Kairouan,Magasin,Paiement mobile,6,42.51,63,4.4,255.06
1895,2024-11-07,Électronique,Sfax,En ligne,Paiement mobile,7,345.86,54,2.9,2421.02
7334,2024-11-07,Vêtements,Tunis,En ligne,Carte bancaire,2,50.34,28,4.5,100.68
3236,2024-11-07,Alimentation,Tunis,Magasin,Espèces,1,27.93,65,4.9,27.93
3872,2024-11-07,Beauté,Nabeul,En ligne,Espèces,2,53.26,34,3.4,106.52
4640,2024-11-07,Sport,Sfax,En ligne,Virement,6,120.3,38,3.7,721.8
1394,2024-11-07,Électronique,Tunis,En ligne,Carte bancaire,4,614.68,27,4.3,2458.72
894,2024-11-07,Jouets,Tunis,En ligne,Carte bancaire,2,27.09,28,3.1,54.18
653,2024-11-07,Vêtements,Bizerte,En ligne,Virement,7,74.2,60,3.0,519.4
2187,2024-11-07,Jouets,Tunis,En ligne,Espèces,1,37.19,19,4.4,37.19
716,2024-11-07,Meubles,Nabeul,En ligne,Virement,1,461.48,40,5.0,461.48
2000,2024-11-07,Jouets,Nabeul,En ligne,Virement,4,28.05,29,5.0,112.2
1354,2024-11-08,Meubles,Nabeul,En ligne,Carte bancaire,1,467.37,68,5.0,467.37
4747,2024-11-08,Meubles,Bizerte,En ligne,Paiement mobile,3,229.07,54,4.1,687.21
4125,2024-11-08,Électronique,Kairouan,Magasin,Carte bancaire,6,508.4,68,3.2,3050.4
1172,2024-11-08,Alimentation,Gabès,En ligne,Espèces,6,21.7,55,3.5,130.2
1164,2024-11-08,Alimentation,Sfax,Magasin,Carte bancaire,1,16.38,31,4.4,16.38
1557,2024-11-08,Sport,Sousse,Magasin,Carte bancaire,3,71.34,61,2.7,214.02
6301,2024-11-08,Vêtements,Sousse,En ligne,Virement,2,71.73,27,4.0,143.46
3783,2024-11-08,Électronique,Sfax,Magasin,Espèces,1,606.24,40,3.0,606.24
4119,2024-11-08,Meubles,Sfax,En ligne,Carte bancaire,6,249.3,33,3.5,1495.8
6910,2024-11-08,Meubles,Sfax,Magasin,Paiement mobile,3,451.65,23,3.1,1354.95
4962,2024-11-08,Vêtements,Sfax,Magasin,Carte bancaire,7,41.63,27,3.4,291.41
4547,2024-11-08,Vêtements,Gabès,Magasin,Espèces,7,63.55,63,4.6,444.85
7509,2024-11-08,Alimentation,Sousse,En ligne,Carte bancaire,5,23.68,64,4.2,118.4
3643,2024-11-08,Alimentation,Sfax,En ligne,Espèces,4,28.31,28,4.0,113.24
5038,2024-11-08,Vêtements,Sousse,Magasin,Carte bancaire,6,51.37,29,5.0,308.22
4195,2024-11-08,Électronique,Gabès,Magasin,Carte bancaire,1,553.08,26,3.2,553.08
5181,2024-11-08,Électronique,Tunis,En ligne,Virement,6,386.4,47,4.6,2318.4
2874,2024-11-08,Meubles,Sfax,Magasin,Carte bancaire,3,456.34,51,5.0,1369.02
778,2024-11-08,Alimentation,Gabès,En ligne,Carte bancaire,2,18.95,44,3.8,37.9
2821,2024-11-08,Meubles,Nabeul,Magasin,Espèces,3,432.99,46,2.3,1298.97
7757,2024-11-08,Jouets,Sousse,Magasin,Carte bancaire,2,41.02,53,3.2,82.04
1989,2024-11-08,Vêtements,Sousse,En ligne,Carte bancaire,4,60.94,40,3.8,243.76
6318,2024-11-08,Vêtements,Nabeul,En ligne,Carte bancaire,5,72.26,32,4.0,361.3
2771,2024-11-08,Vêtements,Sousse,Magasin,Espèces,4,50.79,21,3.8,203.16
4252,2024-11-08,Sport,Bizerte,En ligne,Paiement mobile,2,120.78,43,3.7,241.56
3374,2024-11-08,Électronique,Gabès,Magasin,Carte bancaire,6,350.9,65,4.8,2105.4
3839,2024-11-08,Sport,Sousse,En ligne,Paiement mobile,7,48.76,50,4.0,341.32
5984,2024-11-08,Sport,Tunis,Magasin,Espèces,4,117.66,40,4.3,470.64
381,2024-11-08,Vêtements,Sousse,En ligne,Espèces,4,71.64,51,4.1,286.56
3085,2024-11-08,Vêtements,Tunis,Magasin,Espèces,1,61.75,34,2.5,61.75
4673,2024-11-08,Vêtements,Tunis,Magasin,Paiement mobile,4,41.11,37,4.1,164.44
7184,2024-11-08,Alimentation,Sousse,Magasin,Virement,2,22.68,62,4.3,45.36
5483,2024-11-08,Meubles,Sousse,En ligne,Virement,7,260.5,42,4.6,1823.5
1253,2024-11-08,Jouets,Tunis,En ligne,Carte bancaire,5,30.71,44,3.3,153.55
2556,2024-11-09,Beauté,Sousse,En ligne,Espèces,6,45.81,53,4.2,274.86
1863,2024-11-09,Jouets,Bizerte,Magasin,Carte bancaire,3,49.51,24,3.9,148.53
6704,2024-11-09,Alimentation,Tunis,En ligne,Carte bancaire,4,20.03,62,3.5,80.12
4618,2024-11-09,Jouets,Kairouan,Magasin,Carte bancaire,4,48.05,40,4.3,192.2
3050,2024-11-09,Jouets,Kairouan,En ligne,Carte bancaire,2,42.3,66,4.7,84.6
2483,2024-11-09,Meubles,Sousse,En ligne,Carte bancaire,3,224.58,67,5.0,673.74
534,2024-11-09,Vêtements,Sfax,En ligne,Virement,6,88.05,26,3.0,528.3
4141,2024-11-09,Sport,Gabès,En ligne,Carte bancaire,7,61.38,22,4.9,429.66
5454,2024-11-09,Sport,Bizerte,Magasin,Carte bancaire,6,62.22,33,3.9,373.32
4531,2024-11-09,Électronique,Kairouan,En ligne,Espèces,7,501.11,25,2.5,3507.77
2527,2024-11-09,Électronique,Gabès,En ligne,Virement,6,285.78,27,3.8,1714.68
4225,2024-11-09,Alimentation,Sfax,En ligne,Paiement mobile,2,27.63,43,4.3,55.26
5552,2024-11-09,Vêtements,Sfax,Magasin,Paiement mobile,1,67.59,23,3.8,67.59
5801,2024-11-09,Vêtements,Kairouan,Magasin,Carte bancaire,4,70.42,26,3.3,281.68
7849,2024-11-09,Meubles,Kairouan,En ligne,Carte bancaire,1,213.79,45,4.0,213.79
6847,2024-11-09,Vêtements,Tunis,Magasin,Espèces,1,42.3,40,3.8,42.3
402,2024-11-09,Jouets,Gabès,En ligne,Carte bancaire,3,37.28,47,3.8,111.84
2694,2024-11-09,Électronique,Tunis,Magasin,Espèces,2,276.05,42,3.5,552.1
4719,2024-11-09,Électronique,Sousse,En ligne,Espèces,6,483.13,20,5.0,2898.78
2753,2024-11-09,Électronique,Kairouan,En ligne,Virement,2,389.74,20,4.7,779.48
25,2024-11-09,Vêtements,Sousse,En ligne,Espèces,4,64.91,55,5.0,259.64
1655,2024-11-09,Électronique,Tunis,Magasin,Paiement mobile,6,421.18,21,3.5,2527.08
4715,2024-11-09,Électronique,Sousse,En ligne,Carte bancaire,4,296.51,37,3.3,1186.04
2876,2024-11-09,Électronique,Nabeul,En ligne,Virement,4,314.1,36,4.0,1256.4
4421,2024-11-09,Alimentation,Sfax,En ligne,Paiement mobile,5,17.31,39,2.6,86.55
7680,2024-11-09,Sport,Gabès,Magasin,Carte bancaire,3,49.08,41,3.5,147.24
6475,2024-11-10,Jouets,Tunis,En ligne,Carte bancaire,7,54.29,28,4.9,380.03
4872,2024-11-10,Alimentation,Sfax,En ligne,Espèces,1,28.3,54,4.2,28.3
7556,2024-11-10,Vêtements,Bizerte,Magasin,Carte bancaire,5,67.48,59,4.8,337.4
7838,2024-11-10,Meubles,Kairouan,En ligne,Carte bancaire,1,276.75,49,3.7,276.75
7615,2024-11-10,Alimentation,Gabès,En ligne,Carte bancaire,4,26.01,31,4.6,104.04
5592,2024-11-10,Beauté,Tunis,En ligne,Virement,5,44.51,50,5.0,222.55
4362,2024-11-10,Alimentation,Sousse,En ligne,Paiement mobile,6,31.74,64,5.0,190.44
1467,2024-11-10,Alimentation,Sfax,Magasin,Carte bancaire,6,14.23,50,3.7,85.38
940,2024-11-10,Alimentation,Tunis,Magasin,Paiement mobile,2,25.16,46,3.4,50.32
5147,2024-11-10,Alimentation,Nabeul,Magasin,Carte bancaire,5,13.1,50,2.8,65.5
5117,2024-11-10,Jouets,Sfax,Magasin,Paiement mobile,3,48.65,52,4.8,145.95
6206,2024-11-10,Sport,Tunis,En ligne,Carte bancaire,3,96.02,47,3.8,288.06
4232,2024-11-10,Vêtements,Tunis,En ligne,Carte bancaire,7,90.91,58,4.0,636.37
4056,2024-11-10,Vêtements,Kairouan,En ligne,Carte bancaire,7,95.37,55,3.3,667.59
3415,2024-11-10,Sport,Sfax,En ligne,Espèces,2,48.03,56,4.7,96.06
735,2024-11-10,Alimentation,Sousse,Magasin,Carte bancaire,3,27.51,32,3.0,82.53
6532,2024-11-10,Meubles,Bizerte,En ligne,Virement,4,339.45,58,4.5,1357.8
2607,2024-11-10,Alimentation,Bizerte,Magasin,Paiement mobile,2,25.77,42,2.9,51.54
191,2024-11-10,Alimentation,Tunis,Magasin,Espèces,2,28.62,59,3.5,57.24
4799,2024-11-11,Vêtements,Sousse,En ligne,Paiement mobile,5,81.09,21,4.4,405.45
1954,2024-11-11,Jouets,Tunis,En ligne,Paiement mobile,5,37.69,32,4.9,188.45
2423,2024-11-11,Alimentation,Gabès,Magasin,Virement,4,20.29,39,4.1,81.16
1610,2024-11-11,Jouets,Sousse,Magasin,Virement,6,32.11,64,3.2,192.66
5032,2024-11-11,Vêtements,Tunis,En ligne,Espèces,6,39.23,69,4.7,235.38
2366,2024-11-11,Vêtements,Nabeul,En ligne,Carte bancaire,4,42.36,63,4.7,169.44
2280,2024-11-11,Alimentation,Tunis,En ligne,Carte bancaire,5,17.13,41,4.4,85.65
1774,2024-11-11,Sport,Tunis,En ligne,Carte bancaire,7,120.96,53,4.5,846.72
6174,2024-11-11,Sport,Nabeul,Magasin,Espèces,7,90.54,22,5.0,633.78
695,2024-11-11,Beauté,Bizerte,Magasin,Carte bancaire,3,51.85,52,2.6,155.55
5735,2024-11-11,Vêtements,Bizerte,Magasin,Paiement mobile,1,87.69,40,3.1,87.69
2827,2024-11-11,Électronique,Sousse,Magasin,Paiement mobile,1,596.03,37,4.4,596.03
2978,2024-11-11,Alimentation,Nabeul,En ligne,Carte bancaire,2,12.44,39,3.1,24.88
6738,2024-11-11,Jouets,Nabeul,Magasin,Carte bancaire,6,23.32,69,4.1,139.92
50,2024-11-11,Vêtements,Gabès,En ligne,Virement,1,81.45,39,4.2,81.45
5696,2024-11-11,Vêtements,Tunis,En ligne,Carte bancaire,6,90.95,54,4.8,545.7
5526,2024-11-11,Vêtements,Kairouan,En ligne,Espèces,5,89.71,22,4.0,448.55
1141,2024-11-11,Vêtements,Kairouan,En ligne,Virement,6,49.52,19,4.1,297.12
2114,2024-11-11,Meubles,Tunis,En ligne,Paiement mobile,6,316.18,55,4.4,1897.08
1040,2024-11-11,Alimentation,Nabeul,En ligne,Carte bancaire,2,24.5,34,3.3,49.0
380,2024-11-11,Vêtements,Bizerte,En ligne,Carte bancaire,5,61.16,49,3.9,305.8
3715,2024-11-11,Alimentation,Bizerte,En ligne,Carte bancaire,2,16.97,34,3.7,33.94
1842,2024-11-12,Alimentation,Tunis,Magasin,Espèces,1,18.07,27,3.7,18.07
6576,2024-11-12,Vêtements,Nabeul,Magasin,Paiement mobile,1,50.28,50,3.8,50.28
5831,2024-11-12,Meubles,Tunis,Magasin,Espèces,6,226.65,41,4.4,1359.9
846,2024-11-12,Meubles,Bizerte,En ligne,Paiement mobile,6,279.21,49,3.9,1675.26
3135,2024-11-12,Vêtements,Nabeul,Magasin,Carte bancaire,1,66.85,69,4.5,66.85
4130,2024-11-12,Électronique,Tunis,Magasin,Virement,2,641.01,30,4.5,1282.02
647,2024-11-12,Électronique,Sousse,En ligne,Carte bancaire,7,325.0,52,5.0,2275.0
4709,2024-11-12,Alimentation,Sfax,En ligne,Virement,6,24.17,64,4.8,145.02
661,2024-11-12,Vêtements,Tunis,Magasin,Carte bancaire,6,77.42,38,5.0,464.52
323,2024-11-12,Vêtements,Kairouan,En ligne,Paiement mobile,4,38.41,54,1.2,153.64
5956,2024-11-12,Sport,Kairouan,En ligne,Carte bancaire,4,69.54,33,3.3,278.16
5444,2024-11-12,Électronique,Nabeul,En ligne,Carte bancaire,3,418.25,44,3.4,1254.75
6825,2024-11-12,Jouets,Tunis,En ligne,Paiement mobile,7,32.01,61,4.0,224.07
4536,2024-11-12,Électronique,Tunis,En ligne,Espèces,4,478.95,60,4.8,1915.8
4606,2024-11-12,Vêtements,Nabeul,En ligne,Carte bancaire,6,95.59,42,4.8,573.54
1023,2024-11-13,Sport,Gabès,Magasin,Espèces,6,110.38,23,3.7,662.28
4278,2024-11-13,Sport,Kairouan,En ligne,Virement,1,90.21,18,4.8,90.21
5649,2024-11-13,Meubles,Gabès,En ligne,Carte bancaire,6,367.32,54,5.0,2203.92
441,2024-11-13,Alimentation,Bizerte,En ligne,Carte bancaire,3,22.51,59,3.1,67.53
6684,2024-11-13,Vêtements,Tunis,En ligne,Espèces,1,69.83,30,3.6,69.83
952,2024-11-13,Jouets,Bizerte,En ligne,Carte bancaire,7,27.36,67,3.7,191.52
1507,2024-11-13,Sport,Kairouan,En ligne,Carte bancaire,1,106.71,49,3.6,106.71
4717,2024-11-13,Alimentation,Gabès,Magasin,Carte bancaire,5,24.71,51,4.8,123.55
3251,2024-11-13,Sport,Sousse,En ligne,Paiement mobile,2,85.57,67,4.5,171.14
6913,2024-11-13,Sport,Nabeul,En ligne,Carte bancaire,7,95.08,50,4.0,665.56
184,2024-11-13,Vêtements,Gabès,En ligne,Paiement mobile,2,49.26,65,4.0,98.52
6985,2024-11-13,Alimentation,Sousse,Magasin,Carte bancaire,5,28.62,23,4.2,143.1
4117,2024-11-13,Vêtements,Kairouan,Magasin,Carte bancaire,6,62.35,37,4.2,374.1
6476,2024-11-13,Meubles,Gabès,En ligne,Espèces,3,429.34,32,3.9,1288.02
1855,2024-11-13,Vêtements,Sfax,En ligne,Espèces,7,88.02,62,3.5,616.14
4420,2024-11-13,Électronique,Sfax,En ligne,Carte bancaire,5,327.94,53,4.2,1639.7
4944,2024-11-13,Électronique,Kairouan,En ligne,Paiement mobile,2,395.56,37,3.6,791.12
197,2024-11-13,Vêtements,Sfax,En ligne,Carte bancaire,4,48.04,43,4.5,192.16
5107,2024-11-13,Beauté,Tunis,Magasin,Paiement mobile,7,25.26,55,4.0,176.82
4764,2024-11-13,Meubles,Tunis,En ligne,Virement,6,243.27,45,3.7,1459.62
1220,2024-11-13,Vêtements,Nabeul,Magasin,Carte bancaire,4,47.96,42,4.5,191.84
4312,2024-11-13,Alimentation,Nabeul,En ligne,Paiement mobile,1,17.24,35,4.5,17.24
1953,2024-11-13,Sport,Tunis,En ligne,Carte bancaire,2,99.12,67,3.7,198.24
7942,2024-11-13,Meubles,Tunis,En ligne,Paiement mobile,3,441.49,52,3.0,1324.47
1857,2024-11-13,Alimentation,Nabeul,Magasin,Espèces,4,19.13,50,4.1,76.52
5076,2024-11-13,Électronique,Gabès,En ligne,Paiement mobile,7,680.38,57,4.6,4762.66
1435,2024-11-13,Beauté,Sousse,Magasin,Carte bancaire,6,48.23,22,3.8,289.38
1618,2024-11-13,Électronique,Sousse,En ligne,Espèces,4,682.51,51,3.5,2730.04
7673,2024-11-13,Meubles,Sfax,En ligne,Paiement mobile,3,189.89,69,3.7,569.67
6234,2024-11-14,Meubles,Sfax,En ligne,Espèces,4,450.42,25,3.1,1801.68
5638,2024-11-14,Vêtements,Tunis,Magasin,Paiement mobile,1,46.14,45,4.3,46.14
5050,2024-11-14,Vêtements,Nabeul,Magasin,Espèces,7,56.16,33,2.8,393.12
1688,2024-11-14,Vêtements,Sfax,En ligne,Paiement mobile,1,45.13,21,4.2,45.13
2747,2024-11-14,Sport,Tunis,En ligne,Espèces,3,48.79,44,4.3,146.37
2765,2024-11-14,Vêtements,Nabeul,Magasin,Paiement mobile,2,80.9,64,4.2,161.8
4517,2024-11-14,Vêtements,Sfax,Magasin,Paiement mobile,7,61.97,49,1.5,433.79
4299,2024-11-14,Jouets,Tunis,En ligne,Carte bancaire,2,40.95,41,3.9,81.9
869,2024-11-14,Meubles,Sfax,En ligne,Paiement mobile,7,320.73,51,3.5,2245.11
1786,2024-11-14,Jouets,Nabeul,Magasin,Carte bancaire,4,45.35,60,5.0,181.4
1536,2024-11-14,Électronique,Bizerte,En ligne,Espèces,2,361.48,23,4.0,722.96
6968,2024-11-14,Jouets,Gabès,En ligne,Paiement mobile,3,28.18,30,3.9,84.54
4434,2024-11-14,Électronique,Tunis,En ligne,Espèces,1,445.17,33,3.1,445.17
1166,2024-11-14,Jouets,Sfax,Magasin,Paiement mobile,3,49.86,62,4.5,149.58
1013,2024-11-14,Alimentation,Sfax,Magasin,Carte bancaire,6,30.37,36,4.7,182.22
1237,2024-11-14,Alimentation,Kairouan,Magasin,Paiement mobile,1,13.48,68,5.0,13.48
6736,2024-11-14,Beauté,Nabeul,En ligne,Espèces,5,53.21,19,4.3,266.05
2930,2024-11-14,Jouets,Kairouan,En ligne,Carte bancaire,1,24.38,69,4.0,24.38
434,2024-11-14,Meubles,Tunis,En ligne,Carte bancaire,1,233.46,51,5.0,233.46
6207,2024-11-14,Jouets,Sfax,Magasin,Espèces,1,35.34,66,2.9,35.34
4605,2024-11-15,Vêtements,Sfax,Magasin,Virement,1,69.59,24,3.0,69.59
2567,2024-11-15,Électronique,Sfax,En ligne,Virement,1,528.66,43,4.4,528.66
995,2024-11-15,Alimentation,Sousse,En ligne,Espèces,1,17.98,53,5.0,17.98
3693,2024-11-15,Vêtements,Gabès,Magasin,Virement,5,70.08,25,4.5,350.4
7819,2024-11-15,Alimentation,Sfax,Magasin,Carte bancaire,5,19.2,25,4.0,96.0
6444,2024-11-15,Électronique,Sfax,En ligne,Paiement mobile,6,658.95,41,3.3,3953.7
1797,2024-11-15,Alimentation,Tunis,En ligne,Carte bancaire,1,21.86,36,3.1,21.86
2247,2024-11-15,Jouets,Tunis,En ligne,Carte bancaire,2,33.94,51,3.4,67.88
6010,2024-11-15,Électronique,Tunis,Magasin,Virement,3,668.2,49,5.0,2004.6
6884,2024-11-15,Électronique,Tunis,En ligne,Espèces,6,588.39,43,4.2,3530.34
41,2024-11-15,Sport,Nabeul,Magasin,Virement,5,87.67,36,4.0,438.35
2681,2024-11-15,Vêtements,Sousse,Magasin,Carte bancaire,7,54.13,63,2.8,378.91
1752,2024-11-15,Alimentation,Nabeul,Magasin,Carte bancaire,7,29.1,36,5.0,203.7
3954,2024-11-15,Électronique,Sousse,Magasin,Virement,7,530.95,63,5.0,3716.65
2807,2024-11-15,Jouets,Nabeul,En ligne,Carte bancaire,5,41.58,41,4.8,207.9
938,2024-11-15,Meubles,Tunis,Magasin,Paiement mobile,1,442.81,47,3.4,442.81
1031,2024-11-15,Alimentation,Gabès,En ligne,Paiement mobile,1,18.12,29,4.7,18.12
4241,2024-11-15,Beauté,Tunis,En ligne,Carte bancaire,7,60.95,45,4.5,426.65
3555,2024-11-15,Vêtements,Sousse,En ligne,Espèces,6,43.34,34,4.2,260.04
4691,2024-11-15,Sport,Sousse,Magasin,Carte bancaire,2,50.42,62,4.2,100.84
7950,2024-11-15,Jouets,Tunis,Magasin,Espèces,5,40.68,21,4.8,203.4
6657,2024-11-15,Sport,Tunis,Magasin,Virement,6,88.24,32,3.6,529.44
3139,2024-11-15,Vêtements,Bizerte,En ligne,Espèces,1,41.69,21,5.0,41.69
1033,2024-11-15,Meubles,Sfax,Magasin,Carte bancaire,1,382.69,46,2.8,382.69
4897,2024-11-16,Alimentation,Bizerte,En ligne,Carte bancaire,6,26.61,49,3.3,159.66
4438,2024-11-16,Alimentation,Tunis,Magasin,Carte bancaire,6,28.9,35,4.7,173.4
5383,2024-11-16,Alimentation,Tunis,En ligne,Espèces,6,19.27,29,3.9,115.62
3636,2024-11-16,Beauté,Sfax,Magasin,Paiement mobile,5,48.61,55,5.0,243.05
5714,2024-11-16,Électronique,Tunis,En ligne,Paiement mobile,7,635.98,36,2.4,4451.86
6764,2024-11-16,Meubles,Tunis,En ligne,Carte bancaire,6,307.15,19,4.9,1842.9
1252,2024-11-16,Vêtements,Nabeul,Magasin,Carte bancaire,2,68.71,22,3.7,137.42
1012,2024-11-16,Beauté,Nabeul,En ligne,Paiement mobile,4,32.1,49,3.2,128.4
7245,2024-11-16,Vêtements,Nabeul,Magasin,Virement,1,68.95,30,4.3,68.95
2335,2024-11-16,Électronique,Tunis,Magasin,Paiement mobile,5,504.27,36,3.7,2521.35
4180,2024-11-16,Électronique,Kairouan,Magasin,Carte bancaire,3,463.84,58,4.3,1391.52
620,2024-11-16,Beauté,Kairouan,Magasin,Paiement mobile,5,51.69,52,3.8,258.45
3340,2024-11-16,Électronique,Sfax,Magasin,Virement,1,650.54,53,3.8,650.54
3894,2024-11-16,Sport,Kairouan,En ligne,Espèces,1,74.83,30,4.1,74.83
5200,2024-11-16,Vêtements,Sousse,En ligne,Virement,3,83.63,48,5.0,250.89
2401,2024-11-16,Vêtements,Sfax,En ligne,Paiement mobile,2,37.4,19,4.7,74.8
3383,2024-11-16,Jouets,Gabès,En ligne,Carte bancaire,1,46.12,59,4.8,46.12
385,2024-11-16,Alimentation,Tunis,En ligne,Virement,3,20.98,57,4.6,62.94
5778,2024-11-16,Électronique,Sfax,En ligne,Carte bancaire,3,539.32,26,2.6,1617.96
7609,2024-11-16,Vêtements,Sousse,Magasin,Paiement mobile,3,74.53,26,5.0,223.59
3984,2024-11-16,Jouets,Sousse,Magasin,Carte bancaire,6,51.0,60,4.7,306.0
4641,2024-11-16,Jouets,Sousse,Magasin,Carte bancaire,5,23.86,62,2.9,119.3
3815,2024-11-16,Vêtements,Tunis,Magasin,Paiement mobile,5,48.33,19,4.9,241.65
3398,2024-11-16,Sport,Sousse,Magasin,Virement,4,92.35,42,3.9,369.4
4925,2024-11-17,Vêtements,Sfax,En ligne,Paiement mobile,2,75.37,29,4.0,150.74
7549,2024-11-17,Alimentation,Gabès,En ligne,Carte bancaire,7,21.32,21,1.6,149.24
4677,2024-11-17,Vêtements,Tunis,Magasin,Paiement mobile,2,68.95,61,3.7,137.9
4928,2024-11-17,Électronique,Bizerte,En ligne,Espèces,6,558.71,46,3.8,3352.26
1090,2024-11-17,Jouets,Sousse,Magasin,Paiement mobile,3,50.93,59,4.0,152.79
966,2024-11-17,Alimentation,Bizerte,Magasin,Carte bancaire,3,23.75,30,3.2,71.25
4308,2024-11-17,Sport,Tunis,En ligne,Paiement mobile,3,51.97,34,3.0,155.91
4340,2024-11-17,Sport,Sousse,Magasin,Espèces,2,103.73,66,4.7,207.46
7700,2024-11-17,Électronique,Bizerte,Magasin,Carte bancaire,3,524.26,45,5.0,1572.78
5764,2024-11-17,Vêtements,Nabeul,En ligne,Paiement mobile,7,93.59,45,4.7,655.13
6652,2024-11-17,Vêtements,Kairouan,Magasin,Paiement mobile,1,95.43,18,3.4,95.43
6343,2024-11-17,Alimentation,Kairouan,En ligne,Carte bancaire,6,22.47,37,3.9,134.82
7937,2024-11-17,Beauté,Sfax,Magasin,Espèces,7,27.92,35,4.8,195.44
5691,2024-11-17,Électronique,Sfax,Magasin,Espèces,7,343.34,53,3.8,2403.38
7046,2024-11-17,Électronique,Tunis,En ligne,Carte bancaire,1,427.73,54,3.2,427.73
4006,2024-11-17,Alimentation,Sfax,En ligne,Virement,3,30.15,69,5.0,90.45
3621,2024-11-17,Beauté,Kairouan,En ligne,Carte bancaire,7,38.47,19,4.7,269.29
391,2024-11-17,Sport,Sfax,En ligne,Carte bancaire,1,122.72,62,3.2,122.72
1255,2024-11-18,Sport,Gabès,Magasin,Carte bancaire,1,57.18,29,3.2,57.18
351,2024-11-18,Meubles,Nabeul,Magasin,Espèces,4,186.27,43,2.9,745.08
7748,2024-11-18,Meubles,Bizerte,Magasin,Virement,5,464.48,64,4.1,2322.4
6220,2024-11-18,Vêtements,Bizerte,En ligne,Carte bancaire,6,48.66,21,4.3,291.96
2357,2024-11-18,Sport,Sousse,Magasin,Espèces,2,101.89,30,4.4,203.78
5510,2024-11-18,Vêtements,Bizerte,En ligne,Carte bancaire,3,43.78,23,4.2,131.34
7536,2024-11-18,Vêtements,Nabeul,En ligne,Paiement mobile,2,52.43,57,4.0,104.86
3541,2024-11-18,Sport,Gabès,En ligne,Carte bancaire,2,80.38,48,4.6,160.76
512,2024-11-18,Vêtements,Gabès,En ligne,Virement,6,36.81,69,3.7,220.86
4686,2024-11-18,Jouets,Sfax,En ligne,Paiement mobile,1,45.58,53,3.4,45.58
1622,2024-11-18,Alimentation,Tunis,Magasin,Paiement mobile,4,15.08,21,4.6,60.32
1590,2024-11-18,Sport,Tunis,Magasin,Paiement mobile,7,81.82,37,3.9,572.74
5284,2024-11-18,Alimentation,Sfax,Magasin,Paiement mobile,5,30.18,40,4.7,150.9
4343,2024-11-18,Alimentation,Tunis,En ligne,Paiement mobile,3,15.79,33,3.7,47.37
6706,2024-11-18,Alimentation,Sousse,Magasin,Carte bancaire,3,21.04,36,3.4,63.12
358,2024-11-18,Beauté,Tunis,Magasin,Espèces,2,51.76,69,4.8,103.52
3552,2024-11-18,Jouets,Kairouan,Magasin,Carte bancaire,4,42.64,40,3.0,170.56
4029,2024-11-18,Électronique,Sousse,En ligne,Espèces,3,668.29,27,3.9,2004.87
4106,2024-11-18,Électronique,Tunis,En ligne,Carte bancaire,4,603.02,30,4.9,2412.08
2252,2024-11-18,Vêtements,Sousse,En ligne,Paiement mobile,2,73.55,66,3.6,147.1
6915,2024-11-19,Meubles,Bizerte,En ligne,Espèces,7,348.46,49,3.9,2439.22
6480,2024-11-19,Sport,Sousse,Magasin,Carte bancaire,5,120.44,33,3.1,602.2
7727,2024-11-19,Meubles,Kairouan,En ligne,Carte bancaire,5,412.21,43,3.1,2061.05
1522,2024-11-19,Meubles,Nabeul,En ligne,Carte bancaire,2,261.37,30,4.4,522.74
5457,2024-11-19,Sport,Tunis,En ligne,Paiement mobile,4,80.69,61,3.3,322.76
1697,2024-11-19,Électronique,Nabeul,Magasin,Carte bancaire,3,571.35,51,5.0,1714.05
2157,2024-11-19,Meubles,Sfax,En ligne,Virement,6,283.31,21,3.4,1699.86
3178,2024-11-19,Électronique,Gabès,Magasin,Espèces,5,618.08,69,5.0,3090.4
4172,2024-11-19,Alimentation,Sfax,En ligne,Carte bancaire,4,30.1,34,4.0,120.4
2093,2024-11-19,Électronique,Nabeul,Magasin,Carte bancaire,7,461.53,33,4.1,3230.71
984,2024-11-19,Alimentation,Sfax,En ligne,Paiement mobile,4,16.9,68,3.8,67.6
7346,2024-11-19,Meubles,Sousse,En ligne,Carte bancaire,7,392.92,54,4.2,2750.44
7411,2024-11-19,Jouets,Nabeul,En ligne,Carte bancaire,7,35.14,38,4.9,245.98
2580,2024-11-19,Alimentation,Kairouan,En ligne,Virement,7,17.83,64,3.7,124.81
5672,2024-11-19,Électronique,Sousse,Magasin,Carte bancaire,3,659.74,53,3.4,1979.22
1110,2024-11-19,Alimentation,Bizerte,Magasin,Carte bancaire,3,31.56,34,2.7,94.68
4486,2024-11-19,Vêtements,Nabeul,En ligne,Paiement mobile,4,56.11,66,4.6,224.44
5957,2024-11-19,Sport,Tunis,Magasin,Virement,6,93.56,38,5.0,561.36
1144,2024-11-19,Électronique,Bizerte,En ligne,Espèces,3,679.35,44,5.0,2038.05
7235,2024-11-19,Électronique,Sousse,En ligne,Carte bancaire,5,355.28,21,3.6,1776.4
7718,2024-11-19,Alimentation,Bizerte,Magasin,Carte bancaire,3,29.25,55,3.5,87.75
3301,2024-11-19,Électronique,Tunis,Magasin,Carte bancaire,3,654.52,35,3.4,1963.56
222,2024-11-19,Électronique,Tunis,En ligne,Paiement mobile,2,678.26,58,4.7,1356.52
4095,2024-11-19,Sport,Sousse,Magasin,Carte bancaire,4,91.4,40,3.9,365.6
3457,2024-11-19,Jouets,Kairouan,En ligne,Espèces,3,38.29,43,3.3,114.87
4047,2024-11-19,Alimentation,Kairouan,Magasin,Carte bancaire,3,15.15,54,5.0,45.45
3172,2024-11-20,Alimentation,Sousse,Magasin,Carte bancaire,1,14.43,37,3.8,14.43
2788,2024-11-20,Alimentation,Kairouan,En ligne,Paiement mobile,1,29.48,68,4.7,29.48
5121,2024-11-20,Meubles,Nabeul,En ligne,Carte bancaire,6,428.96,69,4.9,2573.76
7839,2024-11-20,Sport,Tunis,En ligne,Carte bancaire,7,106.34,61,4.0,744.38
1951,2024-11-20,Sport,Nabeul,Magasin,Carte bancaire,1,104.5,62,2.5,104.5
2017,2024-11-20,Vêtements,Bizerte,Magasin,Paiement mobile,1,60.17,65,3.4,60.17
6473,2024-11-20,Alimentation,Nabeul,En ligne,Carte bancaire,4,24.32,64,3.0,97.28
3542,2024-11-20,Alimentation,Gabès,En ligne,Paiement mobile,1,17.68,53,3.4,17.68
3402,2024-11-20,Beauté,Bizerte,Magasin,Paiement mobile,6,24.9,20,3.6,149.4
3394,2024-11-20,Beauté,Sousse,Magasin,Carte bancaire,7,35.4,64,5.0,247.8
3017,2024-11-20,Alimentation,Sfax,Magasin,Carte bancaire,1,26.05,33,5.0,26.05
3056,2024-11-20,Alimentation,Nabeul,Magasin,Carte bancaire,4,26.6,23,5.0,106.4
487,2024-11-20,Beauté,Bizerte,En ligne,Paiement mobile,3,46.44,44,3.0,139.32
7567,2024-11-20,Électronique,Bizerte,En ligne,Carte bancaire,4,383.81,37,3.2,1535.24
7709,2024-11-20,Électronique,Sousse,Magasin,Paiement mobile,6,415.46,48,5.0,2492.76
3692,2024-11-20,Sport,Tunis,En ligne,Paiement mobile,3,83.03,47,2.7,249.09
5608,2024-11-20,Vêtements,Sousse,Magasin,Carte bancaire,2,67.43,31,2.9,134.86
7330,2024-11-20,Électronique,Gabès,En ligne,Virement,6,274.31,54,4.6,1645.86
4311,2024-11-20,Jouets,Sfax,Magasin,Espèces,3,23.72,59,5.0,71.16
496,2024-11-20,Meubles,Sousse,En ligne,Paiement mobile,7,182.94,27,3.7,1280.58
7467,2024-11-20,Meubles,Sousse,Magasin,Carte bancaire,3,394.75,53,4.0,1184.25
4614,2024-11-20,Vêtements,Nabeul,En ligne,Espèces,3,87.59,65,4.1,262.77
229,2024-11-20,Alimentation,Kairouan,Magasin,Carte bancaire,1,27.72,50,3.5,27.72
6642,2024-11-20,Alimentation,Nabeul,En ligne,Espèces,3,20.74,49,5.0,62.22
5868,2024-11-20,Jouets,Gabès,En ligne,Carte bancaire,2,45.22,64,4.7,90.44
7583,2024-11-20,Alimentation,Sfax,En ligne,Carte bancaire,4,16.85,61,3.6,67.4
4783,2024-11-21,Alimentation,Tunis,Magasin,Carte bancaire,5,21.29,57,3.6,106.45
238,2024-11-21,Meubles,Gabès,En ligne,Espèces,7,397.27,59,1.8,2780.89
7685,2024-11-21,Vêtements,Kairouan,En ligne,Paiement mobile,4,49.16,61,3.9,196.64
1961,2024-11-21,Meubles,Kairouan,En ligne,Carte bancaire,5,341.43,43,4.3,1707.15
3772,2024-11-21,Meubles,Sfax,En ligne,Carte bancaire,7,220.72,58,5.0,1545.04
7912,2024-11-21,Vêtements,Tunis,Magasin,Espèces,5,56.36,33,4.9,281.8
5893,2024-11-21,Électronique,Sfax,Magasin,Virement,3,374.31,34,3.6,1122.93
4351,2024-11-21,Vêtements,Tunis,Magasin,Virement,5,94.06,37,3.9,470.3
7794,2024-11-21,Jouets,Kairouan,Magasin,Espèces,6,29.14,62,4.4,174.84
408,2024-11-21,Jouets,Nabeul,En ligne,Paiement mobile,5,36.73,22,4.3,183.65
982,2024-11-21,Meubles,Tunis,En ligne,Espèces,7,439.11,51,3.0,3073.77
2143,2024-11-21,Meubles,Tunis,En ligne,Espèces,1,388.85,27,4.0,388.85
848,2024-11-21,Sport,Tunis,En ligne,Espèces,6,52.4,40,4.0,314.4
5637,2024-11-21,Alimentation,Kairouan,En ligne,Carte bancaire,5,19.26,22,3.8,96.3
2823,2024-11-21,Jouets,Sousse,En ligne,Carte bancaire,3,52.21,20,3.7,156.63
2295,2024-11-21,Vêtements,Nabeul,Magasin,Carte bancaire,5,39.03,46,5.0,195.15
5865,2024-11-21,Alimentation,Sousse,En ligne,Espèces,4,20.19,20,4.1,80.76
6799,2024-11-21,Jouets,Sousse,Magasin,Carte bancaire,2,53.16,18,3.0,106.32
1684,2024-11-21,Beauté,Nabeul,En ligne,Espèces,1,38.21,37,3.4,38.21
4123,2024-11-21,Électronique,Tunis,En ligne,Paiement mobile,1,531.15,40,4.9,531.15
1337,2024-11-21,Vêtements,Kairouan,Magasin,Virement,2,68.94,57,3.6,137.88
5446,2024-11-22,Électronique,Gabès,Magasin,Virement,4,617.02,57,2.2,2468.08
4078,2024-11-22,Vêtements,Sfax,Magasin,Carte bancaire,4,81.33,54,2.9,325.32
6665,2024-11-22,Sport,Sousse,Magasin,Paiement mobile,2,97.31,53,3.6,194.62
7784,2024-11-22,Jouets,Tunis,Magasin,Espèces,5,52.99,32,4.2,264.95
7973,2024-11-22,Électronique,Bizerte,Magasin,Carte bancaire,4,273.07,28,5.0,1092.28
5066,2024-11-22,Vêtements,Nabeul,Magasin,Carte bancaire,5,62.64,54,4.3,313.2
6179,2024-11-22,Sport,Kairouan,Magasin,Paiement mobile,7,123.44,56,2.8,864.08
6783,2024-11-22,Beauté,Sousse,En ligne,Espèces,5,36.33,31,4.9,181.65
4899,2024-11-22,Meubles,Bizerte,Magasin,Virement,2,285.18,41,3.6,570.36
5708,2024-11-22,Vêtements,Kairouan,En ligne,Espèces,5,88.61,66,4.7,443.05
2890,2024-11-22,Vêtements,Bizerte,En ligne,Carte bancaire,3,58.09,60,4.7,174.27
623,2024-11-22,Meubles,Bizerte,Magasin,Carte bancaire,7,402.79,25,3.3,2819.53
1214,2024-11-22,Électronique,Sfax,Magasin,Espèces,5,613.5,53,3.9,3067.5
3573,2024-11-22,Alimentation,Nabeul,En ligne,Carte bancaire,5,24.07,21,4.1,120.35
3126,2024-11-22,Jouets,Kairouan,Magasin,Carte bancaire,7,33.73,45,2.4,236.11
97,2024-11-22,Vêtements,Tunis,En ligne,Espèces,5,76.58,58,2.9,382.9
6540,2024-11-22,Sport,Sousse,Magasin,Virement,2,81.07,47,5.0,162.14
6791,2024-11-22,Alimentation,Gabès,En ligne,Paiement mobile,1,17.23,66,5.0,17.23
7773,2024-11-22,Vêtements,Tunis,Magasin,Espèces,7,87.71,31,3.4,613.97
7629,2024-11-22,Jouets,Nabeul,En ligne,Carte bancaire,7,48.62,27,3.0,340.34
7672,2024-11-22,Vêtements,Sfax,Magasin,Paiement mobile,1,59.65,33,2.4,59.65
4027,2024-11-22,Électronique,Tunis,En ligne,Carte bancaire,1,383.77,51,3.9,383.77
154,2024-11-22,Alimentation,Sfax,En ligne,Paiement mobile,1,22.56,61,4.4,22.56
6177,2024-11-22,Alimentation,Kairouan,En ligne,Virement,4,26.42,39,3.7,105.68
2128,2024-11-23,Meubles,Bizerte,Magasin,Paiement mobile,3,399.85,22,4.7,1199.55
2067,2024-11-23,Électronique,Tunis,Magasin,Carte bancaire,6,374.66,44,4.2,2247.96
1466,2024-11-23,Jouets,Sfax,Magasin,Espèces,5,35.29,59,5.0,176.45
5145,2024-11-23,Meubles,Tunis,En ligne,Paiement mobile,2,262.88,25,4.4,525.76
1852,2024-11-23,Vêtements,Gabès,Magasin,Carte bancaire,6,49.88,65,4.0,299.28
1147,2024-11-23,Meubles,Nabeul,Magasin,Carte bancaire,4,365.07,68,4.4,1460.28
3531,2024-11-23,Beauté,Kairouan,En ligne,Carte bancaire,7,36.24,34,5.0,253.68
7092,2024-11-23,Électronique,Bizerte,Magasin,Carte bancaire,2,578.17,36,5.0,1156.34
1605,2024-11-23,Jouets,Nabeul,Magasin,Espèces,4,25.49,33,5.0,101.96
6281,2024-11-23,Jouets,Nabeul,En ligne,Carte bancaire,3,52.52,43,4.3,157.56
7089,2024-11-23,Vêtements,Sousse,Magasin,Paiement mobile,3,88.68,24,5.0,266.04
5140,2024-11-23,Vêtements,Bizerte,Magasin,Virement,1,64.21,35,5.0,64.21
3537,2024-11-23,Alimentation,Sfax,Magasin,Espèces,7,13.05,19,4.5,91.35
1257,2024-11-23,Électronique,Sfax,En ligne,Paiement mobile,7,400.91,38,4.2,2806.37
1035,2024-11-23,Jouets,Sousse,En ligne,Espèces,2,54.53,33,4.3,109.06
1055,2024-11-23,Vêtements,Nabeul,En ligne,Carte bancaire,5,93.99,22,4.0,469.95
3106,2024-11-23,Électronique,Sfax,En ligne,Virement,5,606.87,55,4.0,3034.35
6533,2024-11-23,Sport,Tunis,En ligne,Carte bancaire,2,59.51,20,3.4,119.02
5951,2024-11-23,Meubles,Tunis,Magasin,Carte bancaire,5,381.86,19,4.4,1909.3
4253,2024-11-23,Meubles,Sousse,Magasin,Paiement mobile,2,466.8,68,3.3,933.6
6730,2024-11-23,Alimentation,Kairouan,Magasin,Espèces,6,17.31,49,3.0,103.86
4261,2024-11-23,Vêtements,Tunis,En ligne,Carte bancaire,7,77.61,64,4.4,543.27
113,2024-11-23,Sport,Bizerte,Magasin,Carte bancaire,5,50.15,49,3.2,250.75
7990,2024-11-23,Vêtements,Tunis,Magasin,Carte bancaire,3,55.16,18,2.9,165.48
2851,2024-11-24,Jouets,Sfax,En ligne,Carte bancaire,4,40.07,33,5.0,160.28
5654,2024-11-24,Alimentation,Tunis,En ligne,Virement,7,15.26,54,4.2,106.82
6390,2024-11-24,Meubles,Tunis,Magasin,Paiement mobile,7,434.8,56,5.0,3043.6
3756,2024-11-24,Jouets,Nabeul,En ligne,Virement,3,39.49,20,3.5,118.47
7133,2024-11-24,Alimentation,Gabès,En ligne,Espèces,3,27.47,59,5.0,82.41
6366,2024-11-24,Jouets,Nabeul,Magasin,Carte bancaire,3,44.93,47,4.5,134.79
2577,2024-11-24,Alimentation,Gabès,En ligne,Paiement mobile,7,24.17,18,3.9,169.19
1015,2024-11-24,Vêtements,Nabeul,Magasin,Carte bancaire,5,47.94,38,4.4,239.7
3530,2024-11-24,Alimentation,Sfax,En ligne,Carte bancaire,3,30.68,68,3.4,92.04
2443,2024-11-24,Jouets,Kairouan,Magasin,Carte bancaire,5,26.33,32,4.7,131.65
7278,2024-11-24,Alimentation,Tunis,Magasin,Carte bancaire,5,22.14,35,4.1,110.7
5535,2024-11-24,Jouets,Tunis,Magasin,Carte bancaire,4,39.34,19,4.3,157.36
7558,2024-11-24,Meubles,Sfax,En ligne,Virement,5,292.39,47,4.2,1461.95
46,2024-11-24,Sport,Sfax,En ligne,Carte bancaire,1,53.84,41,4.7,53.84
1584,2024-11-24,Jouets,Bizerte,Magasin,Paiement mobile,5,55.6,56,3.6,278.0
1430,2024-11-25,Électronique,Tunis,En ligne,Virement,7,365.17,18,4.6,2556.19
1094,2024-11-25,Beauté,Gabès,En ligne,Espèces,4,57.68,21,3.1,230.72
4388,2024-11-25,Vêtements,Sousse,En ligne,Virement,5,93.4,25,4.0,467.0
6018,2024-11-25,Beauté,Sfax,Magasin,Carte bancaire,4,29.44,64,2.8,117.76
1554,2024-11-25,Alimentation,Bizerte,En ligne,Carte bancaire,3,22.93,65,5.0,68.79
4595,2024-11-25,Beauté,Nabeul,En ligne,Virement,7,41.87,52,2.5,293.09
7167,2024-11-25,Vêtements,Kairouan,Magasin,Carte bancaire,3,42.91,35,4.6,128.73
683,2024-11-25,Jouets,Sousse,En ligne,Espèces,2,22.32,39,3.6,44.64
6416,2024-11-25,Électronique,Sousse,En ligne,Espèces,1,567.46,34,3.8,567.46
7282,2024-11-25,Meubles,Sousse,Magasin,Paiement mobile,3,227.35,65,4.1,682.05
2908,2024-11-25,Meubles,Bizerte,Magasin,Carte bancaire,7,180.43,69,5.0,1263.01
7126,2024-11-25,Électronique,Sfax,En ligne,Carte bancaire,3,677.56,62,3.3,2032.68
1279,2024-11-25,Électronique,Bizerte,En ligne,Carte bancaire,6,686.96,66,4.2,4121.76
6144,2024-11-25,Beauté,Sfax,Magasin,Espèces,6,31.53,21,2.8,189.18
2123,2024-11-25,Jouets,Sousse,En ligne,Carte bancaire,4,40.68,48,4.4,162.72
515,2024-11-25,Vêtements,Gabès,En ligne,Paiement mobile,1,43.6,37,3.6,43.6
811,2024-11-25,Sport,Kairouan,En ligne,Espèces,5,116.15,34,4.8,580.75
1125,2024-11-25,Électronique,Kairouan,En ligne,Espèces,4,701.89,51,5.0,2807.56
2916,2024-11-25,Alimentation,Sousse,En ligne,Espèces,2,26.65,66,4.4,53.3
4423,2024-11-26,Alimentation,Bizerte,En ligne,Paiement mobile,3,30.92,57,4.6,92.76
4697,2024-11-26,Vêtements,Kairouan,Magasin,Paiement mobile,6,39.56,27,3.7,237.36
5727,2024-11-26,Alimentation,Tunis,Magasin,Paiement mobile,1,28.64,25,3.9,28.64
3850,2024-11-26,Beauté,Tunis,Magasin,Carte bancaire,4,47.76,63,4.0,191.04
2103,2024-11-26,Meubles,Gabès,En ligne,Carte bancaire,3,316.27,60,4.7,948.81
3940,2024-11-26,Électronique,Nabeul,Magasin,Virement,2,648.27,48,2.4,1296.54
6560,2024-11-26,Alimentation,Nabeul,En ligne,Carte bancaire,2,27.57,39,3.1,55.14
6338,2024-11-26,Jouets,Tunis,En ligne,Carte bancaire,1,50.64,28,3.5,50.64
11,2024-11-26,Électronique,Gabès,Magasin,Paiement mobile,1,512.33,29,3.8,512.33
3319,2024-11-26,Vêtements,Bizerte,En ligne,Virement,3,67.63,28,3.5,202.89
5188,2024-11-26,Alimentation,Sousse,Magasin,Carte bancaire,3,15.76,20,5.0,47.28
3874,2024-11-26,Vêtements,Gabès,En ligne,Carte bancaire,7,90.41,35,4.1,632.87
2356,2024-11-26,Meubles,Tunis,Magasin,Carte bancaire,7,362.49,31,4.1,2537.43
4267,2024-11-26,Électronique,Kairouan,Magasin,Espèces,6,653.37,19,3.3,3920.22
170,2024-11-26,Vêtements,Tunis,Magasin,Paiement mobile,2,39.54,55,5.0,79.08
951,2024-11-26,Vêtements,Gabès,En ligne,Paiement mobile,3,66.63,61,4.8,199.89
6517,2024-11-26,Vêtements,Kairouan,Magasin,Paiement mobile,5,61.78,45,3.0,308.9
5574,2024-11-26,Meubles,Bizerte,Magasin,Carte bancaire,6,359.44,59,4.6,2156.64
7197,2024-11-26,Meubles,Tunis,En ligne,Virement,7,303.4,54,3.2,2123.8
4814,2024-11-26,Électronique,Sfax,En ligne,Espèces,6,331.38,38,4.8,1988.28
598,2024-11-26,Vêtements,Sfax,En ligne,Carte bancaire,4,68.03,49,3.2,272.12
5802,2024-11-27,Vêtements,Bizerte,En ligne,Carte bancaire,4,94.68,62,3.2,378.72
3957,2024-11-27,Alimentation,Sfax,En ligne,Carte bancaire,1,26.69,56,3.4,26.69
3310,2024-11-27,Jouets,Tunis,En ligne,Carte bancaire,6,31.84,50,3.5,191.04
4136,2024-11-27,Jouets,Tunis,En ligne,Espèces,4,50.83,57,4.0,203.32
3185,2024-11-27,Vêtements,Bizerte,Magasin,Espèces,3,80.45,37,2.7,241.35
4738,2024-11-27,Alimentation,Sfax,En ligne,Paiement mobile,3,25.92,49,3.9,77.76
1596,2024-11-27,Alimentation,Sfax,En ligne,Espèces,6,18.53,32,4.1,111.18
6097,2024-11-27,Alimentation,Sfax,Magasin,Paiement mobile,5,18.58,44,5.0,92.9
5570,2024-11-27,Vêtements,Tunis,En ligne,Paiement mobile,6,49.25,22,3.8,295.5
1980,2024-11-27,Sport,Bizerte,En ligne,Carte bancaire,2,116.88,54,3.4,233.76
7694,2024-11-27,Vêtements,Tunis,Magasin,Paiement mobile,2,69.98,33,3.2,139.96
1111,2024-11-27,Alimentation,Kairouan,Magasin,Virement,1,22.15,48,4.7,22.15
6723,2024-11-27,Meubles,Sfax,En ligne,Espèces,3,198.54,26,2.3,595.62
1905,2024-11-27,Sport,Bizerte,En ligne,Paiement mobile,5,64.23,30,3.3,321.15
3280,2024-11-27,Électronique,Sousse,Magasin,Carte bancaire,5,438.77,58,5.0,2193.85
5364,2024-11-27,Électronique,Bizerte,Magasin,Virement,1,380.47,59,4.4,380.47
5063,2024-11-27,Alimentation,Tunis,En ligne,Carte bancaire,2,19.06,65,4.4,38.12
5589,2024-11-28,Meubles,Sousse,Magasin,Espèces,1,434.47,51,3.6,434.47
3092,2024-11-28,Jouets,Sfax,En ligne,Paiement mobile,4,21.11,35,4.3,84.44
1541,2024-11-28,Vêtements,Tunis,En ligne,Paiement mobile,7,89.49,55,5.0,626.43
7338,2024-11-28,Électronique,Sfax,En ligne,Paiement mobile,2,504.61,46,4.0,1009.22
4678,2024-11-28,Vêtements,Kairouan,En ligne,Espèces,3,80.66,53,4.6,241.98
3272,2024-11-28,Alimentation,Sousse,En ligne,Carte bancaire,3,31.58,26,4.3,94.74
7452,2024-11-28,Électronique,Tunis,En ligne,Carte bancaire,6,522.33,57,3.7,3133.98
1000,2024-11-28,Alimentation,Sousse,En ligne,Carte bancaire,5,26.46,45,4.7,132.3
6272,2024-11-28,Vêtements,Tunis,En ligne,Carte bancaire,6,89.12,63,3.3,534.72
6171,2024-11-28,Électronique,Tunis,Magasin,Virement,2,567.19,47,4.3,1134.38
5090,2024-11-28,Meubles,Tunis,Magasin,Carte bancaire,3,348.55,62,3.7,1045.65
5060,2024-11-28,Vêtements,Sfax,En ligne,Carte bancaire,7,95.01,53,3.9,665.07
2545,2024-11-28,Meubles,Tunis,En ligne,Carte bancaire,1,355.12,47,3.6,355.12
7284,2024-11-28,Alimentation,Tunis,Magasin,Carte bancaire,7,31.66,49,3.6,221.62
3941,2024-11-28,Sport,Sfax,En ligne,Virement,3,50.37,50,4.6,151.11
5747,2024-11-28,Alimentation,Sousse,En ligne,Espèces,7,24.99,55,3.9,174.93
2310,2024-11-28,Électronique,Kairouan,En ligne,Paiement mobile,6,469.37,49,5.0,2816.22
6176,2024-11-28,Jouets,Tunis,Magasin,Carte bancaire,4,50.9,47,5.0,203.6
2162,2024-11-29,Meubles,Tunis,Magasin,Carte bancaire,5,294.59,40,4.6,1472.95
5795,2024-11-29,Sport,Tunis,En ligne,Virement,5,76.56,19,5.0,382.8
5991,2024-11-29,Alimentation,Tunis,En ligne,Paiement mobile,4,30.01,53,4.8,120.04
7729,2024-11-29,Alimentation,Tunis,En ligne,Carte bancaire,6,29.22,27,4.9,175.32
3147,2024-11-29,Vêtements,Kairouan,En ligne,Virement,7,40.0,60,3.9,280.0
6720,2024-11-29,Beauté,Nabeul,En ligne,Carte bancaire,1,42.13,43,4.0,42.13
6044,2024-11-29,Beauté,Sfax,En ligne,Virement,3,34.65,20,5.0,103.95
2608,2024-11-29,Sport,Tunis,En ligne,Paiement mobile,5,100.67,67,3.9,503.35
6834,2024-11-29,Alimentation,Tunis,En ligne,Carte bancaire,5,29.63,36,4.1,148.15
7000,2024-11-29,Sport,Sfax,En ligne,Carte bancaire,6,84.78,55,2.9,508.68
2005,2024-11-29,Sport,Sfax,En ligne,Carte bancaire,3,86.55,51,4.8,259.65
3111,2024-11-29,Électronique,Kairouan,Magasin,Espèces,7,415.41,67,5.0,2907.87
4273,2024-11-29,Meubles,Tunis,En ligne,Carte bancaire,3,198.36,67,4.8,595.08
1025,2024-11-29,Vêtements,Tunis,Magasin,Paiement mobile,7,60.27,64,3.6,421.89
6175,2024-11-29,Vêtements,Bizerte,En ligne,Paiement mobile,7,50.08,19,4.7,350.56
6203,2024-11-29,Jouets,Sfax,En ligne,Carte bancaire,3,42.08,22,4.1,126.24
5556,2024-11-29,Vêtements,Gabès,En ligne,Paiement mobile,6,43.31,24,4.5,259.86
7004,2024-11-29,Vêtements,Tunis,En ligne,Espèces,6,81.19,61,4.0,487.14
6194,2024-11-29,Beauté,Bizerte,En ligne,Carte bancaire,7,38.28,51,4.1,267.96
6609,2024-11-29,Jouets,Nabeul,En ligne,Carte bancaire,5,42.98,48,3.1,214.9
1948,2024-11-29,Vêtements,Sfax,Magasin,Virement,4,41.07,32,3.3,164.28
7500,2024-11-29,Électronique,Bizerte,En ligne,Paiement mobile,4,635.1,18,4.5,2540.4
2420,2024-11-29,Vêtements,Kairouan,Magasin,Carte bancaire,4,57.08,18,3.9,228.32
7597,2024-11-30,Beauté,Kairouan,Magasin,Espèces,4,47.05,52,4.6,188.2
976,2024-11-30,Jouets,Tunis,En ligne,Carte bancaire,3,27.72,46,2.0,83.16
1461,2024-11-30,Vêtements,Sfax,Magasin,Espèces,3,61.07,45,5.0,183.21
7803,2024-11-30,Alimentation,Tunis,En ligne,Virement,5,22.15,37,4.1,110.75
970,2024-11-30,Beauté,Sousse,Magasin,Virement,6,37.02,41,3.2,222.12
5660,2024-11-30,Sport,Sfax,En ligne,Carte bancaire,7,94.44,31,4.1,661.08
1690,2024-11-30,Électronique,Bizerte,En ligne,Paiement mobile,1,714.87,63,3.6,714.87
5387,2024-11-30,Vêtements,Tunis,En ligne,Espèces,3,93.74,59,3.7,281.22
796,2024-11-30,Électronique,Tunis,En ligne,Paiement mobile,5,496.52,40,5.0,2482.6
5848,2024-11-30,Alimentation,Sfax,En ligne,Paiement mobile,3,18.63,34,3.4,55.89
801,2024-11-30,Électronique,Gabès,En ligne,Paiement mobile,7,454.92,42,4.2,3184.44
6785,2024-11-30,Vêtements,Sfax,Magasin,Carte bancaire,4,66.33,47,2.7,265.32
6813,2024-11-30,Vêtements,Sousse,En ligne,Carte bancaire,5,72.28,40,4.5,361.4
3366,2024-11-30,Jouets,Sfax,En ligne,Carte bancaire,5,44.0,33,3.6,220.0
4680,2024-11-30,Électronique,Sfax,En ligne,Espèces,6,719.86,40,2.9,4319.16
1926,2024-11-30,Vêtements,Sfax,En ligne,Carte bancaire,4,90.66,33,2.6,362.64
6585,2024-11-30,Électronique,Sfax,Magasin,Carte bancaire,5,442.37,48,4.7,2211.85
4670,2024-11-30,Beauté,Nabeul,Magasin,Paiement mobile,2,53.48,51,3.9,106.96
3660,2024-11-30,Meubles,Tunis,En ligne,Carte bancaire,7,350.22,54,4.6,2451.54
4468,2024-11-30,Meubles,Bizerte,En ligne,Carte bancaire,2,180.26,24,4.7,360.52
6997,2024-12-01,Électronique,Sfax,En ligne,Carte bancaire,4,635.88,40,4.2,2543.52
2148,2024-12-01,Meubles,Tunis,Magasin,Espèces,1,233.44,64,3.8,233.44
6369,2024-12-01,Vêtements,Tunis,En ligne,Espèces,1,56.43,57,3.9,56.43
4533,2024-12-01,Électronique,Tunis,En ligne,Paiement mobile,1,524.47,30,3.2,524.47
7976,2024-12-01,Alimentation,Kairouan,En ligne,Espèces,6,23.82,20,4.1,142.92
7388,2024-12-01,Vêtements,Tunis,Magasin,Espèces,4,94.56,33,4.0,378.24
4644,2024-12-01,Vêtements,Bizerte,En ligne,Espèces,7,73.79,63,5.0,516.53
6636,2024-12-01,Alimentation,Kairouan,Magasin,Espèces,4,25.63,48,5.0,102.52
5809,2024-12-01,Vêtements,Sfax,En ligne,Espèces,3,66.18,54,3.1,198.54
2403,2024-12-01,Meubles,Tunis,En ligne,Carte bancaire,1,476.28,56,4.0,476.28
4238,2024-12-01,Jouets,Sousse,Magasin,Paiement mobile,7,39.59,31,3.4,277.13
2381,2024-12-01,Jouets,Gabès,En ligne,Espèces,3,49.79,22,4.1,149.37
827,2024-12-01,Vêtements,Tunis,Magasin,Carte bancaire,6,58.78,43,3.4,352.68
3976,2024-12-01,Sport,Sfax,En ligne,Virement,2,84.88,59,2.3,169.76
7765,2024-12-01,Vêtements,Tunis,En ligne,Espèces,6,44.85,57,3.3,269.1
2043,2024-12-01,Sport,Nabeul,Magasin,Espèces,2,91.89,33,3.9,183.78
4756,2024-12-01,Alimentation,Bizerte,En ligne,Espèces,6,23.85,42,4.2,143.1
7368,2024-12-01,Alimentation,Tunis,Magasin,Carte bancaire,4,12.74,63,3.0,50.96
5760,2024-12-01,Électronique,Nabeul,Magasin,Carte bancaire,2,305.49,39,4.5,610.98
2981,2024-12-01,Alimentation,Sfax,En ligne,Carte bancaire,3,27.78,48,4.0,83.34
6773,2024-12-01,Alimentation,Tunis,Magasin,Espèces,2,29.07,36,3.4,58.14
1633,2024-12-01,Beauté,Sfax,En ligne,Virement,4,43.22,56,3.6,172.88
6829,2024-12-01,Alimentation,Sfax,En ligne,Carte bancaire,4,19.63,56,4.3,78.52
2735,2024-12-01,Beauté,Gabès,En ligne,Carte bancaire,6,47.59,64,4.7,285.54
2844,2024-12-01,Électronique,Sfax,En ligne,Virement,1,491.67,63,4.4,491.67
7318,2024-12-01,Électronique,Tunis,En ligne,Carte bancaire,1,707.55,62,4.9,707.55
500,2024-12-01,Meubles,Bizerte,En ligne,Carte bancaire,3,276.04,33,3.4,828.12
5515,2024-12-02,Alimentation,Kairouan,En ligne,Espèces,2,12.97,66,3.1,25.94
872,2024-12-02,Jouets,Kairouan,En ligne,Espèces,2,41.38,35,3.9,82.76
5078,2024-12-02,Électronique,Tunis,Magasin,Virement,7,470.22,63,3.7,3291.54
4207,2024-12-02,Alimentation,Bizerte,Magasin,Virement,1,29.08,20,4.8,29.08
7548,2024-12-02,Vêtements,Sfax,En ligne,Virement,7,60.57,68,3.3,423.99
5137,2024-12-02,Vêtements,Kairouan,En ligne,Espèces,7,41.49,59,3.4,290.43
3534,2024-12-02,Beauté,Tunis,En ligne,Espèces,3,37.22,22,5.0,111.66
4216,2024-12-02,Vêtements,Sfax,Magasin,Carte bancaire,4,59.73,66,4.4,238.92
1738,2024-12-02,Alimentation,Tunis,En ligne,Espèces,7,14.89,56,2.9,104.23
5890,2024-12-02,Vêtements,Sfax,En ligne,Virement,4,58.51,21,4.4,234.04
1402,2024-12-02,Alimentation,Nabeul,En ligne,Carte bancaire,6,21.02,40,4.4,126.12
5053,2024-12-02,Jouets,Gabès,Magasin,Virement,2,52.2,60,3.5,104.4
7737,2024-12-02,Alimentation,Sfax,En ligne,Virement,4,14.19,69,3.6,56.76
3647,2024-12-02,Vêtements,Tunis,En ligne,Carte bancaire,7,61.95,21,4.0,433.65
2799,2024-12-02,Sport,Nabeul,En ligne,Carte bancaire,1,105.48,49,5.0,105.48
5402,2024-12-02,Alimentation,Tunis,Magasin,Paiement mobile,6,26.7,49,3.9,160.2
5172,2024-12-02,Vêtements,Bizerte,Magasin,Carte bancaire,1,58.24,24,3.5,58.24
2572,2024-12-02,Beauté,Gabès,Magasin,Virement,4,33.69,24,3.4,134.76
3533,2024-12-02,Vêtements,Sousse,En ligne,Virement,6,52.09,27,5.0,312.54
7035,2024-12-02,Jouets,Tunis,Magasin,Espèces,3,32.02,61,5.0,96.06
6514,2024-12-02,Vêtements,Sfax,Magasin,Paiement mobile,6,48.5,33,5.0,291.0
526,2024-12-02,Alimentation,Tunis,Magasin,Carte bancaire,1,24.04,34,3.1,24.04
3799,2024-12-02,Vêtements,Bizerte,Magasin,Carte bancaire,7,83.76,57,5.0,586.32
1203,2024-12-02,Beauté,Nabeul,En ligne,Espèces,1,40.69,53,4.0,40.69
5828,2024-12-02,Électronique,Sousse,En ligne,Espèces,6,719.11,18,3.7,4314.66
5438,2024-12-02,Alimentation,Tunis,En ligne,Carte bancaire,5,16.01,30,4.0,80.05
6015,2024-12-02,Électronique,Gabès,En ligne,Paiement mobile,5,410.58,60,3.5,2052.9
6916,2024-12-02,Alimentation,Tunis,Magasin,Carte bancaire,2,13.12,34,4.6,26.24
3299,2024-12-03,Jouets,Sousse,En ligne,Carte bancaire,4,39.35,42,2.8,157.4
5165,2024-12-03,Meubles,Sfax,En ligne,Carte bancaire,5,222.31,30,4.3,1111.55
3049,2024-12-03,Meubles,Tunis,En ligne,Carte bancaire,7,242.48,63,2.9,1697.36
6941,2024-12-03,Vêtements,Gabès,En ligne,Carte bancaire,6,77.08,56,4.6,462.48
4298,2024-12-03,Vêtements,Tunis,Magasin,Carte bancaire,5,75.01,33,3.9,375.05
7120,2024-12-03,Vêtements,Sfax,En ligne,Carte bancaire,1,46.94,20,3.3,46.94
2490,2024-12-03,Jouets,Sousse,En ligne,Carte bancaire,6,25.66,37,3.9,153.96
251,2024-12-03,Alimentation,Sousse,Magasin,Espèces,2,22.45,59,3.5,44.9
6582,2024-12-03,Meubles,Tunis,Magasin,Carte bancaire,4,443.55,63,4.2,1774.2
6230,2024-12-03,Sport,Sfax,En ligne,Carte bancaire,7,67.78,19,4.2,474.46
2857,2024-12-03,Alimentation,Gabès,En ligne,Espèces,3,16.29,38,4.8,48.87
292,2024-12-03,Vêtements,Sfax,Magasin,Carte bancaire,2,93.54,30,3.6,187.08
6229,2024-12-03,Électronique,Tunis,Magasin,Carte bancaire,2,686.19,53,3.9,1372.38
5016,2024-12-03,Vêtements,Sfax,En ligne,Carte bancaire,6,89.35,59,5.0,536.1
6959,2024-12-03,Jouets,Tunis,En ligne,Virement,6,52.81,58,4.9,316.86
6254,2024-12-03,Électronique,Sousse,En ligne,Carte bancaire,7,351.39,35,4.1,2459.73
3704,2024-12-03,Jouets,Sousse,Magasin,Paiement mobile,2,46.08,56,5.0,92.16
4429,2024-12-03,Jouets,Sfax,Magasin,Paiement mobile,3,26.24,44,4.2,78.72
1574,2024-12-03,Vêtements,Kairouan,En ligne,Carte bancaire,7,68.72,27,4.0,481.04
794,2024-12-03,Vêtements,Tunis,Magasin,Paiement mobile,4,46.09,37,4.3,184.36
7886,2024-12-03,Vêtements,Nabeul,En ligne,Carte bancaire,2,49.45,45,3.9,98.9
1798,2024-12-03,Meubles,Bizerte,En ligne,Carte bancaire,6,351.86,62,3.7,2111.16
5665,2024-12-03,Jouets,Kairouan,Magasin,Espèces,1,50.76,20,5.0,50.76
3671,2024-12-03,Beauté,Nabeul,Magasin,Espèces,5,61.79,50,4.3,308.95
85,2024-12-03,Alimentation,Sfax,Magasin,Carte bancaire,5,25.14,55,3.7,125.7
4453,2024-12-03,Meubles,Sousse,Magasin,Carte bancaire,7,405.15,26,3.6,2836.05
3467,2024-12-03,Alimentation,Tunis,Magasin,Carte bancaire,4,16.46,31,4.1,65.84
4425,2024-12-03,Sport,Gabès,Magasin,Carte bancaire,3,77.96,39,4.5,233.88
2101,2024-12-04,Meubles,Tunis,Magasin,Paiement mobile,5,475.73,37,3.6,2378.65
4687,2024-12-04,Beauté,Nabeul,Magasin,Carte bancaire,3,56.45,32,4.0,169.35
4896,2024-12-04,Alimentation,Tunis,Magasin,Carte bancaire,6,16.9,45,3.9,101.4
7050,2024-12-04,Jouets,Nabeul,Magasin,Paiement mobile,2,25.75,39,3.1,51.5
1046,2024-12-04,Électronique,Sousse,Magasin,Carte bancaire,5,527.8,67,3.8,2639.0
4852,2024-12-04,Sport,Bizerte,En ligne,Virement,1,126.52,53,5.0,126.52
617,2024-12-04,Meubles,Sfax,En ligne,Carte bancaire,4,411.13,38,4.0,1644.52
4650,2024-12-04,Jouets,Tunis,Magasin,Espèces,6,23.98,27,3.7,143.88
5687,2024-12-04,Alimentation,Tunis,Magasin,Carte bancaire,4,18.97,26,3.9,75.88
5228,2024-12-04,Alimentation,Kairouan,Magasin,Paiement mobile,3,19.06,59,5.0,57.18
4235,2024-12-04,Vêtements,Bizerte,Magasin,Espèces,1,41.26,50,4.1,41.26
3888,2024-12-04,Jouets,Tunis,Magasin,Carte bancaire,3,41.39,33,4.0,124.17
7256,2024-12-04,Alimentation,Tunis,Magasin,Carte bancaire,6,21.16,64,4.7,126.96
4222,2024-12-04,Alimentation,Kairouan,En ligne,Espèces,5,21.13,67,4.0,105.65
4233,2024-12-04,Vêtements,Nabeul,En ligne,Espèces,3,82.53,53,4.7,247.59
1438,2024-12-04,Alimentation,Tunis,En ligne,Carte bancaire,5,25.11,19,5.0,125.55
6149,2024-12-04,Sport,Gabès,Magasin,Carte bancaire,2,67.05,43,3.7,134.1
577,2024-12-04,Électronique,Sousse,En ligne,Paiement mobile,7,537.36,60,4.1,3761.52
5311,2024-12-05,Électronique,Kairouan,Magasin,Paiement mobile,2,453.03,24,2.6,906.06
5299,2024-12-05,Électronique,Nabeul,Magasin,Espèces,2,488.04,64,5.0,976.08
5892,2024-12-05,Électronique,Sousse,Magasin,Paiement mobile,5,330.09,51,4.5,1650.45
5790,2024-12-05,Alimentation,Bizerte,En ligne,Virement,7,15.77,42,5.0,110.39
7801,2024-12-05,Jouets,Sousse,En ligne,Espèces,6,33.65,59,4.3,201.9
56,2024-12-05,Vêtements,Bizerte,En ligne,Carte bancaire,5,36.07,34,4.5,180.35
813,2024-12-05,Vêtements,Sfax,En ligne,Espèces,4,91.34,63,4.8,365.36
4786,2024-12-05,Beauté,Bizerte,Magasin,Carte bancaire,7,54.59,67,2.9,382.13
4941,2024-12-05,Vêtements,Sfax,En ligne,Virement,7,41.38,61,4.7,289.66
4784,2024-12-05,Électronique,Nabeul,Magasin,Virement,5,649.31,40,3.5,3246.55
285,2024-12-05,Électronique,Tunis,En ligne,Virement,4,621.45,43,4.0,2485.8
168,2024-12-05,Meubles,Bizerte,En ligne,Espèces,1,462.89,28,4.0,462.89
504,2024-12-05,Meubles,Nabeul,En ligne,Paiement mobile,5,379.73,21,3.8,1898.65
6803,2024-12-05,Jouets,Nabeul,Magasin,Virement,7,32.25,49,3.4,225.75
3732,2024-12-05,Jouets,Tunis,Magasin,Carte bancaire,2,48.93,33,3.0,97.86
3816,2024-12-05,Jouets,Sfax,Magasin,Carte bancaire,5,24.6,32,4.2,123.0
2038,2024-12-05,Sport,Kairouan,Magasin,Espèces,6,100.28,47,4.8,601.68
3235,2024-12-05,Vêtements,Sousse,En ligne,Paiement mobile,4,56.48,53,3.0,225.92
1516,2024-12-05,Jouets,Sfax,Magasin,Carte bancaire,4,55.94,34,5.0,223.76
3298,2024-12-05,Jouets,Bizerte,Magasin,Espèces,1,46.01,45,2.9,46.01
6471,2024-12-05,Vêtements,Sousse,En ligne,Virement,6,69.56,51,3.6,417.36
6625,2024-12-05,Meubles,Bizerte,Magasin,Carte bancaire,6,321.83,19,4.6,1930.98
1782,2024-12-05,Sport,Nabeul,Magasin,Carte bancaire,4,91.42,24,3.6,365.68
6163,2024-12-05,Jouets,Sousse,Magasin,Carte bancaire,6,29.77,47,4.2,178.62
4203,2024-12-05,Vêtements,Tunis,Magasin,Carte bancaire,3,65.82,62,3.2,197.46
6311,2024-12-05,Alimentation,Nabeul,En ligne,Carte bancaire,1,23.04,40,4.7,23.04
476,2024-12-06,Vêtements,Bizerte,En ligne,Paiement mobile,1,67.27,59,3.9,67.27
4849,2024-12-06,Électronique,Bizerte,En ligne,Carte bancaire,3,656.87,45,3.9,1970.61
4456,2024-12-06,Alimentation,Tunis,En ligne,Espèces,1,29.05,48,3.2,29.05
2046,2024-12-06,Électronique,Tunis,En ligne,Espèces,5,583.88,48,3.4,2919.4
2353,2024-12-06,Électronique,Sfax,Magasin,Paiement mobile,6,628.0,51,4.2,3768.0
5685,2024-12-06,Sport,Nabeul,En ligne,Carte bancaire,2,96.05,46,4.0,192.1
7953,2024-12-06,Vêtements,Bizerte,En ligne,Espèces,4,59.42,65,4.9,237.68
7307,2024-12-06,Électronique,Kairouan,Magasin,Carte bancaire,7,706.76,55,3.9,4947.32
730,2024-12-06,Jouets,Gabès,En ligne,Espèces,5,41.89,54,4.2,209.45
4495,2024-12-06,Alimentation,Tunis,En ligne,Paiement mobile,4,12.35,43,3.9,49.4
6923,2024-12-06,Alimentation,Nabeul,Magasin,Espèces,4,20.88,37,2.7,83.52
2909,2024-12-06,Jouets,Sfax,En ligne,Espèces,1,36.79,58,4.8,36.79
2885,2024-12-06,Meubles,Sousse,En ligne,Virement,4,298.48,39,4.7,1193.92
7299,2024-12-06,Alimentation,Nabeul,En ligne,Carte bancaire,4,25.2,52,3.3,100.8
6445,2024-12-06,Vêtements,Gabès,Magasin,Espèces,5,37.34,51,3.7,186.7
3452,2024-12-06,Jouets,Sousse,En ligne,Paiement mobile,6,22.36,31,3.9,134.16
5212,2024-12-06,Vêtements,Sousse,En ligne,Espèces,4,71.95,68,5.0,287.8
6762,2024-12-06,Sport,Sfax,Magasin,Paiement mobile,5,76.96,48,3.8,384.8
3248,2024-12-06,Électronique,Bizerte,Magasin,Espèces,2,397.5,38,2.3,795.0
784,2024-12-06,Sport,Gabès,Magasin,Espèces,4,79.33,60,5.0,317.32
4393,2024-12-06,Électronique,Kairouan,Magasin,Virement,2,695.31,55,3.9,1390.62
1340,2024-12-06,Sport,Sousse,En ligne,Carte bancaire,7,127.77,36,4.1,894.39
3475,2024-12-06,Vêtements,Gabès,Magasin,Paiement mobile,5,87.14,51,3.2,435.7
7178,2024-12-06,Meubles,Kairouan,En ligne,Carte bancaire,6,282.52,18,3.5,1695.12
5706,2024-12-06,Vêtements,Sfax,Magasin,Espèces,3,53.59,26,4.2,160.77
7151,2024-12-07,Alimentation,Nabeul,Magasin,Carte bancaire,6,21.89,34,3.6,131.34
2365,2024-12-07,Vêtements,Tunis,En ligne,Virement,5,85.2,50,3.5,426.0
4134,2024-12-07,Électronique,Sousse,Magasin,Virement,4,370.15,46,4.8,1480.6
5214,2024-12-07,Sport,Tunis,Magasin,Espèces,3,62.31,43,3.6,186.93
1305,2024-12-07,Alimentation,Tunis,En ligne,Espèces,7,16.84,18,3.5,117.88
7972,2024-12-07,Meubles,Tunis,En ligne,Carte bancaire,3,382.28,30,3.3,1146.84
565,2024-12-07,Jouets,Gabès,En ligne,Carte bancaire,2,40.28,68,3.0,80.56
3991,2024-12-07,Alimentation,Tunis,Magasin,Paiement mobile,1,12.92,38,3.8,12.92
7618,2024-12-07,Électronique,Tunis,En ligne,Virement,2,310.75,35,3.1,621.5
621,2024-12-07,Jouets,Bizerte,Magasin,Espèces,3,38.72,21,5.0,116.16
7690,2024-12-07,Sport,Gabès,Magasin,Virement,3,120.18,68,4.1,360.54
734,2024-12-07,Sport,Bizerte,En ligne,Carte bancaire,4,106.85,64,4.3,427.4
364,2024-12-07,Jouets,Sousse,Magasin,Paiement mobile,2,36.49,48,3.3,72.98
5921,2024-12-07,Électronique,Nabeul,En ligne,Carte bancaire,7,392.59,25,4.7,2748.13
2294,2024-12-07,Meubles,Kairouan,Magasin,Carte bancaire,6,456.31,58,4.5,2737.86
3444,2024-12-07,Alimentation,Tunis,Magasin,Espèces,3,24.63,26,3.5,73.89
394,2024-12-07,Vêtements,Sousse,Magasin,Carte bancaire,7,76.34,67,4.4,534.38
1209,2024-12-07,Vêtements,Gabès,Magasin,Carte bancaire,4,53.38,39,4.0,213.52
404,2024-12-07,Électronique,Kairouan,Magasin,Virement,3,336.02,23,4.7,1008.06
1352,2024-12-07,Sport,Tunis,En ligne,Virement,5,68.53,40,2.8,342.65
6656,2024-12-07,Sport,Gabès,En ligne,Virement,6,74.48,21,2.5,446.88
2838,2024-12-07,Beauté,Tunis,Magasin,Virement,4,36.43,30,4.9,145.72
3209,2024-12-07,Sport,Tunis,En ligne,Carte bancaire,7,79.42,53,4.7,555.94
7430,2024-12-07,Sport,Bizerte,En ligne,Carte bancaire,1,114.93,62,4.1,114.93
2538,2024-12-08,Électronique,Bizerte,Magasin,Paiement mobile,7,715.48,62,5.0,5008.36
5844,2024-12-08,Alimentation,Gabès,En ligne,Carte bancaire,6,24.25,55,3.2,145.5
6293,2024-12-08,Vêtements,Gabès,En ligne,Espèces,1,49.89,29,5.0,49.89
7158,2024-12-08,Alimentation,Sousse,En ligne,Carte bancaire,3,19.46,64,4.0,58.38
3446,2024-12-08,Alimentation,Tunis,En ligne,Virement,6,12.77,61,5.0,76.62
4892,2024-12-08,Meubles,Nabeul,En ligne,Carte bancaire,6,379.71,38,3.9,2278.26
4054,2024-12-08,Alimentation,Gabès,En ligne,Paiement mobile,7,15.88,69,4.7,111.16
2142,2024-12-08,Sport,Bizerte,En ligne,Paiement mobile,1,117.63,35,3.8,117.63
7224,2024-12-08,Vêtements,Sfax,Magasin,Carte bancaire,1,77.37,68,4.3,77.37
6299,2024-12-08,Sport,Tunis,En ligne,Paiement mobile,4,95.83,28,4.7,383.32
4865,2024-12-08,Beauté,Bizerte,En ligne,Paiement mobile,1,53.7,22,4.9,53.7
211,2024-12-08,Sport,Tunis,Magasin,Espèces,5,88.03,64,3.1,440.15
3761,2024-12-08,Meubles,Bizerte,Magasin,Carte bancaire,1,296.18,41,3.5,296.18
6274,2024-12-08,Alimentation,Sousse,Magasin,Espèces,2,28.41,62,3.0,56.82
7203,2024-12-08,Électronique,Sfax,En ligne,Carte bancaire,3,463.86,66,2.3,1391.58
3293,2024-12-08,Beauté,Tunis,Magasin,Virement,4,48.03,53,4.2,192.12
4140,2024-12-08,Jouets,Sousse,En ligne,Carte bancaire,7,27.13,54,4.3,189.91
6839,2024-12-08,Meubles,Tunis,En ligne,Virement,6,417.04,69,5.0,2502.24
6327,2024-12-08,Électronique,Bizerte,En ligne,Paiement mobile,1,607.49,27,3.2,607.49
5033,2024-12-08,Sport,Tunis,Magasin,Carte bancaire,1,69.92,60,4.1,69.92
3688,2024-12-08,Alimentation,Gabès,En ligne,Virement,3,16.29,53,3.8,48.87
5667,2024-12-08,Électronique,Gabès,Magasin,Espèces,4,327.85,65,3.1,1311.4
3184,2024-12-08,Jouets,Tunis,En ligne,Paiement mobile,4,31.85,51,5.0,127.4
5875,2024-12-08,Vêtements,Gabès,En ligne,Paiement mobile,5,93.6,64,3.7,468.0
7442,2024-12-08,Vêtements,Bizerte,Magasin,Carte bancaire,7,72.26,61,4.6,505.82
6169,2024-12-08,Vêtements,Nabeul,Magasin,Paiement mobile,3,76.82,39,4.6,230.46
3074,2024-12-08,Meubles,Kairouan,Magasin,Carte bancaire,4,331.66,69,4.0,1326.64
6352,2024-12-09,Sport,Tunis,En ligne,Carte bancaire,3,99.02,49,3.8,297.06
1681,2024-12-09,Jouets,Sfax,En ligne,Carte bancaire,4,47.79,60,3.6,191.16
20,2024-12-09,Électronique,Tunis,En ligne,Paiement mobile,6,546.98,52,2.8,3281.88
5018,2024-12-09,Électronique,Tunis,Magasin,Virement,2,567.33,47,3.4,1134.66
7401,2024-12-09,Jouets,Nabeul,Magasin,Virement,2,41.04,38,3.2,82.08
3257,2024-12-09,Électronique,Sousse,En ligne,Paiement mobile,1,676.31,22,3.4,676.31
2539,2024-12-09,Vêtements,Sousse,Magasin,Espèces,3,76.6,25,4.9,229.8
4609,2024-12-09,Beauté,Tunis,En ligne,Espèces,6,42.88,23,5.0,257.28
3262,2024-12-09,Beauté,Sousse,En ligne,Carte bancaire,4,59.49,18,4.4,237.96
1194,2024-12-09,Alimentation,Sfax,En ligne,Carte bancaire,3,23.87,41,4.6,71.61
1538,2024-12-09,Jouets,Tunis,En ligne,Carte bancaire,1,32.29,18,4.8,32.29
2923,2024-12-09,Meubles,Sfax,Magasin,Paiement mobile,5,229.48,28,2.6,1147.4
5879,2024-12-09,Vêtements,Gabès,En ligne,Espèces,3,74.69,29,3.9,224.07
2105,2024-12-09,Électronique,Bizerte,Magasin,Carte bancaire,5,582.52,24,5.0,2912.6
6904,2024-12-09,Vêtements,Tunis,En ligne,Virement,7,95.32,45,4.7,667.24
1529,2024-12-09,Alimentation,Sousse,En ligne,Carte bancaire,6,17.54,61,4.8,105.24
5222,2024-12-09,Sport,Sfax,En ligne,Carte bancaire,3,96.89,37,5.0,290.67
4519,2024-12-09,Alimentation,Sousse,En ligne,Espèces,3,23.36,24,3.6,70.08
99,2024-12-09,Sport,Sousse,En ligne,Espèces,5,73.46,68,3.1,367.3
1789,2024-12-09,Beauté,Sfax,En ligne,Virement,2,57.17,20,3.5,114.34
3403,2024-12-09,Jouets,Sfax,En ligne,Espèces,4,55.65,64,4.0,222.6
3114,2024-12-09,Alimentation,Kairouan,En ligne,Paiement mobile,2,23.55,21,3.1,47.1
7591,2024-12-09,Alimentation,Sfax,Magasin,Espèces,6,18.57,20,4.6,111.42
1963,2024-12-10,Beauté,Tunis,Magasin,Espèces,4,42.48,34,3.9,169.92
6191,2024-12-10,Meubles,Sfax,Magasin,Virement,1,356.77,18,3.9,356.77
2640,2024-12-10,Sport,Gabès,Magasin,Carte bancaire,5,120.28,68,3.2,601.4
5074,2024-12-10,Beauté,Bizerte,Magasin,Carte bancaire,6,33.79,51,2.7,202.74
2068,2024-12-10,Électronique,Tunis,En ligne,Carte bancaire,6,666.34,55,4.6,3998.04
5377,2024-12-10,Électronique,Sousse,En ligne,Paiement mobile,5,472.6,61,5.0,2363.0
2884,2024-12-10,Jouets,Sfax,En ligne,Carte bancaire,6,34.78,44,3.5,208.68
4321,2024-12-10,Alimentation,Tunis,Magasin,Espèces,6,15.14,51,4.2,90.84
5338,2024-12-10,Électronique,Tunis,En ligne,Paiement mobile,5,685.2,20,3.8,3426.0
96,2024-12-10,Sport,Gabès,En ligne,Espèces,1,94.18,57,4.1,94.18
4446,2024-12-10,Meubles,Nabeul,En ligne,Espèces,7,240.16,50,3.4,1681.12
5124,2024-12-10,Alimentation,Kairouan,En ligne,Espèces,7,13.79,29,3.9,96.53
2178,2024-12-10,Électronique,Kairouan,Magasin,Espèces,6,380.67,32,2.2,2284.02
29,2024-12-10,Électronique,Sfax,Magasin,Carte bancaire,7,405.57,60,2.1,2838.99
4894,2024-12-10,Vêtements,Tunis,Magasin,Carte bancaire,4,44.14,58,4.6,176.56
1644,2024-12-10,Beauté,Sousse,Magasin,Carte bancaire,5,37.96,59,4.2,189.8
6373,2024-12-10,Vêtements,Sousse,Magasin,Carte bancaire,1,44.99,29,4.1,44.99
2434,2024-12-10,Vêtements,Gabès,Magasin,Virement,1,72.74,62,4.0,72.74
2225,2024-12-10,Alimentation,Sousse,En ligne,Espèces,6,29.71,44,4.2,178.26
6359,2024-12-10,Sport,Sfax,En ligne,Carte bancaire,6,64.17,53,4.1,385.02
3813,2024-12-11,Vêtements,Sfax,En ligne,Carte bancaire,7,55.54,57,4.1,388.78
243,2024-12-11,Alimentation,Kairouan,En ligne,Virement,3,17.46,41,4.1,52.38
1161,2024-12-11,Électronique,Bizerte,Magasin,Carte bancaire,4,677.61,32,3.2,2710.44
6074,2024-12-11,Vêtements,Sfax,Magasin,Paiement mobile,6,63.82,35,3.5,382.92
4761,2024-12-11,Alimentation,Tunis,En ligne,Carte bancaire,3,12.25,50,2.2,36.75
54,2024-12-11,Vêtements,Bizerte,Magasin,Espèces,5,65.66,33,4.1,328.3
4734,2024-12-11,Alimentation,Tunis,En ligne,Carte bancaire,6,21.99,46,3.5,131.94
5580,2024-12-11,Électronique,Bizerte,Magasin,Carte bancaire,2,708.89,37,2.8,1417.78
636,2024-12-11,Jouets,Tunis,En ligne,Paiement mobile,4,22.41,25,4.5,89.64
6952,2024-12-11,Alimentation,Kairouan,En ligne,Virement,7,17.05,21,4.8,119.35
853,2024-12-11,Vêtements,Kairouan,En ligne,Carte bancaire,3,37.55,55,5.0,112.65
261,2024-12-11,Électronique,Gabès,Magasin,Espèces,4,611.28,35,4.1,2445.12
438,2024-12-11,Jouets,Tunis,En ligne,Carte bancaire,2,32.09,38,4.1,64.18
1132,2024-12-11,Beauté,Gabès,En ligne,Carte bancaire,2,59.59,54,4.6,119.18
5768,2024-12-11,Alimentation,Sousse,Magasin,Espèces,7,14.74,36,3.8,103.18
136,2024-12-11,Alimentation,Gabès,Magasin,Carte bancaire,7,28.75,32,2.4,201.25
5463,2024-12-11,Beauté,Sousse,En ligne,Virement,5,44.01,43,3.2,220.05
5082,2024-12-11,Jouets,Tunis,En ligne,Paiement mobile,4,23.4,34,3.7,93.6
5926,2024-12-11,Alimentation,Gabès,En ligne,Espèces,7,13.0,22,3.0,91.0
4037,2024-12-11,Meubles,Gabès,En ligne,Carte bancaire,7,185.31,24,5.0,1297.17
7916,2024-12-11,Jouets,Sousse,Magasin,Paiement mobile,1,45.81,56,3.5,45.81
3061,2024-12-12,Électronique,Sousse,En ligne,Espèces,6,474.91,34,4.2,2849.46
2387,2024-12-12,Beauté,Tunis,Magasin,Virement,7,46.48,23,4.0,325.36
6617,2024-12-12,Sport,Nabeul,En ligne,Espèces,7,100.92,32,3.2,706.44
2592,2024-12-12,Meubles,Sousse,En ligne,Paiement mobile,5,230.96,50,3.6,1154.8
7847,2024-12-12,Alimentation,Kairouan,En ligne,Paiement mobile,4,28.77,35,4.2,115.08
3291,2024-12-12,Vêtements,Tunis,Magasin,Paiement mobile,2,73.06,50,4.6,146.12
7400,2024-12-12,Vêtements,Sfax,Magasin,Carte bancaire,3,88.18,49,3.9,264.54
6303,2024-12-12,Jouets,Tunis,Magasin,Paiement mobile,5,50.34,33,3.8,251.7
797,2024-12-12,Électronique,Kairouan,En ligne,Paiement mobile,3,557.39,42,2.3,1672.17
4827,2024-12-12,Vêtements,Sousse,En ligne,Paiement mobile,2,95.68,57,4.8,191.36
1627,2024-12-12,Électronique,Sfax,En ligne,Paiement mobile,4,438.87,61,3.3,1755.48
6314,2024-12-12,Alimentation,Tunis,Magasin,Paiement mobile,7,30.4,22,3.6,212.8
1183,2024-12-12,Meubles,Gabès,Magasin,Carte bancaire,2,401.14,39,3.9,802.28
4701,2024-12-12,Meubles,Bizerte,En ligne,Carte bancaire,4,373.79,43,4.7,1495.16
6312,2024-12-12,Alimentation,Tunis,En ligne,Carte bancaire,6,17.37,38,3.5,104.22
3212,2024-12-12,Vêtements,Tunis,En ligne,Espèces,3,79.02,19,3.4,237.06
2215,2024-12-12,Alimentation,Tunis,Magasin,Paiement mobile,6,30.14,20,5.0,180.84
2327,2024-12-13,Jouets,Sfax,Magasin,Virement,2,29.41,55,4.9,58.82
650,2024-12-13,Alimentation,Bizerte,Magasin,Carte bancaire,1,21.96,45,3.9,21.96
6994,2024-12-13,Sport,Sfax,En ligne,Espèces,2,106.39,69,4.5,212.78
6257,2024-12-13,Jouets,Bizerte,En ligne,Carte bancaire,6,24.23,36,3.5,145.38
763,2024-12-13,Jouets,Bizerte,En ligne,Carte bancaire,6,49.97,42,4.3,299.82
2642,2024-12-13,Beauté,Tunis,En ligne,Virement,2,34.14,39,3.5,68.28
7744,2024-12-13,Jouets,Sfax,En ligne,Virement,6,36.11,61,5.0,216.66
690,2024-12-13,Sport,Bizerte,En ligne,Carte bancaire,1,102.17,35,3.0,102.17
1854,2024-12-13,Alimentation,Gabès,En ligne,Paiement mobile,4,27.74,69,3.7,110.96
4400,2024-12-13,Électronique,Sousse,En ligne,Espèces,5,605.31,20,2.9,3026.55
4498,2024-12-13,Alimentation,Nabeul,En ligne,Espèces,5,18.11,27,3.3,90.55
5713,2024-12-13,Vêtements,Nabeul,En ligne,Paiement mobile,6,83.31,36,2.3,499.86
5979,2024-12-13,Meubles,Nabeul,En ligne,Espèces,6,307.49,58,3.8,1844.94
172,2024-12-13,Alimentation,Tunis,En ligne,Carte bancaire,1,14.85,20,3.1,14.85
5994,2024-12-13,Vêtements,Nabeul,En ligne,Espèces,7,61.82,20,4.8,432.74
3204,2024-12-13,Électronique,Nabeul,Magasin,Carte bancaire,6,426.69,20,3.3,2560.14
6151,2024-12-13,Alimentation,Nabeul,En ligne,Carte bancaire,2,19.08,18,3.1,38.16
4706,2024-12-13,Alimentation,Tunis,En ligne,Carte bancaire,4,25.41,48,2.2,101.64
239,2024-12-14,Électronique,Sfax,Magasin,Espèces,6,672.93,26,2.8,4037.58
461,2024-12-14,Alimentation,Tunis,En ligne,Carte bancaire,1,26.99,58,3.7,26.99
4043,2024-12-14,Électronique,Kairouan,En ligne,Paiement mobile,1,564.8,59,3.9,564.8
1619,2024-12-14,Électronique,Gabès,Magasin,Carte bancaire,6,374.97,34,4.6,2249.82
3549,2024-12-14,Alimentation,Tunis,En ligne,Carte bancaire,4,24.62,25,3.2,98.48
291,2024-12-14,Vêtements,Sfax,Magasin,Espèces,4,37.37,55,3.9,149.48
3681,2024-12-14,Jouets,Gabès,Magasin,Paiement mobile,6,47.23,58,4.8,283.38
5119,2024-12-14,Sport,Nabeul,En ligne,Espèces,3,121.34,36,3.3,364.02
7805,2024-12-14,Alimentation,Nabeul,En ligne,Carte bancaire,1,30.47,38,3.6,30.47
1034,2024-12-14,Vêtements,Sousse,En ligne,Carte bancaire,5,83.21,24,4.0,416.05
6158,2024-12-14,Alimentation,Kairouan,Magasin,Carte bancaire,3,20.75,56,3.6,62.25
4012,2024-12-14,Alimentation,Sousse,En ligne,Espèces,1,29.56,36,4.5,29.56
6610,2024-12-14,Alimentation,Tunis,En ligne,Carte bancaire,1,29.57,69,5.0,29.57
7383,2024-12-14,Jouets,Sfax,En ligne,Paiement mobile,1,55.73,25,3.7,55.73
1550,2024-12-14,Vêtements,Kairouan,En ligne,Virement,5,45.44,42,4.6,227.2
5352,2024-12-14,Sport,Tunis,En ligne,Virement,1,72.91,56,4.8,72.91
340,2024-12-14,Meubles,Kairouan,Magasin,Carte bancaire,7,286.42,26,4.5,2004.94
2806,2024-12-14,Meubles,Sfax,Magasin,Carte bancaire,3,414.8,54,3.2,1244.4
1488,2024-12-14,Alimentation,Gabès,Magasin,Virement,6,30.45,20,3.1,182.7
2425,2024-12-14,Beauté,Nabeul,Magasin,Carte bancaire,7,38.51,46,4.4,269.57
7864,2024-12-14,Beauté,Gabès,En ligne,Espèces,3,49.84,37,4.3,149.52
2,2024-12-14,Jouets,Tunis,En ligne,Carte bancaire,2,46.32,42,3.3,92.64
1771,2024-12-14,Alimentation,Sfax,Magasin,Espèces,3,15.27,44,4.4,45.81
5614,2024-12-14,Sport,Kairouan,Magasin,Virement,1,66.73,54,3.6,66.73
1250,2024-12-14,Jouets,Bizerte,En ligne,Paiement mobile,1,22.02,38,4.3,22.02
2179,2024-12-15,Alimentation,Gabès,En ligne,Espèces,2,25.77,65,3.6,51.54
5494,2024-12-15,Jouets,Tunis,En ligne,Carte bancaire,1,42.19,27,4.7,42.19
1981,2024-12-15,Beauté,Nabeul,En ligne,Virement,2,34.14,56,3.7,68.28
6640,2024-12-15,Beauté,Sfax,En ligne,Paiement mobile,4,50.71,32,5.0,202.84
3059,2024-12-15,Jouets,Sfax,En ligne,Espèces,3,32.34,30,3.5,97.02
3334,2024-12-15,Alimentation,Nabeul,Magasin,Paiement mobile,4,24.38,58,3.6,97.52
2564,2024-12-15,Jouets,Bizerte,Magasin,Virement,2,54.31,58,4.4,108.62
6094,2024-12-15,Sport,Sousse,Magasin,Virement,1,54.46,42,3.9,54.46
2795,2024-12-15,Vêtements,Tunis,Magasin,Paiement mobile,1,85.2,29,5.0,85.2
5001,2024-12-15,Vêtements,Nabeul,Magasin,Paiement mobile,7,73.22,65,4.2,512.54
2760,2024-12-15,Beauté,Gabès,Magasin,Carte bancaire,2,44.23,68,5.0,88.46
7239,2024-12-15,Alimentation,Tunis,Magasin,Espèces,7,12.51,57,4.7,87.57
7848,2024-12-15,Électronique,Tunis,Magasin,Espèces,3,583.42,47,4.5,1750.26
421,2024-12-15,Meubles,Sfax,Magasin,Paiement mobile,1,279.06,33,5.0,279.06
950,2024-12-15,Alimentation,Gabès,Magasin,Carte bancaire,5,20.48,49,3.9,102.4
4975,2024-12-15,Alimentation,Tunis,Magasin,Espèces,1,14.01,28,4.5,14.01
1907,2024-12-15,Meubles,Tunis,Magasin,Carte bancaire,5,328.43,24,4.7,1642.15
953,2024-12-15,Sport,Bizerte,En ligne,Carte bancaire,2,125.14,51,3.8,250.28
7836,2024-12-15,Alimentation,Tunis,En ligne,Espèces,5,25.77,61,4.1,128.85
867,2024-12-15,Alimentation,Nabeul,Magasin,Paiement mobile,3,18.18,67,4.3,54.54
3893,2024-12-16,Alimentation,Sousse,Magasin,Espèces,7,16.14,64,4.0,112.98
7931,2024-12-16,Alimentation,Sfax,Magasin,Paiement mobile,2,29.42,40,3.1,58.84
5208,2024-12-16,Meubles,Tunis,En ligne,Espèces,1,469.89,66,4.4,469.89
4829,2024-12-16,Électronique,Kairouan,En ligne,Carte bancaire,3,627.33,38,2.5,1881.99
7657,2024-12-16,Jouets,Sfax,En ligne,Carte bancaire,3,52.94,21,4.2,158.82
75,2024-12-16,Vêtements,Gabès,En ligne,Espèces,6,41.98,27,3.0,251.88
6132,2024-12-16,Jouets,Tunis,Magasin,Virement,3,43.67,25,2.6,131.01
2597,2024-12-16,Jouets,Tunis,Magasin,Paiement mobile,2,35.08,54,5.0,70.16
7439,2024-12-16,Jouets,Sfax,En ligne,Espèces,2,25.08,40,4.9,50.16
4114,2024-12-16,Vêtements,Nabeul,Magasin,Paiement mobile,5,90.94,31,4.2,454.7
5298,2024-12-16,Vêtements,Sfax,Magasin,Espèces,7,71.1,27,4.7,497.7
744,2024-12-16,Sport,Nabeul,Magasin,Espèces,1,67.4,55,4.3,67.4
2181,2024-12-16,Vêtements,Bizerte,En ligne,Paiement mobile,5,73.94,49,2.6,369.7
7367,2024-12-16,Jouets,Sfax,Magasin,Espèces,4,22.77,61,5.0,91.08
3944,2024-12-16,Vêtements,Sfax,Magasin,Espèces,3,84.84,54,3.2,254.52
7861,2024-12-16,Électronique,Sousse,En ligne,Carte bancaire,3,319.1,69,4.4,957.3
2050,2024-12-17,Jouets,Sousse,En ligne,Carte bancaire,1,53.84,51,3.9,53.84
3536,2024-12-17,Alimentation,Tunis,Magasin,Espèces,3,13.39,23,4.2,40.17
4526,2024-12-17,Alimentation,Tunis,En ligne,Carte bancaire,6,30.39,22,4.5,182.34
246,2024-12-17,Meubles,Sousse,Magasin,Carte bancaire,3,209.31,47,4.4,627.93
3982,2024-12-17,Sport,Nabeul,Magasin,Virement,1,55.26,62,4.3,55.26
1695,2024-12-17,Alimentation,Tunis,Magasin,Paiement mobile,2,21.01,22,1.4,42.02
5698,2024-12-17,Alimentation,Gabès,En ligne,Carte bancaire,2,15.65,28,4.6,31.3
7186,2024-12-17,Vêtements,Tunis,En ligne,Paiement mobile,5,48.17,58,5.0,240.85
834,2024-12-17,Électronique,Sfax,En ligne,Paiement mobile,3,377.75,48,4.3,1133.25
4349,2024-12-17,Jouets,Nabeul,En ligne,Paiement mobile,3,53.65,53,3.5,160.95
6912,2024-12-17,Vêtements,Tunis,En ligne,Espèces,1,53.56,23,4.2,53.56
4220,2024-12-17,Vêtements,Kairouan,En ligne,Espèces,5,39.31,18,4.1,196.55
3508,2024-12-17,Vêtements,Nabeul,En ligne,Virement,3,93.9,25,4.1,281.7
5465,2024-12-17,Électronique,Kairouan,En ligne,Carte bancaire,2,304.66,57,3.8,609.32
6295,2024-12-17,Électronique,Tunis,En ligne,Carte bancaire,5,330.93,43,5.0,1654.65
6379,2024-12-17,Vêtements,Sousse,Magasin,Paiement mobile,4,43.51,54,5.0,174.04
2565,2024-12-17,Beauté,Bizerte,En ligne,Carte bancaire,5,51.94,30,3.7,259.7
1894,2024-12-17,Meubles,Gabès,En ligne,Carte bancaire,3,252.73,43,5.0,758.19
6599,2024-12-17,Électronique,Sfax,En ligne,Espèces,3,654.03,24,4.5,1962.09
140,2024-12-17,Jouets,Nabeul,En ligne,Carte bancaire,6,42.46,35,4.3,254.76
5771,2024-12-17,Alimentation,Sfax,Magasin,Paiement mobile,4,27.69,37,4.1,110.76
7396,2024-12-17,Beauté,Sfax,Magasin,Virement,6,60.73,27,3.3,364.38
5988,2024-12-18,Sport,Tunis,Magasin,Carte bancaire,7,118.16,26,4.1,827.12
3245,2024-12-18,Vêtements,Bizerte,Magasin,Espèces,1,46.2,45,3.8,46.2
7762,2024-12-18,Alimentation,Tunis,Magasin,Carte bancaire,5,14.79,49,2.8,73.95
1062,2024-12-18,Jouets,Sousse,Magasin,Virement,5,23.32,69,3.2,116.6
1636,2024-12-18,Beauté,Nabeul,En ligne,Paiement mobile,2,49.93,35,3.5,99.86
1904,2024-12-18,Alimentation,Sousse,En ligne,Carte bancaire,2,27.96,39,5.0,55.92
7326,2024-12-18,Électronique,Nabeul,En ligne,Espèces,1,299.82,46,3.7,299.82
2275,2024-12-18,Électronique,Nabeul,En ligne,Espèces,7,291.49,23,4.1,2040.43
2271,2024-12-18,Meubles,Nabeul,En ligne,Carte bancaire,7,266.32,48,3.7,1864.24
4449,2024-12-18,Vêtements,Tunis,Magasin,Carte bancaire,1,89.88,41,5.0,89.88
7529,2024-12-18,Beauté,Kairouan,En ligne,Paiement mobile,7,34.18,57,3.0,239.26
2656,2024-12-18,Beauté,Sfax,En ligne,Carte bancaire,2,58.46,27,4.0,116.92
1823,2024-12-18,Alimentation,Nabeul,En ligne,Carte bancaire,6,19.75,32,5.0,118.5
5850,2024-12-18,Vêtements,Nabeul,Magasin,Carte bancaire,3,88.29,44,4.0,264.87
1095,2024-12-18,Jouets,Gabès,En ligne,Carte bancaire,6,41.77,65,3.5,250.62
3020,2024-12-18,Électronique,Sousse,En ligne,Paiement mobile,5,635.88,23,4.3,3179.4
3486,2024-12-19,Alimentation,Tunis,Magasin,Carte bancaire,4,30.13,51,5.0,120.52
3462,2024-12-19,Alimentation,Sfax,En ligne,Carte bancaire,1,15.14,61,4.7,15.14
2897,2024-12-19,Vêtements,Tunis,Magasin,Paiement mobile,4,43.8,37,4.4,175.2
3361,2024-12-19,Jouets,Sousse,Magasin,Virement,3,44.48,48,3.2,133.44
2683,2024-12-19,Vêtements,Tunis,En ligne,Carte bancaire,1,81.91,18,4.4,81.91
3673,2024-12-19,Électronique,Tunis,En ligne,Carte bancaire,3,486.91,59,5.0,1460.73
6598,2024-12-19,Vêtements,Gabès,Magasin,Paiement mobile,5,77.91,23,3.6,389.55
3101,2024-12-19,Vêtements,Nabeul,Magasin,Carte bancaire,7,50.57,45,3.7,353.99
390,2024-12-19,Alimentation,Bizerte,Magasin,Paiement mobile,4,14.0,21,5.0,56.0
3448,2024-12-19,Électronique,Sousse,Magasin,Carte bancaire,7,398.63,41,4.6,2790.41
6703,2024-12-19,Jouets,Sousse,En ligne,Espèces,1,42.05,32,4.2,42.05
2303,2024-12-19,Beauté,Sfax,Magasin,Carte bancaire,1,27.23,29,4.0,27.23
1679,2024-12-19,Électronique,Nabeul,Magasin,Paiement mobile,5,479.75,52,3.9,2398.75
3971,2024-12-19,Jouets,Tunis,En ligne,Carte bancaire,7,45.52,56,3.2,318.64
4062,2024-12-19,Jouets,Gabès,En ligne,Espèces,6,48.08,41,4.6,288.48
4597,2024-12-19,Beauté,Tunis,En ligne,Espèces,7,52.91,38,5.0,370.37
7114,2024-12-19,Électronique,Gabès,En ligne,Carte bancaire,6,484.36,40,2.6,2906.16
7127,2024-12-19,Meubles,Sfax,Magasin,Carte bancaire,1,301.85,29,3.6,301.85
7392,2024-12-19,Sport,Bizerte,En ligne,Espèces,6,116.65,57,4.3,699.9
1923,2024-12-19,Alimentation,Kairouan,En ligne,Espèces,1,12.99,29,4.2,12.99
1423,2024-12-19,Sport,Sousse,En ligne,Carte bancaire,3,120.13,45,3.9,360.39
4471,2024-12-19,Électronique,Tunis,Magasin,Carte bancaire,2,502.8,35,4.6,1005.6
7543,2024-12-19,Électronique,Sfax,En ligne,Espèces,4,523.67,20,4.1,2094.68
1625,2024-12-19,Meubles,Kairouan,En ligne,Carte bancaire,5,268.55,19,3.9,1342.75
1940,2024-12-20,Sport,Tunis,En ligne,Paiement mobile,1,82.03,34,4.7,82.03
5258,2024-12-20,Vêtements,Gabès,En ligne,Espèces,3,80.23,35,4.2,240.69
7294,2024-12-20,Vêtements,Bizerte,Magasin,Carte bancaire,2,65.43,48,5.0,130.86
6048,2024-12-20,Alimentation,Tunis,En ligne,Carte bancaire,2,25.34,18,5.0,50.68
4845,2024-12-20,Jouets,Sousse,Magasin,Carte bancaire,1,35.9,62,4.0,35.9
5557,2024-12-20,Électronique,Tunis,Magasin,Espèces,2,582.7,62,3.5,1165.4
3742,2024-12-20,Alimentation,Sousse,Magasin,Paiement mobile,2,20.74,19,4.4,41.48
2121,2024-12-20,Jouets,Sousse,En ligne,Espèces,3,24.57,21,3.1,73.71
5853,2024-12-20,Alimentation,Gabès,En ligne,Carte bancaire,2,26.21,36,2.3,52.42
5450,2024-12-20,Vêtements,Tunis,En ligne,Espèces,5,56.86,30,3.2,284.3
5949,2024-12-20,Jouets,Sfax,En ligne,Paiement mobile,7,38.72,33,3.8,271.04
878,2024-12-20,Vêtements,Bizerte,En ligne,Paiement mobile,4,74.44,22,4.5,297.76
3090,2024-12-20,Électronique,Sfax,Magasin,Carte bancaire,3,645.94,20,4.4,1937.82
3602,2024-12-20,Vêtements,Tunis,En ligne,Virement,1,49.09,39,5.0,49.09
5030,2024-12-20,Électronique,Tunis,En ligne,Espèces,4,615.24,56,2.7,2460.96
423,2024-12-20,Vêtements,Gabès,Magasin,Carte bancaire,7,58.98,24,4.6,412.86
377,2024-12-20,Sport,Sfax,En ligne,Paiement mobile,4,54.2,28,4.9,216.8
1304,2024-12-20,Vêtements,Sousse,En ligne,Carte bancaire,1,76.44,60,4.2,76.44
6974,2024-12-20,Électronique,Bizerte,En ligne,Espèces,5,425.09,66,3.6,2125.45
558,2024-12-20,Vêtements,Kairouan,En ligne,Virement,3,88.88,62,1.4,266.64
3231,2024-12-20,Électronique,Sfax,Magasin,Espèces,1,397.62,33,4.2,397.62
7736,2024-12-20,Vêtements,Bizerte,En ligne,Espèces,7,61.74,25,4.7,432.18
3950,2024-12-20,Vêtements,Tunis,Magasin,Virement,6,50.71,59,4.5,304.26
6346,2024-12-20,Sport,Sfax,En ligne,Paiement mobile,3,107.59,67,5.0,322.77
4721,2024-12-20,Meubles,Kairouan,En ligne,Carte bancaire,5,459.39,50,4.5,2296.95
3777,2024-12-21,Vêtements,Nabeul,En ligne,Virement,4,52.73,53,4.4,210.92
2755,2024-12-21,Alimentation,Gabès,En ligne,Paiement mobile,1,15.03,57,4.9,15.03
1342,2024-12-21,Alimentation,Tunis,Magasin,Carte bancaire,5,12.89,48,4.1,64.45
7056,2024-12-21,Vêtements,Kairouan,En ligne,Paiement mobile,3,70.66,21,5.0,211.98
1143,2024-12-21,Vêtements,Sousse,En ligne,Carte bancaire,6,59.42,59,3.7,356.52
6982,2024-12-21,Sport,Gabès,En ligne,Paiement mobile,4,72.24,45,4.4,288.96
5643,2024-12-21,Vêtements,Sfax,En ligne,Carte bancaire,3,87.48,22,3.9,262.44
2812,2024-12-21,Vêtements,Sousse,En ligne,Virement,4,70.88,63,5.0,283.52
1881,2024-12-21,Électronique,Sousse,Magasin,Espèces,4,338.26,31,3.1,1353.04
6977,2024-12-21,Alimentation,Kairouan,Magasin,Carte bancaire,5,20.89,54,3.7,104.45
7456,2024-12-21,Électronique,Sfax,Magasin,Virement,3,596.99,38,3.7,1790.97
4840,2024-12-21,Vêtements,Tunis,En ligne,Carte bancaire,1,67.56,58,3.5,67.56
3800,2024-12-21,Électronique,Tunis,Magasin,Virement,3,514.19,47,4.1,1542.57
1647,2024-12-21,Vêtements,Tunis,En ligne,Carte bancaire,4,73.97,39,5.0,295.88
999,2024-12-21,Alimentation,Sfax,En ligne,Carte bancaire,2,29.98,50,4.1,59.96
1664,2024-12-21,Vêtements,Sfax,Magasin,Carte bancaire,6,60.45,26,4.4,362.7
4367,2024-12-21,Beauté,Sfax,En ligne,Virement,4,33.9,59,5.0,135.6
5651,2024-12-21,Vêtements,Sfax,En ligne,Carte bancaire,1,85.85,66,3.4,85.85
5810,2024-12-21,Beauté,Nabeul,Magasin,Paiement mobile,5,58.12,61,2.9,290.6
4778,2024-12-21,Meubles,Sfax,Magasin,Paiement mobile,1,341.85,32,4.6,341.85
4145,2024-12-22,Vêtements,Tunis,En ligne,Carte bancaire,1,69.18,28,3.4,69.18
4785,2024-12-22,Sport,Tunis,En ligne,Paiement mobile,4,69.62,24,5.0,278.48
6620,2024-12-22,Électronique,Nabeul,En ligne,Paiement mobile,2,333.9,31,4.4,667.8
6087,2024-12-22,Alimentation,Gabès,Magasin,Carte bancaire,4,13.64,19,5.0,54.56
7719,2024-12-22,Sport,Bizerte,En ligne,Espèces,1,70.69,24,4.1,70.69
1586,2024-12-22,Jouets,Kairouan,Magasin,Carte bancaire,7,35.56,55,5.0,248.92
7324,2024-12-22,Vêtements,Tunis,Magasin,Espèces,2,78.67,32,4.0,157.34
3959,2024-12-22,Beauté,Tunis,Magasin,Virement,5,24.72,41,4.1,123.6
5796,2024-12-22,Vêtements,Bizerte,Magasin,Paiement mobile,4,84.47,54,3.5,337.88
3424,2024-12-22,Beauté,Tunis,Magasin,Paiement mobile,3,36.17,49,3.7,108.51
1743,2024-12-22,Électronique,Nabeul,En ligne,Carte bancaire,1,623.47,58,5.0,623.47
4716,2024-12-22,Beauté,Sousse,En ligne,Espèces,5,47.15,51,3.3,235.75
3343,2024-12-22,Vêtements,Sfax,En ligne,Espèces,2,56.18,53,4.0,112.36
4177,2024-12-22,Jouets,Bizerte,En ligne,Paiement mobile,4,36.97,40,2.1,147.88
699,2024-12-22,Jouets,Nabeul,En ligne,Carte bancaire,2,22.95,66,4.5,45.9
482,2024-12-22,Meubles,Gabès,En ligne,Virement,7,225.44,59,4.1,1578.08
3175,2024-12-22,Alimentation,Bizerte,Magasin,Carte bancaire,7,30.16,18,5.0,211.12
4124,2024-12-22,Alimentation,Gabès,Magasin,Espèces,2,18.79,56,4.6,37.58
7073,2024-12-22,Vêtements,Sousse,Magasin,Carte bancaire,4,68.63,45,3.6,274.52
7687,2024-12-22,Électronique,Sfax,En ligne,Virement,6,419.49,26,5.0,2516.94
541,2024-12-22,Électronique,Nabeul,En ligne,Carte bancaire,4,560.18,28,3.8,2240.72
7474,2024-12-23,Beauté,Bizerte,Magasin,Carte bancaire,4,31.01,35,3.2,124.04
6486,2024-12-23,Alimentation,Gabès,Magasin,Carte bancaire,5,31.98,51,4.4,159.9
3612,2024-12-23,Alimentation,Tunis,Magasin,Carte bancaire,7,13.3,33,4.2,93.1
3964,2024-12-23,Beauté,Gabès,Magasin,Carte bancaire,3,48.36,51,3.6,145.08
3619,2024-12-23,Électronique,Sfax,Magasin,Carte bancaire,4,437.52,45,4.9,1750.08
7943,2024-12-23,Vêtements,Tunis,En ligne,Virement,7,68.71,35,4.8,480.97
4985,2024-12-23,Électronique,Sousse,En ligne,Espèces,2,500.25,61,3.5,1000.5
3600,2024-12-23,Jouets,Sfax,En ligne,Paiement mobile,7,46.65,69,4.4,326.55
746,2024-12-23,Alimentation,Tunis,Magasin,Espèces,2,18.07,19,4.5,36.14
6003,2024-12-23,Alimentation,Bizerte,Magasin,Carte bancaire,6,26.13,25,3.9,156.78
5351,2024-12-23,Électronique,Sfax,En ligne,Paiement mobile,7,659.04,29,4.2,4613.28
686,2024-12-23,Électronique,Gabès,Magasin,Carte bancaire,3,355.7,37,5.0,1067.1
7875,2024-12-23,Beauté,Bizerte,En ligne,Carte bancaire,7,55.93,69,4.0,391.51
2051,2024-12-23,Vêtements,Nabeul,Magasin,Paiement mobile,1,42.44,27,3.3,42.44
7664,2024-12-23,Jouets,Sfax,Magasin,Carte bancaire,6,38.48,63,4.8,230.88
5959,2024-12-23,Vêtements,Sfax,En ligne,Carte bancaire,7,53.95,31,4.4,377.65
7831,2024-12-23,Vêtements,Tunis,Magasin,Paiement mobile,6,86.84,41,5.0,521.04
4437,2024-12-23,Vêtements,Sfax,En ligne,Paiement mobile,2,59.27,34,5.0,118.54
2456,2024-12-24,Électronique,Bizerte,Magasin,Espèces,3,522.22,25,4.7,1566.66
1241,2024-12-24,Électronique,Tunis,En ligne,Paiement mobile,7,419.03,28,4.1,2933.21
4035,2024-12-24,Vêtements,Tunis,En ligne,Carte bancaire,3,43.39,37,4.1,130.17
3456,2024-12-24,Jouets,Gabès,En ligne,Paiement mobile,4,21.22,43,3.2,84.88
1515,2024-12-24,Sport,Tunis,En ligne,Espèces,7,75.99,65,4.2,531.93
6462,2024-12-24,Jouets,Kairouan,Magasin,Paiement mobile,3,23.18,53,4.4,69.54
132,2024-12-24,Électronique,Sousse,En ligne,Carte bancaire,6,623.18,69,3.6,3739.08
5955,2024-12-24,Sport,Gabès,Magasin,Virement,2,56.27,37,3.6,112.54
5792,2024-12-24,Alimentation,Tunis,Magasin,Carte bancaire,1,28.05,62,5.0,28.05
181,2024-12-24,Sport,Sousse,En ligne,Paiement mobile,7,57.25,47,5.0,400.75
2719,2024-12-24,Alimentation,Nabeul,Magasin,Carte bancaire,2,16.12,33,4.1,32.24
7665,2024-12-24,Meubles,Sousse,Magasin,Espèces,2,468.12,31,2.9,936.24
3739,2024-12-24,Meubles,Kairouan,En ligne,Carte bancaire,4,224.61,26,4.3,898.44
2785,2024-12-24,Électronique,Sfax,Magasin,Carte bancaire,4,409.61,32,3.5,1638.44
1847,2024-12-24,Beauté,Tunis,Magasin,Paiement mobile,5,26.92,63,3.8,134.6
5159,2024-12-24,Vêtements,Sfax,Magasin,Carte bancaire,4,88.93,41,2.8,355.72
1324,2024-12-24,Électronique,Gabès,Magasin,Espèces,1,335.54,18,3.5,335.54
5229,2024-12-24,Vêtements,Sfax,En ligne,Espèces,3,48.65,50,3.2,145.95
6530,2024-12-24,Sport,Tunis,Magasin,Carte bancaire,3,116.73,50,4.3,350.19
1834,2024-12-24,Sport,Sousse,Magasin,Espèces,7,121.54,45,5.0,850.78
7112,2024-12-24,Vêtements,Tunis,Magasin,Espèces,3,85.55,68,2.4,256.65
6371,2024-12-25,Meubles,Nabeul,Magasin,Carte bancaire,5,329.72,45,2.5,1648.6
4005,2024-12-25,Vêtements,Tunis,En ligne,Espèces,5,47.95,35,4.4,239.75
4997,2024-12-25,Vêtements,Tunis,En ligne,Carte bancaire,3,78.65,40,3.9,235.95
1841,2024-12-25,Meubles,Sousse,En ligne,Virement,7,238.13,54,3.4,1666.91
4668,2024-12-25,Alimentation,Gabès,En ligne,Carte bancaire,7,16.45,65,4.8,115.15
252,2024-12-25,Vêtements,Kairouan,En ligne,Paiement mobile,2,66.98,61,4.2,133.96
5443,2024-12-25,Électronique,Gabès,En ligne,Paiement mobile,7,699.35,31,4.3,4895.45
122,2024-12-25,Alimentation,Tunis,En ligne,Carte bancaire,1,14.15,31,3.2,14.15
3891,2024-12-25,Alimentation,Sousse,Magasin,Paiement mobile,3,24.41,26,3.8,73.23
1677,2024-12-25,Vêtements,Sfax,En ligne,Espèces,4,47.44,30,2.8,189.76
1126,2024-12-25,Alimentation,Kairouan,Magasin,Carte bancaire,4,31.38,51,4.6,125.52
5358,2024-12-25,Alimentation,Nabeul,En ligne,Carte bancaire,5,24.88,39,2.9,124.4
2629,2024-12-25,Jouets,Bizerte,En ligne,Carte bancaire,4,41.52,49,5.0,166.08
5260,2024-12-25,Meubles,Tunis,Magasin,Virement,1,342.92,18,2.5,342.92
359,2024-12-25,Vêtements,Tunis,Magasin,Paiement mobile,6,56.21,30,4.4,337.26
5332,2024-12-25,Électronique,Tunis,En ligne,Virement,7,369.92,57,4.5,2589.44
63,2024-12-25,Jouets,Kairouan,En ligne,Paiement mobile,4,52.71,38,4.6,210.84
1212,2024-12-25,Vêtements,Sousse,En ligne,Carte bancaire,2,80.46,45,3.1,160.92
14,2024-12-25,Meubles,Sfax,En ligne,Paiement mobile,2,403.39,35,3.8,806.78
5281,2024-12-25,Électronique,Sousse,Magasin,Carte bancaire,5,674.77,18,4.4,3373.85
830,2024-12-25,Électronique,Gabès,Magasin,Paiement mobile,5,713.95,54,2.8,3569.75
2576,2024-12-25,Vêtements,Tunis,Magasin,Carte bancaire,4,93.87,48,4.8,375.48
2332,2024-12-25,Sport,Tunis,En ligne,Carte bancaire,3,65.66,57,4.6,196.98
3370,2024-12-25,Sport,Sfax,Magasin,Paiement mobile,1,56.7,67,4.3,56.7
3213,2024-12-26,Alimentation,Bizerte,En ligne,Paiement mobile,5,12.91,62,2.4,64.55
1205,2024-12-26,Vêtements,Gabès,En ligne,Virement,6,48.78,23,3.2,292.68
7997,2024-12-26,Sport,Bizerte,En ligne,Espèces,3,97.84,44,4.7,293.52
6597,2024-12-26,Vêtements,Sfax,Magasin,Carte bancaire,2,49.29,50,3.9,98.58
3190,2024-12-26,Électronique,Tunis,En ligne,Carte bancaire,1,306.49,67,4.1,306.49
3154,2024-12-26,Électronique,Sfax,Magasin,Espèces,3,518.31,53,5.0,1554.93
2352,2024-12-26,Sport,Kairouan,Magasin,Espèces,1,54.49,55,5.0,54.49
1896,2024-12-26,Alimentation,Bizerte,En ligne,Carte bancaire,7,19.89,32,3.3,139.23
6802,2024-12-26,Électronique,Gabès,En ligne,Virement,5,475.9,41,3.5,2379.5
648,2024-12-26,Meubles,Bizerte,En ligne,Virement,1,309.36,56,3.9,309.36
1982,2024-12-26,Électronique,Sfax,Magasin,Carte bancaire,4,555.04,20,4.3,2220.16
559,2024-12-26,Beauté,Sfax,Magasin,Espèces,7,59.78,52,3.7,418.46
6479,2024-12-26,Sport,Kairouan,Magasin,Paiement mobile,3,87.03,44,4.2,261.09
4301,2024-12-26,Vêtements,Tunis,Magasin,Virement,3,55.22,31,5.0,165.66
6380,2024-12-26,Électronique,Nabeul,Magasin,Paiement mobile,2,610.07,26,2.9,1220.14
2078,2024-12-26,Alimentation,Nabeul,En ligne,Virement,5,19.67,31,2.6,98.35
1037,2024-12-26,Alimentation,Bizerte,Magasin,Carte bancaire,7,19.84,38,3.6,138.88
3911,2024-12-26,Électronique,Tunis,Magasin,Paiement mobile,6,665.38,49,2.9,3992.28
3748,2024-12-26,Électronique,Sousse,En ligne,Carte bancaire,1,579.23,26,3.5,579.23
5748,2024-12-26,Sport,Tunis,En ligne,Carte bancaire,2,67.43,55,4.8,134.86
3676,2024-12-26,Vêtements,Kairouan,Magasin,Espèces,3,47.42,38,5.0,142.26
7321,2024-12-27,Électronique,Gabès,En ligne,Paiement mobile,4,333.62,53,5.0,1334.48
3227,2024-12-27,Beauté,Sousse,En ligne,Espèces,5,54.53,63,4.7,272.65
2196,2024-12-27,Meubles,Nabeul,Magasin,Carte bancaire,7,328.21,64,2.9,2297.47
7146,2024-12-27,Alimentation,Sousse,En ligne,Espèces,4,19.49,54,3.0,77.96
7776,2024-12-27,Vêtements,Tunis,En ligne,Virement,2,71.97,27,3.0,143.94
2682,2024-12-27,Électronique,Tunis,Magasin,Virement,1,670.2,43,2.4,670.2
1351,2024-12-27,Vêtements,Tunis,Magasin,Carte bancaire,7,68.82,54,4.6,481.74
3980,2024-12-27,Vêtements,Bizerte,En ligne,Carte bancaire,6,43.81,54,3.3,262.86
1869,2024-12-27,Beauté,Sousse,En ligne,Carte bancaire,2,60.17,27,4.7,120.34
4084,2024-12-27,Alimentation,Tunis,Magasin,Virement,1,28.05,63,3.0,28.05
6687,2024-12-27,Sport,Tunis,Magasin,Paiement mobile,4,121.85,53,3.5,487.4
2671,2024-12-27,Meubles,Sfax,Magasin,Espèces,4,415.12,49,5.0,1660.48
7289,2024-12-27,Vêtements,Tunis,Magasin,Carte bancaire,2,67.04,25,4.3,134.08
4530,2024-12-27,Vêtements,Tunis,En ligne,Carte bancaire,2,71.95,27,4.2,143.9
3884,2024-12-27,Électronique,Nabeul,En ligne,Carte bancaire,3,402.89,47,4.8,1208.67
5757,2024-12-28,Électronique,Sfax,Magasin,Carte bancaire,4,278.11,46,2.8,1112.44
899,2024-12-28,Vêtements,Tunis,Magasin,Paiement mobile,7,95.02,31,4.9,665.14
5323,2024-12-28,Vêtements,Nabeul,Magasin,Carte bancaire,2,66.0,43,2.5,132.0
6294,2024-12-28,Électronique,Tunis,En ligne,Carte bancaire,4,616.29,47,4.3,2465.16
1134,2024-12-28,Alimentation,Kairouan,Magasin,Paiement mobile,3,22.74,24,3.8,68.22
6654,2024-12-28,Meubles,Nabeul,Magasin,Carte bancaire,5,455.05,29,4.5,2275.25
4483,2024-12-28,Meubles,Kairouan,En ligne,Carte bancaire,3,462.75,49,5.0,1388.25
3253,2024-12-28,Électronique,Sfax,Magasin,Carte bancaire,5,306.03,20,3.3,1530.15
6970,2024-12-28,Électronique,Sousse,En ligne,Espèces,6,690.02,52,5.0,4140.12
2986,2024-12-28,Vêtements,Tunis,En ligne,Carte bancaire,7,90.19,44,3.5,631.33
1660,2024-12-28,Meubles,Bizerte,En ligne,Carte bancaire,5,266.69,29,3.7,1333.45
2859,2024-12-28,Électronique,Nabeul,Magasin,Carte bancaire,3,476.75,41,4.8,1430.25
4459,2024-12-28,Meubles,Sfax,En ligne,Espèces,4,454.08,62,3.1,1816.32
5447,2024-12-28,Électronique,Tunis,Magasin,Virement,1,464.55,64,4.0,464.55
1642,2024-12-28,Meubles,Sfax,Magasin,Virement,7,199.55,23,1.7,1396.85
3410,2024-12-28,Électronique,Gabès,Magasin,Carte bancaire,5,274.76,67,4.3,1373.8
1370,2024-12-28,Alimentation,Sfax,Magasin,Virement,2,22.86,54,3.3,45.72
4589,2024-12-28,Jouets,Sousse,En ligne,Espèces,4,53.43,45,5.0,213.72
6718,2024-12-28,Alimentation,Tunis,Magasin,Carte bancaire,1,12.14,51,4.6,12.14
2334,2024-12-29,Meubles,Sfax,Magasin,Espèces,2,336.54,41,3.4,673.08
4645,2024-12-29,Jouets,Sousse,En ligne,Espèces,5,40.3,25,3.0,201.5
1484,2024-12-29,Jouets,Tunis,En ligne,Carte bancaire,6,53.68,27,4.5,322.08
631,2024-12-29,Électronique,Nabeul,Magasin,Carte bancaire,3,512.05,46,4.0,1536.15
5583,2024-12-29,Alimentation,Kairouan,En ligne,Virement,1,28.74,64,4.3,28.74
5178,2024-12-29,Beauté,Sfax,En ligne,Carte bancaire,5,52.94,68,3.8,264.7
1306,2024-12-29,Vêtements,Gabès,Magasin,Carte bancaire,5,68.19,34,3.9,340.95
38,2024-12-29,Vêtements,Tunis,Magasin,Carte bancaire,6,95.68,18,3.8,574.08
4013,2024-12-29,Alimentation,Gabès,En ligne,Carte bancaire,7,15.03,63,3.5,105.21
2145,2024-12-29,Vêtements,Sousse,En ligne,Carte bancaire,4,74.93,29,4.0,299.72
1186,2024-12-29,Alimentation,Bizerte,En ligne,Virement,4,25.31,57,4.5,101.24
3360,2024-12-29,Électronique,Kairouan,Magasin,Espèces,3,553.27,45,3.5,1659.81
2828,2024-12-29,Alimentation,Kairouan,Magasin,Carte bancaire,4,18.02,52,4.9,72.08
4932,2024-12-29,Vêtements,Nabeul,Magasin,Virement,2,58.85,52,4.8,117.7
3725,2024-12-29,Électronique,Tunis,En ligne,Paiement mobile,7,333.15,58,4.5,2332.05
7101,2024-12-29,Meubles,Tunis,En ligne,Paiement mobile,6,279.32,23,5.0,1675.92
1914,2024-12-29,Jouets,Bizerte,Magasin,Carte bancaire,2,46.84,38,3.1,93.68
3032,2024-12-29,Meubles,Sfax,En ligne,Espèces,4,431.7,20,4.1,1726.8
2676,2024-12-29,Électronique,Tunis,En ligne,Virement,5,402.48,67,4.9,2012.4
5325,2024-12-29,Vêtements,Sousse,Magasin,Espèces,7,52.86,49,4.4,370.02
6115,2024-12-29,Alimentation,Tunis,Magasin,Paiement mobile,7,30.22,41,4.8,211.54
2836,2024-12-29,Jouets,Nabeul,En ligne,Carte bancaire,6,42.61,19,4.3,255.66
3031,2024-12-29,Alimentation,Nabeul,En ligne,Carte bancaire,5,22.35,42,3.4,111.75
5902,2024-12-29,Vêtements,Tunis,En ligne,Espèces,4,75.6,36,4.9,302.4
5480,2024-12-29,Alimentation,Sfax,Magasin,Virement,5,22.34,53,4.4,111.7
4979,2024-12-29,Meubles,Sfax,En ligne,Carte bancaire,4,277.16,23,2.8,1108.64
619,2024-12-30,Sport,Sousse,En ligne,Paiement mobile,2,103.9,65,3.9,207.8
4112,2024-12-30,Électronique,Bizerte,Magasin,Carte bancaire,4,698.19,60,3.0,2792.76
1101,2024-12-30,Électronique,Sfax,En ligne,Paiement mobile,1,333.37,59,5.0,333.37
7459,2024-12-30,Alimentation,Tunis,Magasin,Carte bancaire,7,31.98,34,4.2,223.86
1682,2024-12-30,Beauté,Bizerte,En ligne,Paiement mobile,5,24.65,40,3.7,123.25
3527,2024-12-30,Électronique,Sousse,En ligne,Carte bancaire,4,576.11,58,4.2,2304.44
2982,2024-12-30,Beauté,Sfax,En ligne,Paiement mobile,6,29.71,60,3.4,178.26
3443,2024-12-30,Jouets,Nabeul,En ligne,Espèces,5,38.5,27,3.4,192.5
313,2024-12-30,Vêtements,Sfax,Magasin,Espèces,3,77.13,62,3.6,231.39
6928,2024-12-30,Sport,Gabès,Magasin,Carte bancaire,2,80.16,23,3.2,160.32
4826,2024-12-30,Jouets,Sfax,Magasin,Carte bancaire,4,45.6,64,5.0,182.4
2102,2024-12-30,Beauté,Tunis,Magasin,Carte bancaire,1,50.19,61,4.1,50.19
7341,2024-12-30,Électronique,Tunis,En ligne,Espèces,5,443.47,57,3.1,2217.35
5077,2024-12-30,Meubles,Tunis,En ligne,Espèces,3,366.88,18,3.6,1100.64
4052,2024-12-30,Beauté,Kairouan,Magasin,Virement,4,47.3,27,3.5,189.2
7970,2024-12-30,Jouets,Bizerte,Magasin,Paiement mobile,5,25.09,22,3.9,125.45
890,2024-12-30,Beauté,Kairouan,En ligne,Paiement mobile,5,37.42,35,3.2,187.1
7606,2024-12-30,Alimentation,Kairouan,En ligne,Paiement mobile,6,30.66,19,3.5,183.96
1450,2024-12-30,Vêtements,Sousse,En ligne,Paiement mobile,5,49.54,32,4.9,247.7
720,2024-12-30,Alimentation,Bizerte,Magasin,Virement,6,18.7,47,4.6,112.2
941,2024-12-30,Sport,Nabeul,Magasin,Espèces,5,65.05,41,2.9,325.25
1403,2024-12-30,Alimentation,Sfax,En ligne,Espèces,7,29.31,56,3.9,205.17
5819,2024-12-30,Alimentation,Tunis,Magasin,Carte bancaire,1,20.92,45,4.5,20.92
420,2024-12-30,Vêtements,Kairouan,En ligne,Paiement mobile,7,84.33,28,3.7,590.31
2800,2024-12-30,Sport,Bizerte,Magasin,Paiement mobile,7,60.49,33,4.7,423.43
3401,2024-12-30,Vêtements,Sfax,Magasin,Espèces,3,70.0,39,4.8,210.0
5920,2024-12-30,Sport,Nabeul,En ligne,Carte bancaire,5,101.26,26,4.5,506.3
